<?xml version="1.0" encoding="utf-8" standalone="no" ?>
<wheel xmlns:xsi="http://www.w3.org/2001/XMLSchema-instance" xsi:noNamespaceSchemaLocation="../../../../../../shared/xml/schema/wheel.xsd">
    <brand>LIZARD</brand>
    <name>ORIGINAL GARDENS</name>
    <default>
        <physics radius="0.31" width="0.25" mass="0.028" tireType="offRoad" frictionScale="1.10" maxLongStiffness="0.01" maxLatStiffness="35" maxLatStiffnessLoad="0.8" />
        <tire filename="wheels/wheels.i3d" nodeLeft="1|0" nodeRight="1|0" maxDeformation="0.03" sideDeformOffset="0.994" isCareWheel="true" tireTrackAtlasIndex="1" hasMudMesh="true"/>
        <outerRim filename="wheels/wheels.i3d" nodeLeft="4|0" nodeRight="4|1" />
        <innerRim filename="wheels/wheels.i3d" nodeLeft="3|0" nodeRight="3|1" />
    </default>
</wheel>
