<?xml version="1.0" encoding="utf-8" standalone="no" ?>
<wheel xmlns:xsi="http://www.w3.org/2001/XMLSchema-instance" xsi:noNamespaceSchemaLocation="../../../../../../shared/xml/schema/wheel.xsd">
    <brand>LIZARD</brand>
    <name>LITTLE CLAWS</name>
    <default>
        <physics radius="0.212" width="0.13" mass="0.02" tireType="offRoad" frictionScale="1.10" maxLongStiffness="0.01" maxLatStiffness="35" maxLatStiffnessLoad="0.8" />
        <tire filename="wheels/wheels.i3d" nodeLeft="0|1" nodeRight="0|1" maxDeformation="0.02" sideDeformOffset="0.994" isCareWheel="false" tireTrackAtlasIndex="14" hasMudMesh="true"/>
        <outerRim />
        <innerRim filename="wheels/wheels.i3d" nodeLeft="2|0" nodeRight="2|1" scale="1 1 1"/>
    </default>
</wheel>
