<?xml version="1.0" encoding="utf-8" standalone="no" ?>
<wheel xmlns:xsi="http://www.w3.org/2001/XMLSchema-instance" xsi:noNamespaceSchemaLocation="../../../../../../shared/xml/schema/wheel.xsd">
    <brand>LIZARD</brand>
    <name>LARGE GARDEN</name>
    <default>
        <physics radius="0.212" width="0.165" mass="0.022" tireType="offRoad" frictionScale="1.10" maxLongStiffness="0.01" maxLatStiffness="35" maxLatStiffnessLoad="0.8" />
        <tire filename="wheels/wheels.i3d" nodeLeft="0|2" nodeRight="0|2" maxDeformation="0.02" sideDeformOffset="0.994" isCareWheel="false" tireTrackAtlasIndex="4" hasMudMesh="true"/>
        <outerRim />
        <innerRim filename="wheels/wheels.i3d" nodeLeft="2|0" nodeRight="2|1" scale="1.24 1 1" offset="-0.0025"/>
    </default>
</wheel>
