﻿<?xml version="1.0" encoding="utf-8" standalone="no"?>
<modDesc descVersion="93" xmlns:xsi="http://www.w3.org/2001/XMLSchema-instance" xsi:noNamespaceSchemaLocation="https://validation.gdn.giants-software.com/xml/fs25/modDesc.xsd">
    <author>Giants, Jeffro Mods</author>
    <version>1.0.1.0</version>
    <title>
        <en>Case IH Module Express 635 Edit</en>
    </title>
    <description>
<en><![CDATA[
Case IH Module Express 635 Edit

The CaseIH cotton harvester now has MEGA options!

- Added in wider tire options
---- Wide, Xtra Wide

- Added in more color options interior and exterior
--- Interior: wood grain (oak, cedar), leather, more
------ Internals
------ Internals2
------ Floor/Other
------ Seats

--- Exterior: Matte black, matte gray, more
------ Body Color
------ Body Color 2
------ Body Color Accent
------ Harvester Picker Arms
------ Decal Color

- Added HP options (stock HP left alone)
-----Module Express 635 PLUS at 635hp (45mph)
-----Module Express Xtreme at 1815hp (90mph)

- Window Tint Options:
--- Sides and Back (None, Light, Dark, Limo)
--- Front (Dark strip, Limo Strip, Front Light, Front Dark, Front Limo)

- Harvest Speed Increase to 30mph.
---- Can use cruise control to set a slow speed if desired.

Have fun!
-Jeffro
]]></en>

    </description>
    <iconFilename>store_moduleExpress635.dds</iconFilename>
    <multiplayer supported="true"/>
    <storeItems>
        <storeItem xmlFilename="moduleExpress635.xml"/>
    </storeItems>
</modDesc>