﻿<?xml version="1.0" encoding="utf-8" standalone="no" ?>
<vehicle type="cottonHarvester" xmlns:xsi="http://www.w3.org/2001/XMLSchema-instance" xsi:noNamespaceSchemaLocation="../../../../shared/xml/schema/vehicle.xsd">
    <annotation>Copyright (C) GIANTS Software GmbH, All Rights Reserved.</annotation>

    <storeData>
        <name>Case IH Module Express 635</name>
        <specs>
            <workingWidth>6</workingWidth>
            <power>415</power>
            <maxSpeed>25</maxSpeed>
        </specs>
        <functions>
            <function>$l10n_function_combine</function>
        </functions>
        <storePacks>
            <storePack>STARTER_COTTON</storePack>
        </storePacks>
        <image>store_moduleExpress635.dds</image>
        <price>485000</price>
        <lifetime>600</lifetime>
        <rotation>0</rotation>
        <brand>CASEIH</brand>
        <category>cottonHarvesters</category>
        <shopFoldingState>1</shopFoldingState>
        <shopTranslationOffset>0 0.039 0</shopTranslationOffset>
        <shopRotationOffset>0.225 0 0</shopRotationOffset>
        <vertexBufferMemoryUsage>5671680</vertexBufferMemoryUsage>
        <indexBufferMemoryUsage>1920512</indexBufferMemoryUsage>
        <textureMemoryUsage>2228224</textureMemoryUsage>
        <instanceVertexBufferMemoryUsage>0</instanceVertexBufferMemoryUsage>
        <instanceIndexBufferMemoryUsage>0</instanceIndexBufferMemoryUsage>
        <audioMemoryUsage>408915</audioMemoryUsage>
    </storeData>

    <base>
        <typeDesc>$l10n_typeDesc_harvester</typeDesc>
        <filename>i3d/moduleExpress635.i3d</filename>
        <sounds filename="$data/vehicles/caseIH/moduleExpress635/sounds/moduleExpress635.xml"/>
        <size width="4.3" length="10.35" height="4.45" lengthOffset="0.17"/>
        <speedLimit value="50"/>
        <components>
            <component centerOfMass="0 0.8 1.5" solverIterationCount="15" mass="11030"/>
            <component solverIterationCount="30" mass="10000"/>
            <component solverIterationCount="15" mass="1000"/>
            <component solverIterationCount="15" mass="500"/>
            <joint component1="1" component2="2" node="backAxisJoint" rotLimit="0 0 10" transLimit="0 0 0" maxRotDriveForce="0 0 30" rotDriveRotation="0 0 0" rotDriveSpring="0 0 30" rotDriveDamping="0 0 25" breakable="false"/>
            <joint component1="1" component2="3" node="unloadingDoorJoint" rotLimit="0 0 0" transLimit="0 0 0"/>
            <joint component1="1" component2="4" node="topDoorJoint" rotLimit="0 0 0" transLimit="0 0 0"/>
            <collisionPair component1="3" component2="4" enabled="false"/>
        </components>
        <schemaOverlay attacherJointPosition="0 0" name="HARVESTER"/>
        <mapHotspot type="HARVESTER"/>
    </base>

    <wheels>
        <wheelConfigurations tireCategories="HARVESTER TRACTOR">
            <wheelConfiguration name="$l10n_configuration_valueTwinWheelsFront" price="0" saveId="TWIN_FRONT" numDynamicConfigurations="1">
                <wheels autoRotateBackSpeed="2">
                    <wheel dimensions="650_75R32" isLeft="true" hasTireTracks="true" hasParticles="true" >
                        <physics tipOcclusionAreaGroupId="1" rotSpeed="-1" restLoad="6.2" repr="frontWheelLeft"  forcePointRatio="0.35" frictionScale="2" initialCompression="30" suspTravel="0.15" spring="120" damper="70" yOffset="0.01"/>
                        <additionalWheel configId="dual" offset="0.28">
                            <connector filename="$data/shared/wheels/rims/dual002.i3d" node="0|0|0" useWidthAndDiam="true" width="28"/>
                        </additionalWheel>
                    </wheel>
                    <wheel dimensions="650_75R32" isLeft="false" hasTireTracks="true" hasParticles="true" >
                        <physics tipOcclusionAreaGroupId="1" rotSpeed="-1" restLoad="6.2" repr="frontWheelRight" forcePointRatio="0.35" frictionScale="2" initialCompression="30" suspTravel="0.15" spring="120" damper="70" yOffset="0.01"/>
                        <additionalWheel configId="dual" offset="0.28">
                            <connector filename="$data/shared/wheels/rims/dual002.i3d" node="0|0|0" useWidthAndDiam="true" width="28"/>
                        </additionalWheel>
                    </wheel>
                    <wheel dimensions="540_65R28" isLeft="true" hasTireTracks="true" hasParticles="true" >
                        <physics tipOcclusionAreaGroupId="1" rotSpeed="-1" restLoad="6.3" repr="backAxisLeft"  driveNode="backWheelLeft"  forcePointRatio="0.25" frictionScale="2" initialCompression="30" suspTravel="0.12" spring="165" damper="70"/>
                        <steering node="steeringBar" nodeMinTransX="-0.12" nodeMaxTransX="0.12" />
                    </wheel>
                    <wheel dimensions="540_65R28" isLeft="false" hasTireTracks="true" hasParticles="true" >
                        <physics tipOcclusionAreaGroupId="1" rotSpeed="-1" restLoad="6.3" repr="backAxisRight" driveNode="backWheelRight" forcePointRatio="0.25" frictionScale="2" initialCompression="30" suspTravel="0.12" spring="165" damper="70"/>
                    </wheel>
                </wheels>
            </wheelConfiguration>
            <!-- ========================================== ADDED TIRES ========================================== -->
            <wheelConfiguration name="Wide" price="0" saveId="BROAD" numDynamicConfigurations="1">
                <wheels autoRotateBackSpeed="2">
                    <wheel dimensions="650_75R32" isLeft="true" hasTireTracks="true" hasParticles="true">
                        <physics tipOcclusionAreaGroupId="1" rotSpeed="-1" restLoad="6.2" repr="frontWheelLeft" forcePointRatio="0.35" frictionScale="2" initialCompression="30" suspTravel="0.15" spring="120" damper="70" yOffset="0.01" />
                    </wheel>
                    <wheel dimensions="650_75R32" isLeft="false" hasTireTracks="true" hasParticles="true">
                        <physics tipOcclusionAreaGroupId="1" rotSpeed="-1" restLoad="6.2" repr="frontWheelRight" forcePointRatio="0.35" frictionScale="2" initialCompression="30" suspTravel="0.15" spring="120" damper="70" yOffset="0.01" />
                    </wheel>
                    <wheel dimensions="540_65R28" isLeft="true" hasTireTracks="true" hasParticles="true">
                        <physics tipOcclusionAreaGroupId="1" rotSpeed="-1" restLoad="6.3" repr="backAxisLeft" driveNode="backWheelLeft" forcePointRatio="0.25" frictionScale="2" initialCompression="30" suspTravel="0.12" spring="165" damper="70" />
                        <steering node="steeringBar" nodeMinTransX="-0.12" nodeMaxTransX="0.12" />
                    </wheel>
                    <wheel dimensions="540_65R28" isLeft="false" hasTireTracks="true" hasParticles="true">
                        <physics tipOcclusionAreaGroupId="1" rotSpeed="-1" restLoad="6.3" repr="backAxisRight" driveNode="backWheelRight" forcePointRatio="0.25" frictionScale="2" initialCompression="30" suspTravel="0.12" spring="165" damper="70" />
                    </wheel>
                </wheels>
                <objectChange node="frontWheelLeft"     translationActive="1.64 0.90 1.45"     scaleActive="2.0 1.0 1.0" />
                <objectChange node="frontWheelRight"    translationActive="-1.64 0.90 1.45"    scaleActive="2.0 1.0 1.0" />
                <objectChange node="backWheelLeft"      translationActive="0.50 0.0 0.05"     scaleActive="1.5 1.0 1.0" />
                <objectChange node="backWheelRight"     translationActive="-0.50 0.0 0.05"    scaleActive="1.5 1.0 1.0" />
                <!-- Hubs -->
                <objectChange node="frontWheelLeftHub" translationActive="0.01 0 0"  />
                <objectChange node="frontWheelRightHub" translationActive="-0.01 0 0" />
                <!-- Hubs -->
                <objectChange node="0>0|11|6" visibilityActive="false" visibilityInactive="true" />
            </wheelConfiguration>
            <wheelConfiguration name="Xtra Wide" price="0" saveId="BROAD2" numDynamicConfigurations="1">
                <wheels baseConfig="BROAD" autoRotateBackSpeed="2">
                    <wheel dimensions="650_75R32" />
                    <wheel dimensions="650_75R32" />
                    <wheel dimensions="540_65R28" >
                        <steering node="steeringBar" nodeMinTransX="-0.12" nodeMaxTransX="0.12" />
                    </wheel>
                    <wheel dimensions="540_65R28" />
                </wheels>
                <objectChange node="frontWheelLeft"     translationActive="1.64 0.90 1.45"  scaleActive="2.3 1.0 1.0" />
                <objectChange node="frontWheelRight"    translationActive="-1.64 0.90 1.45" scaleActive="2.3 1.0 1.0" />
                <objectChange node="backWheelLeft"      translationActive="0.50 0.0 0.05"   scaleActive="1.8 1.0 1.0" />
                <objectChange node="backWheelRight"     translationActive="-0.50 0.0 0.05"  scaleActive="1.8 1.0 1.0" />
                <!-- Hubs -->
                <objectChange node="frontWheelLeftHub" translationActive="0.01 0 0" />
                <objectChange node="frontWheelRightHub" translationActive="-0.01 0 0" />
                <!-- Hubs -->
                <objectChange node="0>0|11|6" visibilityActive="false" visibilityInactive="true" />
            </wheelConfiguration>
            <!-- ========================================== END ADDED TIRES ========================================== -->
        </wheelConfigurations>

        <ackermannSteeringConfigurations>
            <ackermannSteering rotSpeed="35" rotMax="65" rotCenter="0 3.0" rotCenterWheel1="1" rotCenterWheel2="2" />
        </ackermannSteeringConfigurations>

        <hubMaterial materialTemplateName="SHARED_BLACK0" />

        <hubs>
            <hub linkNode="frontWheelLeftHub"  filename="$data/shared/wheels/hubs/hub_n10_16.xml" isLeft="true"  scale="0.28 0.28 0.28"/>
            <hub linkNode="frontWheelRightHub" filename="$data/shared/wheels/hubs/hub_n10_16.xml" isLeft="false" scale="0.28 0.28 0.28"/>
            <hub linkNode="backWheelLeft"      filename="$data/shared/wheels/hubs/hub_n10_12.xml" isLeft="true"  scale="0.33 0.33 0.33"/>
            <hub linkNode="backWheelRight"     filename="$data/shared/wheels/hubs/hub_n10_12.xml" isLeft="false" scale="0.33 0.33 0.33"/>
        </hubs>
    </wheels>

    <speedRotatingParts>
        <speedRotatingPart node="backDoorPart02LeftWheel"  radius="0.19" groundReferenceNodeIndex="2" speedReferenceNode="backDoorPart02SpeedRef"/>
        <speedRotatingPart node="backDoorPart02RightWheel" radius="0.19" groundReferenceNodeIndex="3" speedReferenceNode="backDoorPart02SpeedRef"/>
    </speedRotatingParts>

    <enterable isTabbable="true" >
        <enterReferenceNode node="enterReferenceNode" />
        <exitPoint node="exitPoint" />

        <cameras>
            <camera node="outdoorCamera" rotatable="true" rotateNode="outdoorCameraTarget" limit="true" useWorldXZRotation="true" rotMinX="-1.4" rotMaxX="1" transMin="6.6" transMax="40" translation="0 0 11.1" rotation="-20 180 0">
                <raycastNode node="cameraRaycastNode1"/>
                <raycastNode node="cameraRaycastNode2"/>
                <raycastNode node="cameraRaycastNode3"/>
            </camera>
            <camera node="indoorCamera" rotation="-25 180 0" rotatable="true" limit="true" rotMinX="-1.1" rotMaxX="0.4" transMin="0" transMax="0" useMirror="true" isInside="true" shadowFocusBox="shadowFocusBox" suspensionNodeIndex="1"/>
        </cameras>

        <mirrors>
            <mirror node="mirrorLeftDecal"    prio="1" />
            <mirror node="mirrorRightDecal"   prio="1" />
        </mirrors>

        <characterNode node="playerSkin" cameraMinDistance="0.5" >
            <target ikChain="rightFoot" targetNode="playerRightFootTarget" />
            <target ikChain="leftFoot"  targetNode="playerLeftFootTarget" />
            <target ikChain="rightArm"  targetNode="playerRightHandTarget" poseId="wideFingers"/>
            <target ikChain="leftArm"   targetNode="playerLeftHandTarget" />
        </characterNode>

        <characterTargetNodeModifier node="playerRightFootTarget" transitionTime="0.1" >
            <state node="playerRightFootTargetBrake" referenceNode="brakePedal" />
        </characterTargetNodeModifier>
    </enterable>

    <motorized>
        <consumerConfigurations>
            <consumerConfiguration>
                <consumer fillUnitIndex="2" usage="207" fillType="diesel" />  <!-- usage is per hour at max load and max rpm -->
            </consumerConfiguration>
        </consumerConfigurations>

       <differentialConfigurations>
            <differentialConfiguration>
                <differentials>
                    <differential torqueRatio="0.5" maxSpeedRatio="2.6" wheelIndex1="1" wheelIndex2="2" />
                    <differential torqueRatio="0.5" maxSpeedRatio="1.5" wheelIndex1="3" wheelIndex2="4" />
                    <differential torqueRatio="0.5" maxSpeedRatio="1.8" differentialIndex1="1" differentialIndex2="2" /> <!-- front-back -->
                </differentials>
            </differentialConfiguration>
        </differentialConfigurations>

        <motorConfigurations>
            <motorConfiguration name="Module Express 635" hp="415">
                <motor torqueScale="1.752" minRpm="850" maxRpm="2200" minSpeed="0.01" maxForwardSpeed="25" maxBackwardSpeed="12" brakeForce="14" lowBrakeForceScale="0.1" accelerationLimit="1.7" dampingRateScale="1.8">
                    <torque normRpm="0.45" torque="0.9"/>
                    <torque normRpm="0.5" torque="0.97"/>
                    <torque normRpm="0.59" torque="1"/>
                    <torque normRpm="0.72" torque="1"/>
                    <torque normRpm="0.86" torque="0.88"/>
                    <torque normRpm="1" torque="0.72"/>
                </motor>
                <transmission minForwardGearRatio="33" maxForwardGearRatio="320" minBackwardGearRatio="55" maxBackwardGearRatio="320" name="$l10n_info_transmission_cvt"/>
            </motorConfiguration>
            <!-- ==================================== Added Options ==================================== -->
            <motorConfiguration name="Module Express 635 PLUS" hp="635">
                <motor torqueScale="2.752" minRpm="850" maxRpm="3200" minSpeed="0.01" maxForwardSpeed="73" maxBackwardSpeed="12" brakeForce="24" lowBrakeForceScale="0.1" accelerationLimit="1.7" dampingRateScale="1.8">
                    <torque normRpm="0.45" torque="0.9" />
                    <torque normRpm="0.5" torque="0.97" />
                    <torque normRpm="0.59" torque="1" />
                    <torque normRpm="0.72" torque="1" />
                    <torque normRpm="0.86" torque="0.88" />
                    <torque normRpm="1" torque="0.72" />
                </motor>
                <transmission minForwardGearRatio="8.3" maxForwardGearRatio="320" minBackwardGearRatio="55" maxBackwardGearRatio="320" name="$l10n_info_transmission_cvt" />
            </motorConfiguration>
            <motorConfiguration name="Module Express Xtreme" hp="1815">
                <motor torqueScale="6.752" minRpm="850" maxRpm="3200" minSpeed="0.01" maxForwardSpeed="145" maxBackwardSpeed="12" brakeForce="44" lowBrakeForceScale="0.1" accelerationLimit="1.7" dampingRateScale="1.8">
                    <torque normRpm="0.45" torque="0.9" />
                    <torque normRpm="0.5" torque="2.97" />
                    <torque normRpm="0.59" torque="3.5" />
                    <torque normRpm="0.72" torque="5" />
                    <torque normRpm="0.86" torque="1.88" />
                    <torque normRpm="1" torque="0.72" />
                </motor>
                <transmission minForwardGearRatio="8.3" maxForwardGearRatio="320" minBackwardGearRatio="55" maxBackwardGearRatio="320" name="$l10n_info_transmission_cvt" />
            </motorConfiguration>
            <!-- ==================================== Added Options ==================================== -->
        </motorConfigurations>

        <exhaustEffects>
            <exhaustEffect node="exhaustParticle" filename="$data/effects/exhaust/exhaust.i3d" minRpmColor="0.9 0.9 0.9 0.1" maxRpmColor="0.9 0.9 0.9 0.4" minRpmScale="0.05" maxRpmScale="0.5" />
        </exhaustEffects>

        <brakeCompressor capacity="10000" fillSpeed="100" />
        <motorStartDuration>3300</motorStartDuration>

        <animationNodes>
            <animationNode node="airFilter" rotAxis="3" rotSpeed="600" turnOnFadeTime="4" turnOffFadeTime="3"/>
        </animationNodes>

        <dashboards>
            <dashboard displayType="NUMBER" valueType="rpm"   numbers="numbersRpm"  numberColor="0.01 0.01 0.01 1" precision="0" font="GENERIC" groups="MOTOR_ACTIVE"/>
            <dashboard displayType="NUMBER" valueType="speed" numbers="numbersSpeed01" numberColor="0.09 0.09 0.09 1" precision="1" font="GENERIC" groups="MOTOR_ACTIVE"/>
            <dashboard displayType="NUMBER" valueType="speed" numbers="numbersSpeed02" numberColor="0.01 0.01 0.01 1" precision="1" font="GENERIC" groups="MOTOR_ACTIVE"/>
            <dashboard displayType="NUMBER" valueType="fuelUsage" numbers="numbersFuelUsage" numberColor="0.01 0.01 0.01 1" precision="1" font="GENERIC" groups="MOTOR_ACTIVE"/>
            <dashboard displayType="NUMBER" valueType="motorTemperature" numbers="numbersTemperature" numberColor="0.01 0.01 0.01 1" precision="1" font="GENERIC" groups="MOTOR_ACTIVE"/>
            <dashboard displayType="ROT"    valueType="motorTemperature" node="needleTemperatur" minRot="0 0 0" maxRot="-170 0 0" groups="MOTOR_ACTIVE"/>
            <dashboard displayType="ANIMATION" valueType="speedDir" animName="joystickMovement" groups="MOTOR_ACTIVE"/>
            <dashboard displayType="MULTI_STATE" valueType="ignitionState" node="ignitionKey" doInterpolation="true" groups="MOTOR_ACTIVE">
                <state value="0" rotation="0 0 0"/>
                <state value="1" rotation="0 0 -90"/>
                <state value="2" rotation="0 0 -30"/>
            </dashboard>
        </dashboards>
    </motorized>

    <drivable>
        <steeringWheel node="steeringWheel" indoorRotation="540" outdoorRotation="30" />

        <dashboards>
            <dashboard displayType="ROT"  valueType="decelerationAxis" node="brakePedal" minRot="0 0 0" maxRot="14 0 0" doInterpolation="true" groups="MOTOR_ACTIVE"/>
        </dashboards>
    </drivable>

    <powerConsumer ptoRpm="470" neededMaxPtoPower="150"/>

    <lights>
        <sharedLight linkNode="rearLightSquare_01Orange01" filename="$data/shared/assets/lights/lizard/rearLight27Orange_right.xml"/>
        <sharedLight linkNode="rearLightSquare_01Orange02" filename="$data/shared/assets/lights/lizard/rearLight27Orange_left.xml"/>

        <states>
            <state lightTypes="0" />
            <state lightTypes="0 1" />
            <state lightTypes="0 1 2" />
        </states>

        <realLights>
            <low>
                <light node="frontLightLow"        lightTypes="0" excludedLightTypes="2 3" />
                <light node="workLightBackLow"     lightTypes="1"/>
                <light node="workLightFrontLow"    lightTypes="2"/>
                <light node="highBeamLow"          lightTypes="3" />
            </low>
            <high>
                <light node="frontLightHigh"       lightTypes="0" excludedLightTypes="3" />
                <light node="workLightBackHigh"    lightTypes="1"/>
                <light node="workLightFrontHigh"   lightTypes="2"/>
                <light node="workLightSideLeft"    lightTypes="1"/>
                <light node="workLightSideRight"   lightTypes="2"/>
                <light node="highBeamHigh"         lightTypes="3"/>
                <light node="backLightsHigh"       lightTypes="0"/>
                <brakeLight node="backLightsHigh" />
                <turnLightLeft node="turnLightLeftBack" />
                <turnLightLeft node="turnLightLeftFront" />
                <turnLightRight node="turnLightRightBack" />
                <turnLightRight node="turnLightRightFront" />
                <interiorLight node="interiorScreenLight"/>
            </high>
        </realLights>

        <staticLightCompounds>
            <staticLightCompound>
                <node node="moduleExpress635Lights01_static" intensity="5"/>
                <node node="moduleExpress635LightsGlass01_static" intensity="1"/>
                <node node="moduleExpress635Lights02_static" intensity="5"/>
                <node node="moduleExpress635LightsGlass02_static" intensity="1"/>
                <node node="moduleExpress635Lights03_static" intensity="5"/>
                <node node="moduleExpress635LightsGlass03_static" intensity="1"/>
                <node node="moduleExpress635LightsBack_static" intensity="5"/>
                <node node="moduleExpress635LightsGlassBack_static" intensity="1"/>
            </staticLightCompound>
        </staticLightCompounds>

        <dashboards>
            <dashboard displayType="EMITTER" valueType="lightState" node="cabinDecalsLightUp" baseColor="GREY" emitColor="GREY" intensity="0.1" lightTypes="0 1 2 3" groups="MOTOR_ACTIVE"/>
            <dashboard displayType="EMITTER" valueType="lightState" node="seatDecalsLightUp" baseColor="GREY" emitColor="GREY" intensity="0.1" lightTypes="0 1 2 3" groups="MOTOR_ACTIVE"/>
        </dashboards>
    </lights>

    <fillUnit>
        <fillUnitConfigurations >
            <fillUnitConfiguration >
                <fillUnits allowFoldingWhileFilled="false" allowFoldingThreshold="1999">
                    <fillUnit unitTextOverride="$l10n_unit_literShort" fillTypes="cotton" capacity="20000" />
                    <fillUnit unitTextOverride="$l10n_unit_literShort" showOnHud="false" showInShop="false" fillTypes="diesel" capacity="757">
                        <dashboard displayType="ROT" valueType="fillLevel" node="needleFuel" minRot="0 0 0" maxRot="-170 0 0" groups="MOTOR_ACTIVE" />
                        <exactFillRootNode node="exactFillRootNodeFuel" />
                    </fillUnit>
                </fillUnits>
            </fillUnitConfiguration>
            <!-- <fillUnitConfiguration name="40000 Liters" >
                <fillUnits allowFoldingWhileFilled="false" allowFoldingThreshold="1999">
                    <fillUnit unitTextOverride="$l10n_unit_literShort" fillTypes="cotton" capacity="40000" updateMass="false" />
                    <fillUnit unitTextOverride="$l10n_unit_literShort" showOnHud="false" showInShop="false" fillTypes="diesel" capacity="757">
                        <dashboard displayType="ROT" valueType="fillLevel" node="needleFuel" minRot="0 0 0" maxRot="-170 0 0" groups="MOTOR_ACTIVE" />
                        <exactFillRootNode node="exactFillRootNodeFuel" />
                    </fillUnit>
                </fillUnits>
            </fillUnitConfiguration>
            <fillUnitConfiguration name="80000 Liters" >
                <fillUnits allowFoldingWhileFilled="false" allowFoldingThreshold="1999">
                    <fillUnit unitTextOverride="$l10n_unit_literShort" fillTypes="cotton" capacity="80000" updateMass="false" />
                    <fillUnit unitTextOverride="$l10n_unit_literShort" showOnHud="false" showInShop="false" fillTypes="diesel" capacity="757">
                        <dashboard displayType="ROT" valueType="fillLevel" node="needleFuel" minRot="0 0 0" maxRot="-170 0 0" groups="MOTOR_ACTIVE" />
                        <exactFillRootNode node="exactFillRootNodeFuel" />
                    </fillUnit>
                </fillUnits>
            </fillUnitConfiguration> -->
        </fillUnitConfigurations>
    </fillUnit>

    <workAreas>
        <workArea type="cutter" functionName="processCutterArea" >
            <area startNode="workAreaCutterStart" widthNode="workAreaCutterWidth" heightNode="workAreaCutterHeight" />
            <groundReferenceNode index="1"/>
        </workArea>
    </workAreas>

    <groundReferenceNodes>
        <groundReferenceNode node="groundReferenceNode" threshold="0.55" />
        <groundReferenceNode node="backDoorPart02LeftWheelGroundRef" threshold="0.24" onlyActiveWhenLowered="false"/>
        <groundReferenceNode node="backDoorPart02RightWheelGroundRef" threshold="0.24" onlyActiveWhenLowered="false"/>
    </groundReferenceNodes>

    <cutter fruitTypes="cotton" />

    <combine fillUnitIndex="1" allowThreshingDuringRain="false">
        <swath available="false"/>
        <chopper available="false"/>

        <fillEffect>
            <effectNode effectClass="ParticleEffect" effectNode="loadingEmitter01" particleType="LOADING" lifespan="0.9" worldSpace="false"/>
            <effectNode effectClass="ParticleEffect" effectNode="loadingEmitter02" particleType="LOADING" lifespan="0.7" worldSpace="false"/>
        </fillEffect>

        <folding allowWhileThreshing="false" />

        <animationNodes>
            <animationNode node="pickerDrum01" rotSpeed="700" rotAxis="2" turnOnFadeTime="4" turnOffFadeTime="3" />
            <animationNode node="pickerDrum02" rotSpeed="700" rotAxis="2" turnOnFadeTime="4" turnOffFadeTime="3" />
            <animationNode node="pickerDrum03" rotSpeed="700" rotAxis="2" turnOnFadeTime="4" turnOffFadeTime="3" />
            <animationNode node="pickerDrum04" rotSpeed="700" rotAxis="2" turnOnFadeTime="4" turnOffFadeTime="3" />
            <animationNode node="pickerDrum05" rotSpeed="700" rotAxis="2" turnOnFadeTime="4" turnOffFadeTime="3" />
            <animationNode node="pickerDrum06" rotSpeed="700" rotAxis="2" turnOnFadeTime="4" turnOffFadeTime="3" />
            <animationNode node="cottonAuger01" rotSpeed="400" rotAxis="3" turnOnFadeTime="4" turnOffFadeTime="3" />
            <animationNode node="cottonAuger02" rotSpeed="400" rotAxis="3" turnOnFadeTime="4" turnOffFadeTime="3" />
            <animationNode node="cottonAuger03" rotSpeed="400" rotAxis="3" turnOnFadeTime="4" turnOffFadeTime="3" />
        </animationNodes>
    </combine>

    <baler maxPickupLitersPerSecond="350" canUnloadUnfinishedBale="true">
        <baleTypes>
            <baleType isRoundBale="false" width="2.44" height="2.44" length="4.88">
                <nodes baleRootNode="baleNode" baleNode="baleNode" scaleNode="baleAnimNode" scaleComponents="0 1 0" />
                <animations unloadAnimation="unloadBale" dropAnimationTime="5"/>
            </baleType>
        </baleTypes>

        <baleAnimation closeAnimationName="closeDoor" />

        <compactingAnimation name="compactingAnimation" interval="30" compactTime="5" speed="1" minFillLevelTime="1.8" maxFillLevelTime="0" />

        <unloadAnimationNodes>
            <animationNode node="chamberChains"        class="ScrollingAnimation"  shaderParameterName="offsetUV" scrollSpeed="-1" shaderParameterComponent="2" turnOnFadeTime="1" turnOffFadeTime="1"/>
            <animationNode node="backDoorPart02Chains" class="ScrollingAnimation"  shaderParameterName="offsetUV" scrollSpeed="1" shaderParameterComponent="2" turnOnFadeTime="1" turnOffFadeTime="1"/>

            <animationNode node="chamberChainDrive01"        rotSpeed="-400" rotAxis="1" turnOnFadeTime="1" turnOffFadeTime="1" />
            <animationNode node="chamberChainDrive02"        rotSpeed="-400" rotAxis="1" turnOnFadeTime="1" turnOffFadeTime="1" />
            <animationNode node="backDoorPart02ChainDrive01" rotSpeed="-400" rotAxis="1" turnOnFadeTime="1" turnOffFadeTime="1" />
            <animationNode node="backDoorPart02ChainDrive02" rotSpeed="-400" rotAxis="1" turnOnFadeTime="1" turnOffFadeTime="1" />
        </unloadAnimationNodes>
    </baler>

    <foldable>
        <foldingConfigurations>
            <foldingConfiguration>
                <foldingParts startMoveDirection="1" foldMiddleAnimTime="0.125">
                    <foldingPart animationName="folding" speedScale="1.0" />
                </foldingParts>
            </foldingConfiguration>
        </foldingConfigurations>
    </foldable>

    <wipers>
        <wiper animName="wiperFrontAnimation" >
            <state animSpeed="0.75" animPause="2.0" />
            <state animSpeed="0.75" animPause="0.0" />
            <state animSpeed="1.10" animPause="0.0" />
        </wiper>
    </wipers>

    <animations>
        <animation name="joystickMovement" isKeyframe="true">
            <part node="joystick" startTime="0"    endTime="0.8" startRot="-31.46 2.374 3.873" endRot="-17.475 2.374 3.873" />
            <part node="joystick" startTime="0.8"  endTime="1.2" startRot="-17.475 2.374 3.873" endRot="-17.617 0.69 -1.45" />
            <part node="joystick" startTime="1.2"  endTime="2.0"   startRot="-17.617 0.69 -1.45" endRot="0 0 0" />
        </animation>

        <animation name="wiperFrontAnimation" isKeyframe="true">
            <part node="wiperArm01" startTime="0" endTime="0.6" startRot="0 0 -15" endRot="0 0 65" />
            <part node="wiper" startTime="0" endTime="0.6" startRot="0 0 15" endRot="0 0 -65" />

            <sound template="wiper1" startTime="0" endTime="0.6" direction="1"   volumeScale="0.7" pitchScale="1.0" fadeOut="0.1" linkNode="wiper"/>
            <sound template="wiper2" startTime="0" endTime="0.6" direction="-1"  volumeScale="0.7" pitchScale="1.0" fadeOut="0.1" linkNode="wiper"/>
        </animation>

        <animation name="folding" soundVolumeFactor="1.5">
            <part node="lowerPickerArm" startTime="0" endTime="1" startRot="0 0 0" endRot="-15 0 0" />
            <part node="upperAirPipeMover" startTime="1" endTime="3" startTrans="0 0 0" endTrans="0 -1.084 0" />
            <part node="moduleChamberUpperPart" startTime="4" endTime="8" startTrans="0 0 0" endTrans="0 -1.097 0" />
            <part startTime="1.1" endTime="4" dependentAnimation="compactingAnimation" dependentAnimationStartTime="0" dependentAnimationEndTime="1"/>

            <sound template="hydraulicOpen02"        startTime="4.01"  endTime="7.99"  volumeScale="1.8" pitchScale="0.9"  linkNode="moduleChamberUpperPart"/>
            <sound template="hydraulicClose01"       startTime="4.01"  endTime="7.99"  volumeScale="2.5" pitchScale="0.6"  linkNode="moduleChamberUpperPart"/>
            <sound template="cylinderPunch"          startTime="7.99"  direction="1"   volumeScale="1.0" pitchScale="0.7"  linkNode="moduleChamberUpperPart"/>
            <sound template="metalLowVar2"           startTime="7.95"  direction="1"   volumeScale="5.2" pitchScale="1.2"  linkNode="moduleChamberUpperPart"/>
            <sound template="metalClose"             startTime="7.95"  direction="1"   volumeScale="4.2" pitchScale="0.8"  linkNode="moduleChamberUpperPart"/>
            <sound template="hingeImp"               startTime="7.85"  direction="1"   volumeScale="1.2" pitchScale="0.8"  linkNode="moduleChamberUpperPart"/>
            <sound template="cylinderPunch"          startTime="4.01"  direction="-1"  volumeScale="0.5" pitchScale="0.7"  linkNode="moduleChamberUpperPart"/>
            <sound template="metalLowVar2"           startTime="4.01"  direction="-1"  volumeScale="3.0" pitchScale="1.4"  linkNode="moduleChamberUpperPart"/>
            <sound template="metalClose"             startTime="4.01"  direction="-1"  volumeScale="2.0" pitchScale="0.5"  linkNode="moduleChamberUpperPart"/>
            <sound template="hydraulicOpen04"        startTime="0.01"  endTime="2.99"  volumeScale="0.7" pitchScale="0.8"  linkNode="upperAirPipeMover"/>
            <sound template="metalClose"             startTime="1.01"  direction="-1"  volumeScale="1.0" pitchScale="1.1"  linkNode="upperAirPipeMover"/>
            <sound template="metalLowVar2"           startTime="1.01"  direction="-1"  volumeScale="4.0" pitchScale="1.1"  linkNode="upperAirPipeMover"/>
            <sound template="metalLowVar2"           startTime="2.99"  direction="1"   volumeScale="3.0" pitchScale="1.5"  linkNode="upperAirPipeMover"/>
            <sound template="hydraulicClose02"       startTime="0.99"  endTime="3.99"  volumeScale="2.8" pitchScale="1.2"  linkNode="cottonPusher"/>
            <sound template="hydraulicOpen06"        startTime="0.01"  endTime="0.99"  direction="-1"    volumeScale="1.5" pitchScale="0.6" fadeIn="0.1" fadeOut="0.1"/>
            <sound template="hydraulicClose01"       startTime="0.01"  endTime="0.99"  direction="1"     volumeScale="2.5" pitchScale="0.6" fadeIn="0.1" fadeOut="0.1"/>
            <sound template="vibratingImp"           startTime="0.01"  direction="-1"  volumeScale="1.4" pitchScale="0.8" />
            <sound template="clackVar4"              startTime="0.01"  direction="-1"  volumeScale="1.8" pitchScale="0.5" />
            <sound template="vibratingImp"           startTime="0.99"  direction="1"   volumeScale="1.4" pitchScale="0.8" />
            <sound template="foldStartMed02"         startTime="0.99"  direction="1"   volumeScale="3.4" pitchScale="0.7" />
        </animation>

        <animation name="compactingAnimation" soundVolumeFactor="1.5">
            <part node="cottonPusher" startTime="0" endTime="5" startTrans="0 2.923 2.038" endTrans="0 1.677 2.038" />

            <sound template="hydraulicClose01" startTime="0.01"  endTime="4.99"  volumeScale="2.5" pitchScale="0.9" linkNode="cottonPusher" fadeIn="0.1" fadeOut="0.1"/>
        </animation>

        <animation name="unloadBale" soundVolumeFactor="0.9">
            <part node="moduleChamber"      startTime="0" endTime="4" startRot="0 0 0" endRot="-22 0 0" />
            <part node="backDoorPart01"     startTime="0" endTime="6" startRot="0 0 0" endRot="-90 0 0" />
            <part node="unloadingDoorJoint" startTime="0" endTime="5" startRot="0 0 0" endRot="180 0 0" />
            <part                           startTime="1" endTime="5" componentJointIndex="2" startRotLimit="0 0 0" endRotLimit="65 0 0"/>

            <part node="topDoorJoint" startTime="0" endTime="2" startRot="0 0 0" endRot="45 0 0" />
            <part                     startTime="0.2" endTime="2" componentJointIndex="3" startRotLimit="0 0 0" endRotLimit="45 0 0"/>

            <part node="balePusher" startTime="6" endTime="14.99" startTrans="0 0.845 4.740" endTrans="0 0.845 -5" startRot="0 0 0" endRot="20 0 0"/>
            <part node="balePusher" startTime="14.99" endTime="15" startTrans="0 0.845 -5" endTrans="0 0.845 4.740" startRot="20 0 0" endRot="0 0 0"/>

            <sound template="hydraulicOpen02"  startTime="0.01" endTime="3.99"  volumeScale="7.8" pitchScale="0.6" />
            <sound template="hydraulicClose01" startTime="0.01" endTime="5.99"  volumeScale="7.2" pitchScale="0.8" />
            <sound template="hydraulicClose01" startTime="0.01" endTime="3.99"  volumeScale="1.6" pitchScale="0.9" />
            <sound template="metalOpen"        startTime="0.01" direction="1"  volumeScale="5.5"  pitchScale="0.6" linkNode="backDoorPart01"/>
            <sound template="metalLowVar2"     startTime="3.99" direction="1"  volumeScale="5.2"  pitchScale="1.5" />
            <sound template="vibratingImp"     startTime="6" direction="1"  volumeScale="2.2"  pitchScale="1.1" />
            <sound template="metalImpHigh01"     startTime="6" direction="1"  volumeScale="1.2"  pitchScale="1.1" />
        </animation>
        <animation name="closeDoor" resetOnStart="false" soundVolumeFactor="1.5">
            <part node="moduleChamber"      startTime="2" endTime="5" startRot="-22 0 0" endRot="0 0 0" />
            <part node="backDoorPart01"     startTime="0" endTime="6" startRot="-90 0 0" endRot="0 0 0" />
            <part node="unloadingDoorJoint" startTime="0" endTime="6" startRot="180 0 0" endRot="0 0 0" />
            <part                           startTime="1" endTime="6" componentJointIndex="2" startRotLimit="90 0 0" endRotLimit="0 0 0"/>

            <part node="topDoorJoint" startTime="0" endTime="2" startRot="45 0 0" endRot="0 0 0" />
            <part                     startTime="0" endTime="2" componentJointIndex="3" startRotLimit="45 0 0" endRotLimit="0 0 0"/>

            <sound template="hydraulicOpen02"  startTime="1.99"  endTime="4.99" volumeScale="2.8" pitchScale="0.7" />
            <sound template="hydraulicOpen04"  startTime="1.99"  endTime="4.99" volumeScale="3.2" pitchScale="0.6" />
            <sound template="hydraulicClose01" startTime="0.01"  endTime="5.99" volumeScale="4.6" pitchScale="0.7" />
            <sound template="cylinderPunch"    startTime="4.99"  direction="1"  volumeScale="0.9" pitchScale="0.7" />
            <sound template="metalLowVar2"     startTime="4.99"  direction="1"  volumeScale="6.0" pitchScale="1.4" />
            <sound template="metalClose"       startTime="4.99"  direction="1"  volumeScale="5.3" pitchScale="0.5" />
            <sound template="clackVar1"        startTime="5.99"  direction="1"  volumeScale="1.5" pitchScale="1.3" />
            <sound template="metalClose"       startTime="5.99"  direction="1"  volumeScale="2.5" pitchScale="0.8" />
        </animation>
    </animations>

    <cylindered>
        <movingTools>
            <movingTool node="moduleChamber" playSound="true">
                <componentJoint index="2" />
                <componentJoint index="3" />
                <dependentPart node="moduleChamberHydraulic" />
            </movingTool>
            <movingTool node="backDoorPart01" playSound="true">
                <componentJoint index="2" />
                <dependentPart node="backDoorPart01Hydraulic" />
            </movingTool>
            <movingTool node="unloadingDoorJoint" playSound="true">
                <componentJoint index="2" />
            </movingTool>
            <movingTool node="topDoorJoint" playSound="true">
                <componentJoint index="3" />
            </movingTool>
            <movingTool node="moduleChamberUpperPart" playSound="true">
                <componentJoint index="3" />
                <dependentPart node="cottonPusherCover01" />
                <dependentPart node="cottonPusherCover02" />
            </movingTool>
            <movingTool node="wiperArm01">
                <dependentPart node="wiperArm02" />
            </movingTool>

            <movingTool node="upperAirPipeMover">
                <dependentPart node="upperAirPipe01" />
                <dependentPart node="upperAirPipe02" />
                <dependentPart node="upperAirPipe03" />
                <dependentPart node="upperAirPipe04" />
                <dependentPart node="upperAirPipe05" />
                <dependentPart node="upperAirPipe06" />
                <dependentPart node="upperAirPipe07" />
                <dependentPart node="lowerPipeJoint01" />
                <dependentPart node="lowerPipeJoint02" />
                <dependentPart node="lowerPipeJoint03" />
                <dependentPart node="lowerPipeJoint04" />
                <dependentPart node="lowerPipeJoint05" />
                <dependentPart node="lowerPipeJoint06" />
                <dependentPart node="lowerPipeJoint07" />
                <dependentPart node="lowerPipeJoint08" />
                <dependentPart node="lowerPipeJoint09" />
                <dependentPart node="lowerPipeJoint10" />
            </movingTool>

            <movingTool node="lowerPickerArm" playSound="true">
                <dependentPart node="lowerPickerArmHydraulics" />
                <dependentPart node="pickerUnit" />
                <dependentPart node="airPipe01" />
                <dependentPart node="airPipe02" />
                <dependentPart node="airPipe03" />
                <dependentPart node="airPipe04" />
                <dependentPart node="airPipe05" />
                <dependentPart node="airPipe06" />
                <dependentPart node="airPipe07" />
                <dependentPart node="airPipe08" />
                <dependentPart node="airPipe09" />
                <dependentPart node="airPipe10" />
                <dependentPart node="lowerPipeJoint01" />
                <dependentPart node="lowerPipeJoint02" />
                <dependentPart node="lowerPipeJoint03" />
                <dependentPart node="lowerPipeJoint04" />
                <dependentPart node="lowerPipeJoint05" />
                <dependentPart node="lowerPipeJoint06" />
                <dependentPart node="lowerPipeJoint07" />
                <dependentPart node="lowerPipeJoint08" />
                <dependentPart node="lowerPipeJoint09" />
                <dependentPart node="lowerPipeJoint10" />
                <dependentPart node="railChain01" />
                <dependentPart node="railChain02" />
            </movingTool>
            <movingTool node="upperPickerArmMounting" playSound="true">
                <dependentPart node="upperPickerArmMountingHydraulics" />
                <dependentPart node="pickerUnit" />
            </movingTool>

            <movingTool node="cottonPusher" playSound="true">
                <dependentPart node="cottonPusherCover01" />
                <dependentPart node="cottonPusherCover02" />
                <dependentPart node="cottonPusherSensor01" />
                <dependentPart node="cottonPusherSensor02" />
            </movingTool>
        </movingTools>

        <movingParts>
            <movingPart node="pickerUnit" localReferencePoint="upperPickerArm" referencePoint="upperPickerArmRef" referenceFrame="pickerUnitRefFrame">
                <dependentPart node="upperPickerArm" />
            </movingPart>
            <movingPart node="upperPickerArm" referencePoint="upperPickerArmRef" referenceFrame="upperPickerArmRef"/>
            <movingPart node="wiperArm02" referencePoint="wiperArm02Ref" referenceFrame="wiperArm02Ref"/>

            <movingPart node="lowerPickerArmHydraulics" referencePoint="lowerPickerArmHydraulicsRef" referenceFrame="lowerPickerArmHydraulicsRef">
                <translatingPart node="lowerPickerArmHydraulicsPunch" />
            </movingPart>
            <movingPart node="upperPickerArmMountingHydraulics" referencePoint="upperPickerArmMountingHydraulicsRef" referenceFrame="upperPickerArmMountingHydraulicsRef">
                <translatingPart node="upperPickerArmMountingHydraulicsPunch" />
            </movingPart>

            <movingPart node="airPipe01" referencePoint="airPipe01Ref" referenceFrame="airPipe01Ref">
                <translatingPart node="airPipe01Part" />
            </movingPart>
            <movingPart node="airPipe02" referencePoint="airPipe02Ref" referenceFrame="airPipe02Ref">
                <translatingPart node="airPipe02Part" />
            </movingPart>
            <movingPart node="airPipe03" referencePoint="airPipe03Ref" referenceFrame="airPipe03Ref">
                <translatingPart node="airPipe03Part" />
            </movingPart>
            <movingPart node="airPipe04" referencePoint="airPipe04Ref" referenceFrame="airPipe04Ref">
                <translatingPart node="airPipe04Part" />
            </movingPart>
            <movingPart node="airPipe05" referencePoint="airPipe05Ref" referenceFrame="airPipe05Ref">
                <translatingPart node="airPipe05Part" />
            </movingPart>
            <movingPart node="airPipe06" referencePoint="airPipe06Ref" referenceFrame="airPipe06Ref">
                <translatingPart node="airPipe06Part" />
            </movingPart>
            <movingPart node="airPipe07" referencePoint="airPipe07Ref" referenceFrame="airPipe07Ref">
                <translatingPart node="airPipe07Part" />
            </movingPart>
            <movingPart node="airPipe08" referencePoint="airPipe08Ref" referenceFrame="airPipe08Ref">
                <translatingPart node="airPipe08Part" />
            </movingPart>
            <movingPart node="airPipe09" referencePoint="airPipe09Ref" referenceFrame="airPipe09Ref">
                <translatingPart node="airPipe09Part" />
            </movingPart>
            <movingPart node="airPipe10" referencePoint="airPipe10Ref" referenceFrame="airPipe10Ref">
                <translatingPart node="airPipe10Part" />
            </movingPart>

            <movingPart node="upperAirPipe01" referencePoint="upperAirPipe01Ref" referenceFrame="upperAirPipe01Ref">
                <translatingPart node="upperAirPipe01Part" />
            </movingPart>
            <movingPart node="upperAirPipe02" referencePoint="upperAirPipe02Ref" referenceFrame="upperAirPipe02Ref">
                <translatingPart node="upperAirPipe02Part" />
            </movingPart>
            <movingPart node="upperAirPipe03" referencePoint="upperAirPipe03Ref" referenceFrame="upperAirPipe03Ref">
                <translatingPart node="upperAirPipe03Part" />
            </movingPart>
            <movingPart node="upperAirPipe04" referencePoint="upperAirPipe04Ref" referenceFrame="upperAirPipe04Ref">
                <translatingPart node="upperAirPipe04Part" />
            </movingPart>
            <movingPart node="upperAirPipe05" referencePoint="upperAirPipe05Ref" referenceFrame="upperAirPipe05Ref">
                <translatingPart node="upperAirPipe05Part" />
            </movingPart>
            <movingPart node="upperAirPipe06" referencePoint="upperAirPipe06Ref" referenceFrame="upperAirPipe06Ref">
                <translatingPart node="upperAirPipe06Part" />
            </movingPart>
            <movingPart node="upperAirPipe07" referencePoint="upperAirPipe07Ref" referenceFrame="upperAirPipe07Ref">
                <translatingPart node="upperAirPipe07Part" />
            </movingPart>

            <movingPart node="lowerPipeJoint01" referencePoint="lowerPipeJoint01Ref" referenceFrame="lowerPipeJoint01Ref" limitedAxis="1"/>
            <movingPart node="lowerPipeJoint02" referencePoint="lowerPipeJoint02Ref" referenceFrame="lowerPipeJoint02Ref" limitedAxis="1"/>
            <movingPart node="lowerPipeJoint03" referencePoint="lowerPipeJoint03Ref" referenceFrame="lowerPipeJoint03Ref" limitedAxis="1"/>
            <movingPart node="lowerPipeJoint04" referencePoint="lowerPipeJoint04Ref" referenceFrame="lowerPipeJoint04Ref" limitedAxis="1"/>
            <movingPart node="lowerPipeJoint05" referencePoint="lowerPipeJoint05Ref" referenceFrame="lowerPipeJoint05Ref" limitedAxis="1"/>
            <movingPart node="lowerPipeJoint06" referencePoint="lowerPipeJoint06Ref" referenceFrame="lowerPipeJoint06Ref" limitedAxis="1"/>
            <movingPart node="lowerPipeJoint07" referencePoint="lowerPipeJoint07Ref" referenceFrame="lowerPipeJoint07Ref" limitedAxis="1"/>
            <movingPart node="lowerPipeJoint08" referencePoint="lowerPipeJoint08Ref" referenceFrame="lowerPipeJoint08Ref" limitedAxis="1"/>
            <movingPart node="lowerPipeJoint09" referencePoint="lowerPipeJoint09Ref" referenceFrame="lowerPipeJoint09Ref" limitedAxis="1"/>
            <movingPart node="lowerPipeJoint10" referencePoint="lowerPipeJoint10Ref" referenceFrame="lowerPipeJoint10Ref" limitedAxis="1"/>

            <movingPart node="railChain01" referencePoint="railChain01Ref" referenceFrame="railChain01Ref" scaleZ="true"/>
            <movingPart node="railChain02" referencePoint="railChain02Ref" referenceFrame="railChain02Ref" scaleZ="true"/>

            <movingPart node="moduleChamberHydraulic" referencePoint="moduleChamberHydraulicRef" referenceFrame="moduleChamberHydraulicRef">
                <translatingPart node="moduleChamberHydraulicPunch" />
            </movingPart>

            <movingPart node="backDoorPart01Hydraulic" referencePoint="backDoorPart01HydraulicRef" referenceFrame="backDoorPart01HydraulicRef">
                <translatingPart node="backDoorPart01HydraulicPunch" />
            </movingPart>

            <movingPart node="backDoorPart02" referencePoint="backDoorPart02Ref" referenceFrame="backDoorPart02Ref" isActiveDirty="true" maxUpdateDistance="150"/>
            <movingPart node="backDoorPart02Hydraulic" referencePoint="backDoorPart02HydraulicRef" referenceFrame="backDoorPart02HydraulicRef" isActiveDirty="true" maxUpdateDistance="80">
                <translatingPart node="backDoorPart02HydraulicPunch" />
            </movingPart>

            <movingPart node="topDoor" referencePoint="topDoorRef" referenceFrame="topDoorRef" isActiveDirty="true" maxUpdateDistance="150"/>
            <movingPart node="topDoorHydraulic" referencePoint="topDoorHydraulicRef" referenceFrame="topDoorHydraulicRef" isActiveDirty="true" maxUpdateDistance="80">
                <translatingPart node="topDoorHydraulicPunch" />
            </movingPart>

            <movingPart node="steeringBarArm01" referencePoint="steeringBarArm01Ref" referenceFrame="steeringBarArm01Ref" scaleZ="true" isActiveDirty="true" maxUpdateDistance="40"/>
            <movingPart node="steeringBarArm02" referencePoint="steeringBarArm02Ref" referenceFrame="steeringBarArm02Ref" scaleZ="true" isActiveDirty="true" maxUpdateDistance="40"/>

            <movingPart node="cottonPusherCover01" referencePoint="cottonPusherCover01Ref" referenceFrame="cottonPusherCover01Ref" scaleZ="true"/>
            <movingPart node="cottonPusherCover02" referencePoint="cottonPusherCover02Ref" referenceFrame="cottonPusherCover02Ref" scaleZ="true"/>
            <movingPart node="cottonPusherSensor01" referencePoint="cottonPusherSensor01Ref" referenceFrame="cottonPusherSensor01Ref" scaleZ="true"/>
            <movingPart node="cottonPusherSensor02" referencePoint="cottonPusherSensor02Ref" referenceFrame="cottonPusherSensor02Ref" scaleZ="true"/>
        </movingParts>
    </cylindered>

    <suspensions>
        <suspension node="seat"              weight="150" minTranslation="-0.05 -0.15 0.0" maxTranslation="0.05 0.15 0.0" suspensionParametersX="20 4" suspensionParametersY="5 1" suspensionParametersZ="20 4" />
        <suspension useCharacterTorso="true" weight="90" minRotation="0 -5 -5" maxRotation="0 5 5" suspensionParametersY="7 1" suspensionParametersZ="7 1" />
    </suspensions>

    <dashboard>
        <groups>
            <group name="MOTOR_STARTING" electronicsStarting="true"/>
            <group name="MOTOR_ACTIVE" electronicsStarting="true" electronicsRunning="true"/>
        </groups>

        <default>
            <dashboard displayType="VISIBILITY" node="dashboards"  groups="MOTOR_ACTIVE" />
            <dashboard displayType="EMITTER" node="displays" idleValue="-1" intensity="0.3" groups="MOTOR_ACTIVE" />
        </default>
    </dashboard>

    <ai>
        <agent frontWheelNodes="backAxisLeft backAxisRight"/>
        <collisionTrigger node="aiCollisionNode" width="6.2" height="5.4"/>
        <areaMarkers leftNode="areaMarkerLeft" rightNode="areaMarkerRight" backNode="areaMarkerBack" />
        <sizeMarkers leftNode="sizeMarkerLeft" rightNode="sizeMarkerRight" backNode="sizeMarkerBack" />
    </ai>

    <foliageBending>
        <bendingNode minX="-2.95" maxX="2.95" minZ="-0.3" maxZ="2.0" yOffset="-0.5" node="pickerDrums"/>
        <bendingNode minX="-1.6" maxX="1.6" minZ="-4.7" maxZ="0.45" yOffset="0.75"/>
        <bendingNode wheelIndices="1 2" minZ="0.45" maxZ="2.5" yOffset="0.6"/>
        <bendingNode minX="-1.4" maxX="1.4" minZ="-2.85" maxZ="0.2" yOffset="0" node="backDoorPart02Ref"/>
    </foliageBending>

    <wearable wearDuration="480" workMultiplier="5" fieldMultiplier="2"/>
    <washable dirtDuration="90" washDuration="1" workMultiplier="4" fieldMultiplier="2"/>

    <!-- ==================================== Added Options ==================================== -->
    <design3Configurations title="Window Tint" price="0">
        <design3Configuration name="No Tint" isSelectable="true">
            <objectChange node="window_default" visibilityActive="true" visibilityInactive="false" />
            <objectChange node="window_tint1" visibilityActive="false" visibilityInactive="true" />
            <objectChange node="window_tint2" visibilityActive="false" visibilityInactive="true" />

        </design3Configuration>
        <design3Configuration name="Light Tint" isSelectable="true">
            <objectChange node="window_default" visibilityActive="false" visibilityInactive="true" />
            <objectChange node="window_tint1" visibilityActive="true" visibilityInactive="false" />
            <objectChange node="window_tint2" visibilityActive="false" visibilityInactive="true" />

        </design3Configuration>
        <design3Configuration name="Dark Tint" isSelectable="true">
            <objectChange node="window_default" visibilityActive="false" visibilityInactive="true" />
            <objectChange node="window_tint1" visibilityActive="false" visibilityInactive="true" />
            <objectChange node="window_tint2" visibilityActive="true" visibilityInactive="false" />

        </design3Configuration>
        <design3Configuration name="Limo Tint" isSelectable="true">
            <objectChange node="window_default" visibilityActive="false" visibilityInactive="true" />
            <objectChange node="window_tint1" visibilityActive="true" visibilityInactive="false" />
            <objectChange node="window_tint2" visibilityActive="true" visibilityInactive="false" />

        </design3Configuration>
    </design3Configurations>

    <baseColorConfigurations title="Body Color" useDefaultColors="true" price="0" defaultColorMaterialTemplateName="calibratedMatPaint" defaultColorIndex="13">
        <baseColorConfiguration name="Matte Black" color="0.0 0.0 0.0" uiColor="0.0 0.0 0.0" isMat="true" />
        <baseColorConfiguration name="Matte Silver" materialTemplateName="VALTRA_GREY2" isMat="true" />
        <baseColorConfiguration name="Matte Green" materialTemplateName="DEUTZ_MATTGREEN" isMat="true" />
        <baseColorConfiguration name="Chrome" materialTemplateName="RIM_CONFIGURATION_CHROME" />
        <material materialSlotName="mainbody_cabin_mat" />
        <material materialSlotName="mainbody_baleholder_mat" />
        <material materialSlotName="mainbody_cabin_steps_mat" />
    </baseColorConfigurations>

    <designColorConfigurations title="Body Color 2" useDefaultColors="true" price="0" defaultColorMaterialTemplateName="calibratedMatPaint" >
        <designColorConfiguration name="Matte Black" color="0.0 0.0 0.0" uiColor="0.0 0.0 0.0" isMat="true" />
        <designColorConfiguration name="Matte Silver" materialTemplateName="VALTRA_GREY2" isMat="true" />
        <designColorConfiguration name="Matte Green" materialTemplateName="DEUTZ_MATTGREEN" isMat="true" />
        <designColorConfiguration name="Chrome" materialTemplateName="RIM_CONFIGURATION_CHROME" />
        <material materialSlotName="mainbody_chamber_grids_mat" />
    </designColorConfigurations>

    <designColor3Configurations title="Body Color Accent" useDefaultColors="true" price="0" defaultColorMaterialTemplateName="calibratedMatPaint" >
        <designColor3Configuration name="Matte Black" color="0.0 0.0 0.0" uiColor="0.0 0.0 0.0" isMat="true" />
        <designColor3Configuration name="Matte Silver" materialTemplateName="VALTRA_GREY2" isMat="true" isDefault="true" />
        <designColor3Configuration name="Matte Green" materialTemplateName="DEUTZ_MATTGREEN" isMat="true" />
        <designColor3Configuration name="Chrome" materialTemplateName="RIM_CONFIGURATION_CHROME" />
        <material materialSlotName="mainbody_cabin3_mat" />
        <material materialSlotName="mainbody_extraitems1_mat" />
    </designColor3Configurations>

    <designColor4Configurations title="Decal BG Color" useDefaultColors="true" price="0" defaultColorMaterialTemplateName="calibratedMatPaint">
        <designColor4Configuration name="Matte Black" color="0.0 0.0 0.0" uiColor="0.0 0.0 0.0" isMat="true" />
        <designColor4Configuration name="Matte Silver" materialTemplateName="VALTRA_GREY2" isMat="true"  />
        <designColor4Configuration name="Matte Green" materialTemplateName="DEUTZ_MATTGREEN" isMat="true" />
        <designColor4Configuration name="Chrome" materialTemplateName="RIM_CONFIGURATION_CHROME" isDefault="true" />
        <material materialSlotName="moduleExpress635ExteriorDecals_decal_mat" />
    </designColor4Configurations>

    <designColor5Configurations title="Harvester Picker Arms" useDefaultColors="true" price="0" defaultColorMaterialTemplateName="calibratedMatPaint">
        <designColor5Configuration name="Matte Black" color="0.0 0.0 0.0" uiColor="0.0 0.0 0.0" isMat="true" />
        <designColor5Configuration name="Matte Silver" materialTemplateName="VALTRA_GREY2" isMat="true" isDefault="true"  />
        <designColor5Configuration name="Matte Green" materialTemplateName="DEUTZ_MATTGREEN" isMat="true" />
        <designColor5Configuration name="Chrome" materialTemplateName="RIM_CONFIGURATION_CHROME" />
        <material materialSlotName="harvester_tines_mat" />
    </designColor5Configurations>

    <designColor6Configurations title="Internals" useDefaultColors="true" price="0" defaultColorMaterialTemplateName="calibratedMatPaint">
        <designColor6Configuration name="Matte Black" color="0.0 0.0 0.0" uiColor="0.0 0.0 0.0" isMat="true" />
        <designColor6Configuration name="Brown Leather" materialTemplateName="leather1Brown" isMat="true" />
        <designColor6Configuration name="Dark Brown Leather" color="0.0300 0.0200 0.0100" isMat="true" />
        <designColor6Configuration name="Gray Leather" materialTemplateName="leather3GrayDark" isMat="true" />
        <designColor6Configuration name="Wood Oak" materialTemplateName="wood2Oak" />
        <designColor6Configuration name="Wood Cedar" materialTemplateName="wood1Cedar" />
        <material materialSlotName="interior_roof_mat" />
        <material materialSlotName="interior_otherplastics_mat" />
    </designColor6Configurations>

    <designColor7Configurations title="Internals 2" useDefaultColors="true" price="0" defaultColorMaterialTemplateName="calibratedMatPaint">
        <designColor7Configuration name="Matte Black" color="0.0 0.0 0.0" uiColor="0.0 0.0 0.0" isMat="true" isDefault="true"/>
        <designColor7Configuration name="Brown Leather" materialTemplateName="leather1Brown" isMat="true" />
        <designColor7Configuration name="Dark Brown Leather" color="0.0300 0.0200 0.0100" isMat="true" />
        <designColor7Configuration name="Gray Leather" materialTemplateName="leather3GrayDark" isMat="true" />
        <designColor7Configuration name="Wood Oak" materialTemplateName="wood2Oak" />
        <designColor7Configuration name="Wood Cedar" materialTemplateName="wood1Cedar" />
        <material materialSlotName="interior_plastics2_mat" />
    </designColor7Configurations>

    <designColor8Configurations title="Floor/Other" useDefaultColors="true" price="0" defaultColorMaterialTemplateName="calibratedMatPaint">
        <designColor8Configuration name="Matte Black" color="0.0 0.0 0.0" uiColor="0.0 0.0 0.0" isMat="true" />
        <designColor8Configuration name="Brown Leather" materialTemplateName="leather1Brown" isMat="true" />
        <designColor8Configuration name="Dark Brown Leather" color="0.0300 0.0200 0.0100" isMat="true" />
        <designColor8Configuration name="Gray Leather" materialTemplateName="leather3GrayDark" isMat="true" />
        <designColor8Configuration name="Wood Oak" materialTemplateName="wood2Oak" isDefault="true" />
        <designColor8Configuration name="Wood Cedar" materialTemplateName="wood1Cedar" />
        <material materialSlotName="interior_floor_N_extras_mat" />
    </designColor8Configurations>

    <designColor9Configurations title="Seats" useDefaultColors="true" price="0" defaultColorMaterialTemplateName="calibratedMatPaint">
        <designColor9Configuration name="Matte Black" color="0.0 0.0 0.0" uiColor="0.0 0.0 0.0" isMat="true" />
        <designColor9Configuration name="Brown Leather" materialTemplateName="leather1Brown" isMat="true" />
        <designColor9Configuration name="Dark Brown Leather" color="0.0300 0.0200 0.0100" isMat="true" isDefault="true"/>
        <designColor9Configuration name="Gray Leather" materialTemplateName="leather3GrayDark" isMat="true" />
        <material materialSlotName="interior_leatherseats_mat" />
    </designColor9Configurations>

    <rimColorConfigurations useDefaultColors="true" price="0" defaultColorMaterialTemplateName="calibratedMatPaint">
        <rimColorConfiguration name="Matte Black" color="0.0 0.0 0.0" uiColor="0.0 0.0 0.0" isMat="true" />
        <rimColorConfiguration name="Matte Silver" materialTemplateName="VALTRA_GREY2" isMat="true" />
        <rimColorConfiguration name="Matte Green" materialTemplateName="DEUTZ_MATTGREEN" isMat="true" />
        <rimColorConfiguration name="CHROME" materialTemplateName="RIM_CONFIGURATION_CHROME" />
    </rimColorConfigurations>
    <!-- ==================================== Added Options ==================================== -->

    <i3dMappings>
        <!-- ADDED I3Ds -->
        <i3dMapping id="window_default" node="0>0|11|7" />
        <i3dMapping id="window_tint1" node="0>0|11|8" />
        <i3dMapping id="window_tint2" node="0>0|11|9" />
        <!-- ADDED I3Ds -->
        <i3dMapping id="moduleExpress635_main_component1" node="0>" />
        <i3dMapping id="frontWheelLeft" node="0>0|0|0" />
        <i3dMapping id="frontWheelLeftHub" node="0>0|0|0|0" />
        <i3dMapping id="frontWheelRight" node="0>0|0|1" />
        <i3dMapping id="frontWheelRightHub" node="0>0|0|1|0" />
        <i3dMapping id="backAxisJoint" node="0>0|0|2" />
        <i3dMapping id="outdoorCameraTarget" node="0>0|1|0" />
        <i3dMapping id="outdoorCamera" node="0>0|1|0|0" />
        <i3dMapping id="indoorCamera" node="0>0|1|1" />
        <i3dMapping id="cameraRaycastNode1" node="0>0|1|2" />
        <i3dMapping id="cameraRaycastNode2" node="0>0|1|3" />
        <i3dMapping id="cameraRaycastNode3" node="0>0|1|4" />
        <i3dMapping id="shadowFocusBox" node="0>0|1|5" />
        <i3dMapping id="moduleExpress635Lights01_static" node="0>0|2|0|0" />
        <i3dMapping id="moduleExpress635LightsGlass01_static" node="0>0|2|0|1" />
        <i3dMapping id="frontLightLow" node="0>0|2|1|0" />
        <i3dMapping id="highBeamLow" node="0>0|2|1|1" />
        <i3dMapping id="frontLightHigh" node="0>0|2|1|2" />
        <i3dMapping id="highBeamHigh" node="0>0|2|1|3" />
        <i3dMapping id="workLightFrontLow" node="0>0|2|2|0" />
        <i3dMapping id="workLightFrontHigh" node="0>0|2|2|1" />
        <i3dMapping id="workLightSideRight" node="0>0|2|2|2" />
        <i3dMapping id="exitPoint" node="0>0|3" />
        <i3dMapping id="enterReferenceNode" node="0>0|3|0" />
        <i3dMapping id="seat" node="0>0|4|0" />
        <i3dMapping id="playerSkin" node="0>0|4|0|0" />
        <i3dMapping id="joystick" node="0>0|4|0|1" />
        <i3dMapping id="playerRightHandTarget" node="0>0|4|0|1|0" />
        <i3dMapping id="seatDecalsLightUp" node="0>0|4|0|2|2" />
        <i3dMapping id="steeringWheel" node="0>0|4|1|0|0|0" />
        <i3dMapping id="playerLeftHandTarget" node="0>0|4|1|0|0|0|0" />
        <i3dMapping id="ignitionKey" node="0>0|4|1|0|2|0" />
        <i3dMapping id="playerRightFootTarget" node="0>0|4|2|0" />
        <i3dMapping id="playerLeftFootTarget" node="0>0|4|2|1" />
        <i3dMapping id="wiperArm01" node="0>0|4|3|0" />
        <i3dMapping id="wiper" node="0>0|4|3|0|0" />
        <i3dMapping id="wiperArm02Ref" node="0>0|4|3|0|0|0" />
        <i3dMapping id="wiperArm02" node="0>0|4|3|1" />
        <i3dMapping id="dashboards" node="0>0|4|4" />
        <i3dMapping id="cabinDecalsLightUp" node="0>0|4|4|0" />
        <i3dMapping id="numbersSpeed01" node="0>0|4|4|1|0" />
        <i3dMapping id="numbersSpeed02" node="0>0|4|4|1|1" />
        <i3dMapping id="numbersRpm" node="0>0|4|4|1|2" />
        <i3dMapping id="numbersFuelUsage" node="0>0|4|4|1|3" />
        <i3dMapping id="numbersTemperature" node="0>0|4|4|1|4" />
        <i3dMapping id="needleTemperatur" node="0>0|4|4|2|0" />
        <i3dMapping id="needleFuel" node="0>0|4|4|3|0" />
        <i3dMapping id="interiorScreenLight" node="0>0|4|4|4" />
        <i3dMapping id="brakePedal" node="0>0|4|5|0" />
        <i3dMapping id="playerRightFootTargetBrake" node="0>0|4|5|0|0" />
        <i3dMapping id="areaMarkerLeft" node="0>0|5|0|0" />
        <i3dMapping id="areaMarkerRight" node="0>0|5|0|1" />
        <i3dMapping id="areaMarkerBack" node="0>0|5|0|2" />
        <i3dMapping id="sizeMarkerLeft" node="0>0|5|1|0" />
        <i3dMapping id="sizeMarkerRight" node="0>0|5|1|1" />
        <i3dMapping id="sizeMarkerBack" node="0>0|5|1|2" />
        <i3dMapping id="aiCollisionNode" node="0>0|5|2" />
        <i3dMapping id="workAreaCutterStart" node="0>0|6|0|0" />
        <i3dMapping id="workAreaCutterWidth" node="0>0|6|0|1" />
        <i3dMapping id="workAreaCutterHeight" node="0>0|6|0|2" />
        <i3dMapping id="exhaustParticle" node="0>0|7|0" />
        <i3dMapping id="moduleChamber" node="0>0|8|0" />
        <i3dMapping id="moduleChamberUpperPart" node="0>0|8|0|0" />
        <i3dMapping id="topDoorJoint" node="0>0|8|0|0|0" />
        <i3dMapping id="topDoor" node="0>0|8|0|0|1" />
        <i3dMapping id="topDoorHydraulicRef" node="0>0|8|0|0|1|0" />
        <i3dMapping id="topDoorHydraulic" node="0>0|8|0|0|2" />
        <i3dMapping id="topDoorHydraulicPunch" node="0>0|8|0|0|2|0" />
        <i3dMapping id="cottonPusherCover01" node="0>0|8|0|0|3" />
        <i3dMapping id="cottonPusherCover02" node="0>0|8|0|0|4" />
        <i3dMapping id="moduleExpress635Lights02_static" node="0>0|8|0|0|5|0|0" />
        <i3dMapping id="moduleExpress635LightsGlass02_static" node="0>0|8|0|0|5|0|1" />
        <i3dMapping id="workLightBackLow" node="0>0|8|0|0|5|1|0" />
        <i3dMapping id="workLightBackHigh" node="0>0|8|0|0|5|1|1" />
        <i3dMapping id="loadingEmitter01" node="0>0|8|0|0|6|0" />
        <i3dMapping id="loadingEmitter02" node="0>0|8|0|0|6|1" />
        <i3dMapping id="cottonPusher" node="0>0|8|0|1" />
        <i3dMapping id="cottonPusherSensor01" node="0>0|8|0|1|0" />
        <i3dMapping id="cottonPusherSensor02" node="0>0|8|0|1|1" />
        <i3dMapping id="cottonAuger01" node="0>0|8|0|1|2" />
        <i3dMapping id="cottonAuger02" node="0>0|8|0|1|3" />
        <i3dMapping id="cottonAuger03" node="0>0|8|0|1|4" />
        <i3dMapping id="cottonPusherCover01Ref" node="0>0|8|0|1|5" />
        <i3dMapping id="cottonPusherCover02Ref" node="0>0|8|0|1|6" />
        <i3dMapping id="backDoorPart01" node="0>0|8|0|2" />
        <i3dMapping id="backDoorPart02" node="0>0|8|0|2|0" />
        <i3dMapping id="backDoorPart02LeftWheel" node="0>0|8|0|2|0|0" />
        <i3dMapping id="backDoorPart02RightWheel" node="0>0|8|0|2|0|1" />
        <i3dMapping id="backDoorPart02SpeedRef" node="0>0|8|0|2|0|2" />
        <i3dMapping id="backDoorPart02Chains" node="0>0|8|0|2|0|3" />
        <i3dMapping id="backDoorPart02ChainDrive01" node="0>0|8|0|2|0|4" />
        <i3dMapping id="backDoorPart02ChainDrive02" node="0>0|8|0|2|0|5" />
        <i3dMapping id="backDoorPart02HydraulicRef" node="0>0|8|0|2|0|6" />
        <i3dMapping id="backDoorPart02Hydraulic" node="0>0|8|0|2|1" />
        <i3dMapping id="backDoorPart02HydraulicPunch" node="0>0|8|0|2|1|0" />
        <i3dMapping id="backDoorPart01HydraulicRef" node="0>0|8|0|2|2" />
        <i3dMapping id="unloadingDoorJoint" node="0>0|8|0|2|3" />
        <i3dMapping id="moduleExpress635LightsBack_static" node="0>0|8|0|2|5|0|0" />
        <i3dMapping id="moduleExpress635LightsGlassBack_static" node="0>0|8|0|2|5|0|1" />
        <i3dMapping id="backLightsHigh" node="0>0|8|0|2|5|1|0" />
        <i3dMapping id="turnLightLeftBack" node="0>0|8|0|2|5|2|0" />
        <i3dMapping id="turnLightRightBack" node="0>0|8|0|2|5|2|1" />
        <i3dMapping id="moveCollisionNode02" node="0>0|8|0|2|6|0" />
        <i3dMapping id="backDoorPart01Hydraulic" node="0>0|8|0|3" />
        <i3dMapping id="backDoorPart01HydraulicPunch" node="0>0|8|0|3|0" />
        <i3dMapping id="chamberChains" node="0>0|8|0|4" />
        <i3dMapping id="chamberChainDrive01" node="0>0|8|0|5" />
        <i3dMapping id="chamberChainDrive02" node="0>0|8|0|6" />
        <i3dMapping id="baleAnimNode" node="0>0|8|0|7" />
        <i3dMapping id="baleNode" node="0>0|8|0|7|0" />
        <i3dMapping id="baleMoverTrigger" node="0>0|8|0|8" />
        <i3dMapping id="moduleChamberHydraulicRef" node="0>0|8|0|9" />
        <i3dMapping id="cottonPusherSensor01Ref" node="0>0|8|0|10" />
        <i3dMapping id="cottonPusherSensor02Ref" node="0>0|8|0|11" />
        <i3dMapping id="moveCollisionNode01" node="0>0|8|0|13|0" />
        <i3dMapping id="balePusher" node="0>0|8|0|13|3" />
        <i3dMapping id="moduleChamberHydraulic" node="0>0|8|1" />
        <i3dMapping id="moduleChamberHydraulicPunch" node="0>0|8|1|0" />
        <i3dMapping id="lowerPickerArm" node="0>0|8|2" />
        <i3dMapping id="pickerUnitRefFrame" node="0>0|8|2|0" />
        <i3dMapping id="pickerUnit" node="0>0|8|2|0|0" />
        <i3dMapping id="upperPickerArm" node="0>0|8|2|0|0|0" />
        <i3dMapping id="pickerDrums" node="0>0|8|2|0|0|1" />
        <i3dMapping id="pickerDrum01" node="0>0|8|2|0|0|1|0" />
        <i3dMapping id="pickerDrum02" node="0>0|8|2|0|0|1|1" />
        <i3dMapping id="pickerDrum03" node="0>0|8|2|0|0|1|2" />
        <i3dMapping id="pickerDrum04" node="0>0|8|2|0|0|1|3" />
        <i3dMapping id="pickerDrum05" node="0>0|8|2|0|0|1|4" />
        <i3dMapping id="pickerDrum06" node="0>0|8|2|0|0|1|5" />
        <i3dMapping id="airPipe01Ref" node="0>0|8|2|0|0|2|0" />
        <i3dMapping id="airPipe02Ref" node="0>0|8|2|0|0|2|1" />
        <i3dMapping id="airPipe03Ref" node="0>0|8|2|0|0|2|2" />
        <i3dMapping id="airPipe04Ref" node="0>0|8|2|0|0|2|3" />
        <i3dMapping id="airPipe05Ref" node="0>0|8|2|0|0|2|4" />
        <i3dMapping id="airPipe06Ref" node="0>0|8|2|0|0|2|5" />
        <i3dMapping id="airPipe07Ref" node="0>0|8|2|0|0|2|6" />
        <i3dMapping id="airPipe08Ref" node="0>0|8|2|0|0|2|7" />
        <i3dMapping id="airPipe09Ref" node="0>0|8|2|0|0|2|8" />
        <i3dMapping id="airPipe10Ref" node="0>0|8|2|0|0|2|9" />
        <i3dMapping id="railChain01" node="0>0|8|2|0|0|3" />
        <i3dMapping id="railChain02" node="0>0|8|2|0|0|4" />
        <i3dMapping id="groundReferenceNode" node="0>0|8|2|0|0|5" />
        <i3dMapping id="rearLightSquare_01Orange01" node="0>0|8|2|0|0|6|0" />
        <i3dMapping id="rearLightSquare_01Orange02" node="0>0|8|2|0|0|6|1" />
        <i3dMapping id="turnLightLeftFront" node="0>0|8|2|0|0|6|2" />
        <i3dMapping id="turnLightRightFront" node="0>0|8|2|0|0|6|3" />
        <i3dMapping id="lowerPickerArmHydraulicsRef" node="0>0|8|2|1" />
        <i3dMapping id="lowerPickerArmHydraulics" node="0>0|8|3" />
        <i3dMapping id="lowerPickerArmHydraulicsPunch" node="0>0|8|3|0" />
        <i3dMapping id="upperPickerArmMounting" node="0>0|8|4" />
        <i3dMapping id="upperPickerArmRef" node="0>0|8|4|0" />
        <i3dMapping id="upperPickerArmMountingHydraulicsRef" node="0>0|8|4|1" />
        <i3dMapping id="upperPickerArmMountingHydraulics" node="0>0|8|5" />
        <i3dMapping id="upperPickerArmMountingHydraulicsPunch" node="0>0|8|5|0" />
        <i3dMapping id="airPipe01" node="0>0|8|6|0" />
        <i3dMapping id="airPipe01Part" node="0>0|8|6|0|0" />
        <i3dMapping id="lowerPipeJoint01Ref" node="0>0|8|6|0|3" />
        <i3dMapping id="airPipe02" node="0>0|8|6|1" />
        <i3dMapping id="airPipe02Part" node="0>0|8|6|1|0" />
        <i3dMapping id="lowerPipeJoint02Ref" node="0>0|8|6|1|2" />
        <i3dMapping id="airPipe03" node="0>0|8|6|2" />
        <i3dMapping id="airPipe03Part" node="0>0|8|6|2|0" />
        <i3dMapping id="lowerPipeJoint03Ref" node="0>0|8|6|2|2" />
        <i3dMapping id="airPipe04" node="0>0|8|6|3" />
        <i3dMapping id="airPipe04Part" node="0>0|8|6|3|0" />
        <i3dMapping id="lowerPipeJoint04Ref" node="0>0|8|6|3|2" />
        <i3dMapping id="airPipe05" node="0>0|8|6|4" />
        <i3dMapping id="airPipe05Part" node="0>0|8|6|4|0" />
        <i3dMapping id="lowerPipeJoint05Ref" node="0>0|8|6|4|2" />
        <i3dMapping id="airPipe06" node="0>0|8|6|5" />
        <i3dMapping id="airPipe06Part" node="0>0|8|6|5|0" />
        <i3dMapping id="lowerPipeJoint06Ref" node="0>0|8|6|5|3" />
        <i3dMapping id="airPipe07" node="0>0|8|6|6" />
        <i3dMapping id="airPipe07Part" node="0>0|8|6|6|0" />
        <i3dMapping id="lowerPipeJoint08Ref" node="0>0|8|6|6|2" />
        <i3dMapping id="airPipe08" node="0>0|8|6|7" />
        <i3dMapping id="airPipe08Part" node="0>0|8|6|7|0" />
        <i3dMapping id="lowerPipeJoint07Ref" node="0>0|8|6|7|2" />
        <i3dMapping id="airPipe09" node="0>0|8|6|8" />
        <i3dMapping id="airPipe09Part" node="0>0|8|6|8|0" />
        <i3dMapping id="lowerPipeJoint10Ref" node="0>0|8|6|8|2" />
        <i3dMapping id="airPipe10" node="0>0|8|6|9" />
        <i3dMapping id="airPipe10Part" node="0>0|8|6|9|0" />
        <i3dMapping id="lowerPipeJoint09Ref" node="0>0|8|6|9|3" />
        <i3dMapping id="upperAirPipeMover" node="0>0|8|6|10|0" />
        <i3dMapping id="upperAirPipe01Ref" node="0>0|8|6|10|0|0" />
        <i3dMapping id="upperAirPipe02Ref" node="0>0|8|6|10|0|1" />
        <i3dMapping id="upperAirPipe03Ref" node="0>0|8|6|10|0|2" />
        <i3dMapping id="upperAirPipe04Ref" node="0>0|8|6|10|0|3" />
        <i3dMapping id="upperAirPipe05Ref" node="0>0|8|6|10|0|4" />
        <i3dMapping id="upperAirPipe06Ref" node="0>0|8|6|10|0|5" />
        <i3dMapping id="upperAirPipe07Ref" node="0>0|8|6|10|0|6" />
        <i3dMapping id="moduleExpress635Lights03_static" node="0>0|8|6|10|0|7|0" />
        <i3dMapping id="moduleExpress635LightsGlass03_static" node="0>0|8|6|10|0|7|1" />
        <i3dMapping id="workLightSideLeft" node="0>0|8|6|10|0|7|2" />
        <i3dMapping id="upperAirPipe01" node="0>0|8|6|11" />
        <i3dMapping id="upperAirPipe01Part" node="0>0|8|6|11|0|0" />
        <i3dMapping id="lowerPipeJoint01" node="0>0|8|6|11|3" />
        <i3dMapping id="lowerPipeJoint02" node="0>0|8|6|11|4" />
        <i3dMapping id="upperAirPipe02" node="0>0|8|6|12" />
        <i3dMapping id="upperAirPipe02Part" node="0>0|8|6|12|0|0" />
        <i3dMapping id="lowerPipeJoint03" node="0>0|8|6|12|3" />
        <i3dMapping id="lowerPipeJoint04" node="0>0|8|6|12|4" />
        <i3dMapping id="upperAirPipe03" node="0>0|8|6|13" />
        <i3dMapping id="upperAirPipe03Part" node="0>0|8|6|13|0|0" />
        <i3dMapping id="lowerPipeJoint05" node="0>0|8|6|13|3" />
        <i3dMapping id="upperAirPipe04" node="0>0|8|6|14" />
        <i3dMapping id="upperAirPipe04Part" node="0>0|8|6|14|0|0" />
        <i3dMapping id="upperAirPipe05" node="0>0|8|6|15" />
        <i3dMapping id="upperAirPipe05Part" node="0>0|8|6|15|0|0" />
        <i3dMapping id="lowerPipeJoint06" node="0>0|8|6|15|3" />
        <i3dMapping id="upperAirPipe06" node="0>0|8|6|16" />
        <i3dMapping id="upperAirPipe06Part" node="0>0|8|6|16|0|0" />
        <i3dMapping id="lowerPipeJoint07" node="0>0|8|6|16|3" />
        <i3dMapping id="lowerPipeJoint08" node="0>0|8|6|16|4" />
        <i3dMapping id="upperAirPipe07" node="0>0|8|6|17" />
        <i3dMapping id="upperAirPipe07Part" node="0>0|8|6|17|0|0" />
        <i3dMapping id="lowerPipeJoint09" node="0>0|8|6|17|3" />
        <i3dMapping id="lowerPipeJoint10" node="0>0|8|6|17|4" />
        <i3dMapping id="airFilter" node="0>0|8|7" />
        <i3dMapping id="railChain01Ref" node="0>0|8|8" />
        <i3dMapping id="railChain02Ref" node="0>0|8|9" />
        <i3dMapping id="mirrorLeftDecal" node="0>0|9|0" />
        <i3dMapping id="mirrorRightDecal" node="0>0|9|1" />
        <i3dMapping id="exactFillRootNodeFuel" node="0>0|10|0" />
        <i3dMapping id="displays" node="0>0|11|0|0|3" />
        <i3dMapping id="additionalWheelParts" node="0>0|11|6" />
        <i3dMapping id="moduleExpress635_lod0" node="0>1|0" />
        <i3dMapping id="moduleExpress635_lod1" node="0>1|1" />
        <i3dMapping id="moduleExpress635Anim_lod0" node="0>2|0" />
        <i3dMapping id="moduleExpress635Anim_lod1" node="0>2|1" />
        <i3dMapping id="backAxisLeft" node="1>0|0" />
        <i3dMapping id="backWheelLeft" node="1>0|0|0" />
        <i3dMapping id="steeringBarArm01Ref" node="1>0|0|1" />
        <i3dMapping id="backAxisRight" node="1>0|1" />
        <i3dMapping id="backWheelRight" node="1>0|1|0" />
        <i3dMapping id="steeringBarArm02Ref" node="1>0|1|1" />
        <i3dMapping id="steeringBar" node="1>0|2" />
        <i3dMapping id="steeringBarArm01" node="1>0|2|0" />
        <i3dMapping id="steeringBarArm02" node="1>0|2|1" />
        <i3dMapping id="backDoorPart02Ref" node="2>0" />
        <i3dMapping id="moveCollisionNode03" node="2>1|0" />
        <i3dMapping id="moveCollisionNode04" node="2>1|1" />
        <i3dMapping id="moveCollisionNode05" node="2>1|2" />
        <i3dMapping id="backDoorPart02LeftWheelGroundRef" node="2>2" />
        <i3dMapping id="backDoorPart02RightWheelGroundRef" node="2>3" />
        <i3dMapping id="topDoorRef" node="3>0" />
    </i3dMappings>
</vehicle>
