﻿<?xml version="1.0" encoding="utf-8" standalone="no" ?>
<vehicle type="cutter" xmlns:xsi="http://www.w3.org/2001/XMLSchema-instance" xsi:noNamespaceSchemaLocation="https://validation.gdn.giants-software.com/xml/fs25/vehicle.xsd">
    <annotation>Copyright (C) GIANTS Software GmbH, All Rights Reserved.</annotation>

    <storeData>
        <name>DynaFlex 9255 40FT</name>
        <specs>
            <workingWidth>12</workingWidth>
            <combination xmlFilename="vehicles/fendt/ideal/ideal.xml"/>
            <combination xmlFilename="$data/vehicles/nardi/n70_40/n70_40.xml"/>
        </specs>
        <functions>
            <function>$l10n_function_cutter</function>
        </functions>
        <image>vehicles/fendt/dynaFlex9255/store_dynaFlex9255.png</image>
        <price>95000</price>
        <lifetime>600</lifetime>
        <rotation>0</rotation>
        <brand>FENDT</brand>
        <category>cutters</category>
        <shopTranslationOffset>0 -0.118 0</shopTranslationOffset>
        <shopRotationOffset>1.246 0 0</shopRotationOffset>
        <vertexBufferMemoryUsage>2858752</vertexBufferMemoryUsage>
        <indexBufferMemoryUsage>1196800</indexBufferMemoryUsage>
        <textureMemoryUsage>3735552</textureMemoryUsage>
        <instanceVertexBufferMemoryUsage>0</instanceVertexBufferMemoryUsage>
        <instanceIndexBufferMemoryUsage>0</instanceIndexBufferMemoryUsage>
        <audioMemoryUsage>0</audioMemoryUsage>
    </storeData>

    <base>
        <typeDesc>$l10n_typeDesc_cutter</typeDesc>
        <filename>vehicles/fendt/dynaFlex9255/dynaFlex9255.i3d</filename>
        <size width="12.8" length="3.15" height="2.2" lengthOffset="0.1"/>
        <speedLimit value="10"/>
        <components>
            <component centerOfMass="0 0.2 -0.2" solverIterationCount="10" mass="4800"/>
        </components>
        <schemaOverlay attacherJointPosition="0 0" name="COMBINE_HEADER"/>
        <mapHotspot type="CUTTER"/>
    </base>

    <lights>
        <defaultLights>
            <defaultLight shaderNode="lightSelfIllum01" lightTypes="0" intensity="10"/>
            <defaultLight shaderNode="lightSelfIllum02" lightTypes="0" intensity="10"/>
        </defaultLights>
    </lights>

    <powerConsumer ptoRpm="540" neededMaxPtoPower="95"/>

    <groundReferenceNodes>
        <groundReferenceNode node="heightNode02" threshold="0.5"/>
    </groundReferenceNodes>

    <workAreas>
        <workArea type="cutter" functionName="processCutterArea" >
            <area startNode="aiMarkerLeft" widthNode="aiMarkerRight" heightNode="workAreaHeight" />
            <groundReferenceNode index="1" />
            <testAreas autoGenerate="true" zOffset="0.5" xOffset="0" length="0.6" numAreas="16" areaWidthScale="0.25"/>
        </workArea>
    </workAreas>

    <attachable>
        <inputAttacherJoints>
            <inputAttacherJoint node="attacherJoint" jointType="cutter" >
                <heightNode node="heightNode01" />
                <heightNode node="heightNode02" />
                <heightNode node="heightNode03" />
                <distanceToGround lower="0.45" upper="2" />
            </inputAttacherJoint>
        </inputAttacherJoints>

        <support animationName="moveSupport" />
    </attachable>

    <cylindered>
        <movingTools>
            <movingTool node="reelMove" playSound="true" >
                <controls axis="AXIS_CUTTER_REEL" invertAxis="true" mouseSpeedFactor="0.3" iconName="REEL_TRANSLATE_X" />
                <translation transSpeed="0.2" transAcceleration="10" transMax="1.31" transMin="0.92" translationAxis="3" startTrans="1.2"/>
                <dependentPart node="moveHydraulics" />
            </movingTool>

            <movingTool node="reelRot" playSound="true" >
                <controls axis="AXIS_CUTTER_REEL2" invertAxis="true" mouseSpeedFactor="0.3" iconName="REEL_TRANSLATE_Y" />
                <rotation rotSpeed="10" rotAcceleration="40" rotMax="10" rotMin="-20" startRot="-19"/>
                <dependentPart node="reelRotHydraulics" />
                <dependentPart node="reelRotHydraulicsSafetyLock" />
            </movingTool>
        </movingTools>

        <movingParts>
            <!-- reel arm hydraulics -->
            <movingPart node="reelRotHydraulics" referencePoint="reelRotHydraulicsRef" referenceFrame="reelRotHydraulicsRef" >
                <translatingPart node="reelRotHydraulicsPunch" />
            </movingPart>
            <movingPart node="reelRotHydraulicsSafetyLock" referencePoint="referencePointSafetyLock" referenceFrame="referencePointSafetyLock" />

            <!-- reel mover hydraulics -->
            <movingPart node="moveHydraulics" referencePoint="moveHydraulicsRef" referenceFrame="moveHydraulicsRef" >
                <translatingPart node="moveHydraulicsPunch" />
            </movingPart>
        </movingParts>

        <sounds>
            <actionSound template="hydraulicOpen05"  volumeScale="3.5" pitchScale="1.0" linkNode="reelRot"                  actionNames="TOOL_MOVE_NEG"                                   nodes="reelRot"  fadeIn="0.1" fadeOut="0.1" />
            <actionSound template="hydraulicOpen02"  volumeScale="3.0" pitchScale="1.0" linkNode="reelRot"                  actionNames="TOOL_MOVE_POS"                                   nodes="reelRot"  fadeIn="0.1" fadeOut="0.1" />
            <actionSound template="hydraulicClose03" volumeScale="3.5" pitchScale="1.5" linkNode="dynaFlex9255_main_component1" actionNames="TOOL_MOVE_POS TOOL_MOVE_NEG"                     nodes="reelMove" fadeIn="0.1" fadeOut="0.1" />
            <actionSound template="vibratingImp"     volumeScale="1.1" pitchScale="1"   linkNode="reelRot"                  actionNames="TOOL_MOVE_END_POS_LIMIT"                         nodes="reelRot"/>
            <actionSound template="metalImpHigh01"   volumeScale="0.5" pitchScale="1"   linkNode="reelRot"                  actionNames="TOOL_MOVE_END_POS_LIMIT"                         nodes="reelRot"/>
            <actionSound template="vibratingImp"     volumeScale="1.2" pitchScale="1.3" linkNode="reelRot"                  actionNames="TOOL_MOVE_END_NEG_LIMIT"                         nodes="reelRot"/>
            <actionSound template="clackVar6"        volumeScale="2.2" pitchScale="0.7" linkNode="reelRot"                  actionNames="TOOL_MOVE_END_NEG_LIMIT"                         nodes="reelRot"/>
            <actionSound template="metalImpHigh01"   volumeScale="0.7" pitchScale="1"   linkNode="dynaFlex9255_main_component1" actionNames="TOOL_MOVE_END_POS_LIMIT TOOL_MOVE_END_NEG_LIMIT" nodes="reelMove"/>
            <actionSound template="sheetImp02"       volumeScale="2"   pitchScale="1"   linkNode="dynaFlex9255_main_component1" actionNames="TOOL_MOVE_END_POS_LIMIT TOOL_MOVE_END_NEG_LIMIT" nodes="reelMove"/>
            <actionSound template="vibratingImp"     volumeScale="0.7" pitchScale="1.6" linkNode="dynaFlex9255_main_component1" actionNames="TOOL_MOVE_END_POS_LIMIT TOOL_MOVE_END_NEG_LIMIT" nodes="reelMove"/>
        </sounds>
    </cylindered>

    <animations>
        <animation name="moveSupport">
            <part node="autoDockCover" startTime="0" endTime="0.25"  startRot="0 -98.102 0" endRot="0 0 0" />

            <sound template="clackVar1" startTime="0.1" direction="-1" volumeScale="1.6" pitchScale="1.4" />
            <sound template="clackVar5" startTime="0.2" direction="1" volumeScale="1" pitchScale="1.6" />
        </animation>

        <animation name="turnedOnAnimation_spikes" looping="true" isKeyframe="true">
            <part node="reel" startTime="0.0" endTime="1.99999"  startRot="0 0 0" endRot="360 0 0" />
            <part node="reel" startTime="1.99999" endTime="2.0"  startRot="360 0 0" endRot="0 0 0" />

            <part node="spike01" startTime="0.0" endTime="0.333"  startRot="34.513 179.973 0.002" endRot="59.427 179.973 0.002" />
            <part node="spike01" startTime="0.333" endTime="0.644"  startRot="59.427 179.973 0.002" endRot="105.791 179.973 0.002" />
            <part node="spike01" startTime="0.644" endTime="0.978"  startRot="105.791 179.973 0.002" endRot="135.081 179.973 0.002" />
            <part node="spike01" startTime="0.978" endTime="1.311"  startRot="135.081 179.973 0.002" endRot="88.124 179.973 0.002" />
            <part node="spike01" startTime="1.311" endTime="1.644"  startRot="88.124 179.973 0.002" endRot="52.447 179.973 0.002" />
            <part node="spike01" startTime="1.644" endTime="2.0"  startRot="52.447 179.973 0.002" endRot="34.513 179.973 0.002" />
            <part node="spike01OrientationArm" startTime="0.0" endTime="0.333"  startRot="-70.605 0.023 -0.014" endRot="-98.04 0.023 -0.014" />
            <part node="spike01OrientationArm" startTime="0.333" endTime="0.644"  startRot="-98.04 0.023 -0.014" endRot="-133.802 0.023 -0.014" />
            <part node="spike01OrientationArm" startTime="0.644" endTime="0.978"  startRot="-133.802 0.023 -0.014" endRot="-157.451 0.023 -0.014" />
            <part node="spike01OrientationArm" startTime="0.978" endTime="1.311"  startRot="-157.451 0.023 -0.014" endRot="-123.028 0.023 -0.014" />
            <part node="spike01OrientationArm" startTime="1.311" endTime="1.644"  startRot="-123.028 0.023 -0.014" endRot="-89.968 0.023 -0.014" />
            <part node="spike01OrientationArm" startTime="1.644" endTime="2.0"  startRot="-89.968 0.023 -0.014" endRot="-70.605 0.023 -0.014" />

            <part node="spike02" startTime="0.0" endTime="0.333"  startRot="172.016 0.024 -179.998" endRot="228.847 0.024 -179.998" />
            <part node="spike02" startTime="0.333" endTime="0.644"  startRot="228.847 0.024 -179.998" endRot="249.678 0.024 -179.998" />
            <part node="spike02" startTime="0.644" endTime="0.978"  startRot="249.678 0.024 -179.998" endRot="206.931 0.024 -179.998" />
            <part node="spike02" startTime="0.978" endTime="1.311"  startRot="206.931 0.024 -179.998" endRot="160.544 0.024 -179.998" />
            <part node="spike02" startTime="1.311" endTime="1.644"  startRot="160.544 0.024 -179.998" endRot="148.442 0.024 -179.998" />
            <part node="spike02" startTime="1.644" endTime="2.0"  startRot="148.442 0.024 -179.998" endRot="172.016 0.024 -179.998" />
            <part node="spike02OrientationArm" startTime="0.0" endTime="0.333"  startRot="-90.031 0.024 0.005" endRot="-139.69 0.024 0.005" />
            <part node="spike02OrientationArm" startTime="0.333" endTime="0.644"  startRot="-139.69 0.024 0.005" endRot="-151.342 0.024 0.005" />
            <part node="spike02OrientationArm" startTime="0.644" endTime="0.978"  startRot="-151.342 0.024 0.005" endRot="-121.567 0.024 0.005" />
            <part node="spike02OrientationArm" startTime="0.978" endTime="1.311"  startRot="-121.567 0.024 0.005" endRot="-78.056 0.024 0.005" />
            <part node="spike02OrientationArm" startTime="1.311" endTime="1.644"  startRot="-78.056 0.024 0.005" endRot="-64.52 0.024 0.005" />
            <part node="spike02OrientationArm" startTime="1.644" endTime="2.0"  startRot="-64.52 0.024 0.005" endRot="-90.031 0.024 0.005" />

            <part node="spike03" startTime="0.0" endTime="0.333"  startRot="168.494 0.025 -179.998" endRot="201.386 0.025 -179.998" />
            <part node="spike03" startTime="0.333" endTime="0.644"  startRot="201.386 0.025 -179.998" endRot="143.842 0.025 -179.998" />
            <part node="spike03" startTime="0.644" endTime="0.978"  startRot="143.842 0.025 -179.998" endRot="105.381 0.025 -179.998" />
            <part node="spike03" startTime="0.978" endTime="1.311"  startRot="105.381 0.025 -179.998" endRot="92.621 0.025 -179.998" />
            <part node="spike03" startTime="1.311" endTime="1.644"  startRot="92.621 0.025 -179.998" endRot="115.166 0.025 -179.998" />
            <part node="spike03" startTime="1.644" endTime="2.0"  startRot="115.166 0.025 -179.998" endRot="168.494 0.025 -179.998" />
            <part node="spike03OrientationArm" startTime="0.0" endTime="0.333"  startRot="-138.196 0.024 0.006" endRot="-162.153 0.024 0.006" />
            <part node="spike03OrientationArm" startTime="0.333" endTime="0.644"  startRot="-162.153 0.024 0.006" endRot="-117.451 0.024 0.006" />
            <part node="spike03OrientationArm" startTime="0.644" endTime="0.978"  startRot="-117.451 0.024 0.006" endRot="-83.788 0.024 0.006" />
            <part node="spike03OrientationArm" startTime="0.978" endTime="1.311"  startRot="-83.788 0.024 0.006" endRot="-68.69 0.024 0.006" />
            <part node="spike03OrientationArm" startTime="1.311" endTime="1.644"  startRot="-68.69 0.024 0.006" endRot="-92.85 0.024 0.006" />
            <part node="spike03OrientationArm" startTime="1.644" endTime="2.0"  startRot="-92.85 0.024 0.006" endRot="-138.196 0.024 0.006" />

            <part node="spike04" startTime="0.0" endTime="0.333"  startRot="27.034 -0.025 179.999" endRot="-13.945 -0.025 179.999" />
            <part node="spike04" startTime="0.333" endTime="0.644"  startRot="-13.945 -0.025 179.999" endRot="-33.199 -0.025 179.999" />
            <part node="spike04" startTime="0.644" endTime="0.978"  startRot="-33.199 -0.025 179.999" endRot="-2.648 -0.025 179.999" />
            <part node="spike04" startTime="0.978" endTime="1.311"  startRot="-2.648 -0.025 179.999" endRot="55.269 -0.025 179.999" />
            <part node="spike04" startTime="1.311" endTime="1.644"  startRot="55.269 -0.025 179.999" endRot="73.616 -0.025 179.999" />
            <part node="spike04" startTime="1.644" endTime="2.0"  startRot="73.616 -0.025 179.999" endRot="27.034 -0.025 179.999" />
            <part node="spike04OrientationArm" startTime="0.0" endTime="0.333"  startRot="-121.326 0.025 -0.011" endRot="-84.435 0.025 -0.011" />
            <part node="spike04OrientationArm" startTime="0.333" endTime="0.644"  startRot="-84.435 0.025 -0.011" endRot="-60.426 0.025 -0.011" />
            <part node="spike04OrientationArm" startTime="0.644" endTime="0.978"  startRot="-60.426 0.025 -0.011" endRot="-95.616 0.025 -0.011" />
            <part node="spike04OrientationArm" startTime="0.978" endTime="1.311"  startRot="-95.616 0.025 -0.011" endRot="-144.755 0.025 -0.011" />
            <part node="spike04OrientationArm" startTime="1.311" endTime="1.644"  startRot="-144.755 0.025 -0.011" endRot="-156.764 0.025 -0.011" />
            <part node="spike04OrientationArm" startTime="1.644" endTime="2.0"  startRot="-156.764 0.025 -0.011" endRot="-121.326 0.025 -0.011" />

            <part node="spike05" startTime="0.0" endTime="0.333"  startRot="134.477 0.036 -179.998" endRot="89.096 -0.025 -179.999" />
            <part node="spike05" startTime="0.333" endTime="0.644"  startRot="89.096 -0.025 -179.999" endRot="43.654 -0.025 -179.999" />
            <part node="spike05" startTime="0.644" endTime="0.978"  startRot="43.654 -0.025 -179.999" endRot="35.749 -0.025 -179.999" />
            <part node="spike05" startTime="0.978" endTime="1.311"  startRot="35.749 -0.025 -179.999" endRot="61.467 -0.025 -179.999" />
            <part node="spike05" startTime="1.311" endTime="1.644"  startRot="61.467 -0.025 -179.999" endRot="110.849 -0.025 -179.999" />
            <part node="spike05" startTime="1.644" endTime="2.0"  startRot="110.849 -0.025 -179.999" endRot="134.477 0.036 -179.998" />
            <part node="spike05OrientationArm" startTime="0.0" endTime="0.333"  startRot="-157.051 0.024 0.028" endRot="-124.225 0.024 0.028" />
            <part node="spike05OrientationArm" startTime="0.333" endTime="0.644"  startRot="-124.225 0.024 0.028" endRot="-79.203 0.024 0.028" />
            <part node="spike05OrientationArm" startTime="0.644" endTime="0.978"  startRot="-79.203 0.024 0.028" endRot="-72.849 0.024 0.028" />
            <part node="spike05OrientationArm" startTime="0.978" endTime="1.311"  startRot="-72.849 0.024 0.028" endRot="-100.391 0.024 0.028" />
            <part node="spike05OrientationArm" startTime="1.311" endTime="1.644"  startRot="-100.391 0.024 0.028" endRot="-140.541 0.024 0.028" />
            <part node="spike05OrientationArm" startTime="1.644" endTime="2.0"  startRot="-140.541 0.024 0.028" endRot="-157.051 0.024 0.028" />

            <part node="spike06" startTime="0.0" endTime="0.333"  startRot="-72.999 -0.102 179.994" endRot="-89.45 -0.102 179.994" />
            <part node="spike06" startTime="0.333" endTime="0.644"  startRot="-89.45 -0.102 179.994" endRot="-69.752 -0.102 179.994" />
            <part node="spike06" startTime="0.644" endTime="0.978"  startRot="-69.752 -0.102 179.994" endRot="-8.596 -0.102 179.994" />
            <part node="spike06" startTime="0.978" endTime="1.311"  startRot="-8.596 -0.102 179.994" endRot="17.823 -0.102 179.994" />
            <part node="spike06" startTime="1.311" endTime="1.644"  startRot="17.823 -0.102 179.994" endRot="-32.401 -0.102 179.994" />
            <part node="spike06" startTime="1.644" endTime="2.0"  startRot="-32.401 -0.102 179.994" endRot="-72.999 -0.102 179.994" />
            <part node="spike06OrientationArm" startTime="0.0" endTime="0.333"  startRot="-85.138 0.024 0.1" endRot="-67.51 0.024 0.1" />
            <part node="spike06OrientationArm" startTime="0.333" endTime="0.644"  startRot="-67.51 0.024 0.1" endRot="-87.467 0.024 0.1" />
            <part node="spike06OrientationArm" startTime="0.644" endTime="0.978"  startRot="-87.467 0.024 0.1" endRot="-141.447 0.024 0.1" />
            <part node="spike06OrientationArm" startTime="0.978" endTime="1.311"  startRot="-141.447 0.024 0.1" endRot="-160.41 0.024 0.1" />
            <part node="spike06OrientationArm" startTime="1.311" endTime="1.644"  startRot="-160.41 0.024 0.1" endRot="-121.78 0.024 0.1" />
            <part node="spike06OrientationArm" startTime="1.644" endTime="2.0"  startRot="-121.78 0.024 0.1" endRot="-85.138 0.024 0.1" />
        </animation>

        <animation name="turnedOnAnimation_blades" looping="true" isKeyframe="true">
            <part node="blades" startTime="0.0" endTime="0.5" startTrans="0.03 0.282 0.730"  endTrans="-0.03 0.282 0.730" />
            <part node="blades" startTime="0.5" endTime="1.0" startTrans="-0.03 0.282 0.730" endTrans="0.03 0.282 0.730" />
        </animation>
    </animations>

    <dynamicMount forceLimitScale="1">
        <lockPosition xmlFilename="$data/vehicles/nardi/n70_40/n70_40.xml" jointNode="0>" transOffset="0.1 0.3 -0.03" rotOffset="-7 -90 0"/>
    </dynamicMount>

    <cutter fruitTypeCategories="grainHeader">
        <effect>
            <effectNode effectClass="CutterMotionPathEffect" effectType="CUTTER" linkNode="cutterEffectLinkNode">
                <motionPathEffect textureFilename="$data/effects/cutter/arrays/grainheader/beltXArray.dds" numRows="32" rowLength="42" minFade="0.06" textureRealWidth="16" speedScale="0.17"/>
            </effectNode>
            <effectNode effectClass="ParticleEffect" effectNode="smokeEmitter" particleType="SMOKE" materialType="smokeParticle" emitCountScale="0.1" worldSpace="false" useCuttingWidth="false"/>
        </effect>

        <animationNodes>
            <animationNode node="mainDrum" rotAxis="1" rotSpeed="1000"  turnOnFadeTime="2" turnOffFadeTime="3"/>
            <animationNode class="ScrollingAnimation" node="outerBelts" scrollSpeed="-1.25" turnOnFadeTime="2" turnOffFadeTime="3"/>
            <animationNode class="ScrollingAnimation" node="innerBelt"  scrollSpeed="-0.75" turnOnFadeTime="2" turnOffFadeTime="3"/>
        </animationNodes>

        <automaticTilt raycastNode1="heightNode01" raycastNode2="heightNode03"/>
        <sounds>
            <cut template="cropCutting" volumeScale="1.6"/>
        </sounds>
    </cutter>

    <turnOnVehicle turnedOnByAttacherVehicle="true">
        <turnedOnAnimation name="turnedOnAnimation_spikes" speedScale="1.25" turnOnFadeTime="2" turnOffFadeTime="3"/>
        <turnedOnAnimation name="turnedOnAnimation_blades" speedScale="10" turnOnFadeTime="2" turnOffFadeTime="3"/>
        <sounds>
            <start template="harvesterToolStart" volumeScale="1.0" />
            <start template="mowerBeltStart"     volumeScale="0.4" />
            <work  template="harvesterToolWork"  volumeScale="0.8" />
            <work  template="mowerBeltLoop"      volumeScale="0.4" />
            <stop  template="harvesterToolStop"  volumeScale="1.0" />
            <stop  template="mowerBeltStop"      pitchScale="0.4" volumeScale="1.1" />
        </sounds>
    </turnOnVehicle>

    <ai>
        <areaMarkers leftNode="aiMarkerLeft" rightNode="aiMarkerRight" backNode="aiMarkerBack"/>
        <sizeMarkers leftNode="sizeMarkerLeft" rightNode="sizeMarkerRight" backNode="sizeMarkerBack"/>
        <collisionTrigger node="aiCollisionNode" width="12.8" height="2.1"/>
        <agentAttachment useSize="true"/>
    </ai>

    <foliageBending>
        <bendingNode minX="-6.4" maxX="6.4" minZ="-1.1" maxZ="0.3" yOffset="0.35"/>
    </foliageBending>

    <designConfigurations>
        <designConfiguration name="Fendt" price="0">
            <objectChange node="decals_mf"          visibilityActive="false"/>
            <objectChange node="decals_fendt"       visibilityActive="true"/>
        </designConfiguration>
        <designConfiguration name="Massey Ferguson" price="0" isSelectable="false" vehicleBrand="MASSEYFERGUSON">
            <objectChange node="decals_mf"          visibilityActive="true"/>
            <objectChange node="decals_fendt"       visibilityActive="false"/>
        </designConfiguration>
    </designConfigurations>

    <wearable wearDuration="480" workMultiplier="5" fieldMultiplier="2"/>
    <washable dirtDuration="90" washDuration="1" workMultiplier="4" fieldMultiplier="2"/>

    <i3dMappings>
        <i3dMapping id="dynaFlex9255_main_component1" node="0>" />
        <i3dMapping id="dynaFlex9255_vis" node="0>0" />
        <i3dMapping id="attacherJoint" node="0>0|0" />
        <i3dMapping id="heightNode01" node="0>0|0|0" />
        <i3dMapping id="heightNode02" node="0>0|0|1" />
        <i3dMapping id="heightNode03" node="0>0|0|2" />
        <i3dMapping id="mainDrum" node="0>0|1|0" />
        <i3dMapping id="reelRot" node="0>0|1|1" />
        <i3dMapping id="reelMove" node="0>0|1|1|0" />
        <i3dMapping id="reel" node="0>0|1|1|0|0" />
        <i3dMapping id="spike01" node="0>0|1|1|0|0|0" />
        <i3dMapping id="spike01OrientationArm" node="0>0|1|1|0|0|0|0" />
        <i3dMapping id="spike02" node="0>0|1|1|0|0|1" />
        <i3dMapping id="spike02OrientationArm" node="0>0|1|1|0|0|1|0" />
        <i3dMapping id="spike03" node="0>0|1|1|0|0|2" />
        <i3dMapping id="spike03OrientationArm" node="0>0|1|1|0|0|2|0" />
        <i3dMapping id="spike04" node="0>0|1|1|0|0|3" />
        <i3dMapping id="spike04OrientationArm" node="0>0|1|1|0|0|3|0" />
        <i3dMapping id="spike05" node="0>0|1|1|0|0|4" />
        <i3dMapping id="spike05OrientationArm" node="0>0|1|1|0|0|4|0" />
        <i3dMapping id="spike06" node="0>0|1|1|0|0|5" />
        <i3dMapping id="spike06OrientationArm" node="0>0|1|1|0|0|5|0" />
        <i3dMapping id="moveHydraulicsRef" node="0>0|1|1|0|1" />
        <i3dMapping id="moveHydraulics" node="0>0|1|1|1" />
        <i3dMapping id="moveHydraulicsPunch" node="0>0|1|1|1|0" />
        <i3dMapping id="reelRotHydraulicsRef" node="0>0|1|1|2" />
        <i3dMapping id="referencePointSafetyLock" node="0>0|1|1|3|0" />
        <i3dMapping id="reelRotHydraulics" node="0>0|1|2" />
        <i3dMapping id="reelRotHydraulicsPunch" node="0>0|1|2|0" />
        <i3dMapping id="reelRotHydraulicsSafetyLock" node="0>0|1|2|0|0" />
        <i3dMapping id="autoDockCover" node="0>0|1|3" />
        <i3dMapping id="outerBelts" node="0>0|1|4" />
        <i3dMapping id="innerBelt" node="0>0|1|5" />
        <i3dMapping id="blades" node="0>0|1|6" />
        <i3dMapping id="decals_mf" node="0>0|2|0" />
        <i3dMapping id="decals_fendt" node="0>0|2|1" />
        <i3dMapping id="cutterEffectLinkNode" node="0>0|3|0" />
        <i3dMapping id="smokeEmitter" node="0>0|3|1" />
        <i3dMapping id="aiMarkerLeft" node="0>0|4|0|0" />
        <i3dMapping id="aiMarkerRight" node="0>0|4|0|1" />
        <i3dMapping id="aiMarkerBack" node="0>0|4|0|2" />
        <i3dMapping id="sizeMarkerLeft" node="0>0|4|1|0" />
        <i3dMapping id="sizeMarkerRight" node="0>0|4|1|1" />
        <i3dMapping id="sizeMarkerBack" node="0>0|4|1|2" />
        <i3dMapping id="aiCollisionNode" node="0>0|4|2" />
        <i3dMapping id="workAreaStart" node="0>0|5|0" />
        <i3dMapping id="workAreaWidth" node="0>0|5|1" />
        <i3dMapping id="workAreaHeight" node="0>0|5|2" />
        <i3dMapping id="lightSelfIllum01" node="0>0|6|0|0" />
        <i3dMapping id="lightSelfIllum02" node="0>0|6|0|1" />
        <i3dMapping id="collisions" node="0>2" />
    </i3dMappings>
</vehicle>
