﻿<?xml version="1.0" encoding="utf-8" standalone="no"?>
<modDesc descVersion="93" xmlns:xsi="http://www.w3.org/2001/XMLSchema-instance" xsi:noNamespaceSchemaLocation="https://validation.gdn.giants-software.com/xml/fs25/modDesc.xsd">
    <author>Giants, Jeffro Mods</author>
    <version>1.1.0.0</version>
    <title>
        <en>Merlo Multifarmer449 Edit</en>
    </title>
    <description>
<en><![CDATA[
Merlo Multifarmer449 Edit

- Added window tint options (no tint, light tint, dark tint, darkest tint)
- Added sunstrip (tint) options (no strip, light, dark, limo)

- Added option for fenders on/off

- Added in wider tire options for all.

- Added in more color options interior and exterior
-- Interior: wood grain (oak, cedar), leather, more
----Interior
----Seats
----Wheel/Armrest

-- Exterior: Matte black, matte gray, more
----Main body color
----Grills
----Rims

- Added HP options (stock HP left alone), change speed to 45mph
-----Puma 260 Turbo at 402hp (60mph) ***Hood decals turn orange***
-----Puma 260 Xtreme at 1502hp (90mph) ***Hood decals turn red***


Have fun!
-Jeffro
]]></en>

    </description>
    <iconFilename>store_multifarmer449.dds</iconFilename>
    <multiplayer supported="true"/>
    <storeItems>
        <storeItem xmlFilename="multifarmer449.xml"/>
    </storeItems>
</modDesc>