﻿<?xml version="1.0" encoding="utf-8" standalone="no"?>
<modDesc descVersion="93" xmlns:xsi="http://www.w3.org/2001/XMLSchema-instance" xsi:noNamespaceSchemaLocation="https://validation.gdn.giants-software.com/xml/fs25/modDesc.xsd">
    <author>Giants, Jeffro Mods</author>
    <version>1.1.0.0</version>
    <title>
        <en>Merlo Multifarmer449 Edit</en>
    </title>
    <description>
<en><![CDATA[
Merlo Multifarmer449 Edit

- Added window tint options (no tint, light tint, dark tint, darkest tint)
- Added sunstrip (tint) options (no strip, dark, limo)

- Added in wider tire options for all

- Added in more color options interior and exterior
-- Interior: wood grain (oak, cedar), leather, more
----Interior
----Interior Accents
----Seats
----Steering Wheel

-- Exterior: Matte black, matte gray, more
----Main body color
----Fender color
----Door Stripe
----Rims

- Added HP options (stock HP left alone), change speed to 45mph
-----Multifarmer 44.9 Turbo at 220hp (35mph)
-----Multifarmer 44.9 Xtreme at 675hp (90mph)


Have fun!
-Jeffro
]]></en>

    </description>
    <iconFilename>store_multifarmer449.dds</iconFilename>
    <multiplayer supported="true"/>
    <storeItems>
        <storeItem xmlFilename="multifarmer449.xml"/>
    </storeItems>
</modDesc>