﻿<?xml version="1.0" encoding="utf-8" standalone="no" ?>
<vehicle type="teleHandler" xmlns:xsi="http://www.w3.org/2001/XMLSchema-instance" xsi:noNamespaceSchemaLocation="../../../../shared/xml/schema/vehicle.xsd">
    <annotation>Copyright (C) GIANTS Software GmbH, All Rights Reserved.</annotation>

    <storeData>
        <name>MF44.9CS-170-CVTRONIC Edit</name>
        <specs>
            <power>170</power>
            <maxSpeed>40</maxSpeed>
            <combination filterCategory="teleLoaderTools" />
        </specs>
        <functions>
            <function>$l10n_function_telehandler</function>
        </functions>
        <image>store_multifarmer449.dds</image>
        <price>149500</price>
        <lifetime>600</lifetime>
        <rotation>0</rotation>
        <brand>MERLO</brand>
        <category>teleLoaderVehicles</category>
        <shopTranslationOffset>0 -0.045 0</shopTranslationOffset>
        <shopRotationOffset>0 0 0</shopRotationOffset>
        <vertexBufferMemoryUsage>3424256</vertexBufferMemoryUsage>
        <indexBufferMemoryUsage>1556480</indexBufferMemoryUsage>
        <textureMemoryUsage>1441792</textureMemoryUsage>
        <instanceVertexBufferMemoryUsage>0</instanceVertexBufferMemoryUsage>
        <instanceIndexBufferMemoryUsage>0</instanceIndexBufferMemoryUsage>
        <audioMemoryUsage>862467</audioMemoryUsage>
    </storeData>

    <base>
        <typeDesc>$l10n_typeDesc_telehandler</typeDesc>
        <filename>i3d/multifarmer449.i3d</filename>
        <sounds filename="$data/vehicles/merlo/multifarmer449/sounds/multifarmer449.xml" volumeFactor="0.6"/>
        <size width="2.55" length="5.3" height="2.65" lengthOffset="0.4"/>
        <components>
            <component centerOfMass="0 0.35 -0.2" solverIterationCount="30" mass="3670" />
            <component centerOfMass="0 0 0" solverIterationCount="10" mass="1500" />
            <component centerOfMass="0 0 0" solverIterationCount="10" mass="3500" />
            <joint component1="1" component2="2" node="componentJointAxleFront" rotLimit="0 0 10" rotLimitSpring="0 0 4000" rotLimitDamping="0 0 75" maxRotDriveForce="0 0 10" rotDriveRotation="0 0 0" rotDriveSpring="0 0 20" rotDriveDamping="0 0 15" breakable="false"/>
            <joint component1="1" component2="3" node="componentJointAxleBack" rotLimit="0 0 0" rotLimitSpring="0 0 4000" rotLimitDamping="0 0 75" maxRotDriveForce="0 0 10" rotDriveRotation="0 0 0" rotDriveSpring="0 0 20" rotDriveDamping="0 0 15" breakable="false"/>
        </components>
        <schemaOverlay attacherJointPosition="0 0" name="LOADER" />
        <mapHotspot type="WHEELLOADER" />
    </base>

    <wheels>
        <wheelConfigurations tireCategories="TELEHANDLER">
            <wheelConfiguration name="$l10n_configuration_valueDefault" price="0" saveId="DEFAULT">
                <wheels autoRotateBackSpeed="2.4">
                    <wheel dimensions="500_70R24" isLeft="true" hasTireTracks="true" hasParticles="true">
                        <physics rotSpeed="1" restLoad="1.8" repr="wheelFrontLeftRepr"  driveNode="wheelFrontLeft"  forcePointRatio="0.35" initialCompression="10" suspTravel="0.08" spring="190" damper="50" frictionScale="2" yOffset="0.04"/>
                        <steering node="steeringBarFrontCenter" nodeMinTransX="0.12" nodeMaxTransX="-0.12" />
                    </wheel>
                    <wheel dimensions="500_70R24" isLeft="false" hasTireTracks="true" hasParticles="true">
                        <physics rotSpeed="1" restLoad="1.8" repr="wheelFrontRightRepr" driveNode="wheelFrontRight" forcePointRatio="0.35" initialCompression="10" suspTravel="0.08" spring="190" damper="50" frictionScale="2" yOffset="0.04"/>
                    </wheel>
                    <wheel dimensions="500_70R24" isLeft="true" hasTireTracks="true" hasParticles="true">
                        <physics rotSpeed="1" restLoad="3.0" repr="wheelBackLeftRepr"  driveNode="wheelBackLeft"  forcePointRatio="0.35" initialCompression="30" suspTravel="0.08" spring="115" damper="50" frictionScale="2" yOffset="0.04"/>
                        <steering node="steeringBarBackCenter" nodeMinTransX="-0.12" nodeMaxTransX="0.12" />
                    </wheel>
                    <wheel dimensions="500_70R24" isLeft="false" hasTireTracks="true" hasParticles="true">
                        <physics rotSpeed="1" restLoad="3.0" repr="wheelBackRightRepr" driveNode="wheelBackRight" forcePointRatio="0.35" initialCompression="30" suspTravel="0.08" spring="115" damper="50" frictionScale="2" yOffset="0.04"/>
                    </wheel>
                </wheels>
            </wheelConfiguration>
            <wheelConfiguration name="Wide Tires" price="0" saveId="WIDE1">
                <wheels baseConfig="DEFAULT" autoRotateBackSpeed="2.4">
                    <wheel dimensions="500_70R24" isLeft="true" hasTireTracks="true" hasParticles="true">
                        <steering node="steeringBarFrontCenter" nodeMinTransX="0.12" nodeMaxTransX="-0.12" />
                    </wheel>
                    <wheel dimensions="500_70R24" isLeft="false" hasTireTracks="true" hasParticles="true">
                    </wheel>
                    <wheel dimensions="500_70R24" isLeft="true" hasTireTracks="true" hasParticles="true">
                        <steering node="steeringBarBackCenter" nodeMinTransX="-0.12" nodeMaxTransX="0.12" />
                    </wheel>
                    <wheel dimensions="500_70R24" isLeft="false" hasTireTracks="true" hasParticles="true">
                    </wheel>
                </wheels>
                <objectChange node="wheelFrontLeft" scaleActive="1.2 1.0 1.0" />
                <objectChange node="wheelFrontRight" scaleActive="1.2 1.0 1.0" />
                <objectChange node="wheelBackLeft" scaleActive="1.2 1.0 1.0" />
                <objectChange node="wheelBackRight" scaleActive="1.2 1.0 1.0" />
            </wheelConfiguration>
            <wheelConfiguration name="Wider Tires" price="0" saveId="WIDE2">
                <wheels baseConfig="DEFAULT" autoRotateBackSpeed="2.4">
                    <wheel dimensions="500_70R24" isLeft="true" hasTireTracks="true" hasParticles="true">
                        <steering node="steeringBarFrontCenter" nodeMinTransX="0.12" nodeMaxTransX="-0.12" />
                    </wheel>
                    <wheel dimensions="500_70R24" isLeft="false" hasTireTracks="true" hasParticles="true">
                    </wheel>
                    <wheel dimensions="500_70R24" isLeft="true" hasTireTracks="true" hasParticles="true">
                        <steering node="steeringBarBackCenter" nodeMinTransX="-0.12" nodeMaxTransX="0.12" />
                    </wheel>
                    <wheel dimensions="500_70R24" isLeft="false" hasTireTracks="true" hasParticles="true">
                    </wheel>
                </wheels>
                <objectChange node="wheelFrontLeft"     scaleActive="1.3 1.0 1.0" />
                <objectChange node="wheelFrontRight"    scaleActive="1.3 1.0 1.0" />
                <objectChange node="wheelBackLeft"      scaleActive="1.3 1.0 1.0" />
                <objectChange node="wheelBackRight"     scaleActive="1.3 1.0 1.0" />
            </wheelConfiguration>
            <wheelConfiguration name="Xtra Wide" price="0" saveId="WIDE3">
                <wheels baseConfig="DEFAULT" autoRotateBackSpeed="2.4">
                    <wheel dimensions="500_70R24" isLeft="true" hasTireTracks="true" hasParticles="true">
                        <steering node="steeringBarFrontCenter" nodeMinTransX="0.12" nodeMaxTransX="-0.12" />
                    </wheel>
                    <wheel dimensions="500_70R24" isLeft="false" hasTireTracks="true" hasParticles="true">
                    </wheel>
                    <wheel dimensions="500_70R24" isLeft="true" hasTireTracks="true" hasParticles="true">
                        <steering node="steeringBarBackCenter" nodeMinTransX="-0.12" nodeMaxTransX="0.12" />
                    </wheel>
                    <wheel dimensions="500_70R24" isLeft="false" hasTireTracks="true" hasParticles="true">
                    </wheel>
                </wheels>
                <objectChange node="wheelFrontLeft" scaleActive="1.5 1.0 1.0" />
                <objectChange node="wheelFrontRight" scaleActive="1.5 1.0 1.0" />
                <objectChange node="wheelBackLeft" scaleActive="1.5 1.0 1.0" />
                <objectChange node="wheelBackRight" scaleActive="1.5 1.0 1.0" />
            </wheelConfiguration>
        </wheelConfigurations>
        <ackermannSteeringConfigurations>
            <ackermannSteering rotSpeed="35" rotMax="45" rotCenterNode="steeringCenterNode" />
        </ackermannSteeringConfigurations>

        <hubMaterial materialTemplateName="MERLO_GREEN1"/>

        <hubs>
            <hub linkNode="wheelFrontLeft" filename="$data/shared/wheels/hubs/hub_n8_4.xml" isLeft="true" scale="0.26 0.26 0.26" offset="0.008"/>
            <hub linkNode="wheelFrontRight" filename="$data/shared/wheels/hubs/hub_n8_4.xml" isLeft="false" scale="0.26 0.26 0.26" offset="0.008"/>
            <hub linkNode="wheelBackLeft" filename="$data/shared/wheels/hubs/hub_n8_4.xml" isLeft="true" scale="0.26 0.26 0.26" offset="0.008"/>
            <hub linkNode="wheelBackRight" filename="$data/shared/wheels/hubs/hub_n8_4.xml" isLeft="false" scale="0.26 0.26 0.26" offset="0.008"/>
        </hubs>
    </wheels>

    <speedRotatingParts>
        <speedRotatingPart node="wheelFrontLeftWheelPart" wheelScale="1" wheelIndex="1"/>
        <speedRotatingPart node="wheelFrontRightWheelPart" wheelScale="1" wheelIndex="2"/>
        <speedRotatingPart node="wheelBackLeftWheelPart" wheelScale="1" wheelIndex="3"/>
        <speedRotatingPart node="wheelBackRightWheelPart" wheelScale="1" wheelIndex="4"/>

        <speedRotatingPart node="wheelFrontLeftDriveShaft" wheelScale="5" wheelIndex="2"/>
        <speedRotatingPart node="wheelFrontLeftDriveShaftPart" wheelScale="5" wheelIndex="2"/>
        <speedRotatingPart node="wheelFrontRightDriveShaft" wheelScale="5" wheelIndex="2"/>
        <speedRotatingPart node="wheelFrontRightDriveShaftPart" wheelScale="5" wheelIndex="2"/>

        <speedRotatingPart node="wheelBackLeftDriveShaft" wheelScale="5" wheelIndex="3"/>
        <speedRotatingPart node="wheelBackLeftDriveShaftPart" wheelScale="5" wheelIndex="3"/>
        <speedRotatingPart node="wheelBackRightDriveShaft" wheelScale="5" wheelIndex="4"/>
        <speedRotatingPart node="wheelBackRightDriveShaftPart" wheelScale="5" wheelIndex="4"/>

        <speedRotatingPart node="axleBackDriveShaft01" wheelScale="5" wheelIndex="3"/>
        <speedRotatingPart node="axleBackDriveShaft02" wheelScale="5" wheelIndex="3"/>
        <speedRotatingPart node="axleBackDriveShaft03" wheelScale="5" wheelIndex="3"/>
        <speedRotatingPart node="axleBackDriveShaft04" wheelScale="5" wheelIndex="3"/>

        <speedRotatingPart node="axleFrontDriveShaft01" wheelScale="5" wheelIndex="1"/>
        <speedRotatingPart node="axleFrontDriveShaft02" wheelScale="5" wheelIndex="1"/>
        <speedRotatingPart node="axleFrontDriveShaft03" wheelScale="5" wheelIndex="1"/>
        <speedRotatingPart node="axleFrontDriveShaft04" wheelScale="5" wheelIndex="1"/>
    </speedRotatingParts>

    <attacherJoints comboDuration="2">
        <attacherJoint node="attacherJointPhys" nodeVisual="attacherJoint" jointType="telehandler" allowsJointLimitMovement="false" allowsLowering="false" rotLimitSpring="7500 7500 7500" rotLimitDamping="5 5 5" transLimitSpring="7500 7500 7500" transLimitDamping="5 5 5">
            <schema position="1 0" rotation="0" invertX="true" />
        </attacherJoint>

        <attacherJoint node="attacherJointBack" lowerRotationOffset="-0.1" moveTime="2.5" comboTime="1">
            <distanceToGround lower="0.32" upper="0.96"/>
            <rotationNode node="attacherJointBackRot" upperRotation="31 0 0" lowerRotation="-10 0 0"/>
            <rotationNode2 node="attacherJointBackRot2"/>
            <bottomArm rotationNode="attacherJointBackArmBottom" translationNode="attacherJointBackArmBottomTrans" referenceNode="referencePointBackBottom" zScale="-1" startRotation="-5 0 0" categoryRange="1 4" defaultCategory="2">
                <armLeft node="attacherJointBackArmBottomLeft" referenceNode="attacherJointBackArmBottomLeftRef"/>
                <armRight node="attacherJointBackArmBottomRight" referenceNode="attacherJointBackArmBottomRightRef"/>
            </bottomArm>
            <topArm baseNode="attacherJointBackArmTop" filename="$data/shared/assets/upperLinks/walterscheidSO_65_660.xml" materialTemplateName="metalPaintedBlack" zScale="-1" useBrandDecal="false"/>
            <schema position="1 0" rotation="0" invertX="false"/>
            <visuals hide="trailerAttacherBack trailerAttacherBackLow"/>
        </attacherJoint>

        <attacherJoint node="trailerAttacherJointBack" jointType="trailer" lowerRotLimit="25 75 50" allowsJointLimitMovement="false" comboTime="1">
            <distanceToGround lower="0.47" upper="1.003" />
            <transNode node="trailerAttacherBack" minY="0.50" maxY="1.028" height="0.25">
                <dependentBottomArm node="attacherJointBackArmBottom" threshold="0.65" rotation="30 0 0"/>
            </transNode>
            <schema position="1 0" rotation="0" invertX="false" />
            <visuals nodes="trailerAttacherBack" hide="trailerAttacherBackLow"/>
        </attacherJoint>

        <attacherJoint node="trailerAttacherJointBackLow" jointType="trailerLow" lowerRotLimit="25 65 50" lowerTransLimit="0 0 0" allowsJointLimitMovement="false" comboTime="1">
            <distanceToGround lower="0.48" upper="1.00" />
            <transNode node="trailerAttacherBackLow" minY="0.51" maxY="1.034">
                <dependentBottomArm node="attacherJointBackArmBottom" rotation="38 0 0"/>
            </transNode>
            <schema position="1 0" rotation="0" invertX="false" />
            <visuals nodes="trailerAttacherBackLow" hide="trailerAttacherBack"/>
            <steeringBars leftNode="trailerSteeringBarLeftRef" rightNode="trailerSteeringBarRightRef" />
        </attacherJoint>

        <attacherJoint node="trailerAttacherJointFront" jointType="trailer" lowerRotLimit="25 42 50" allowsJointLimitMovement="false" comboTime="0" canTurnOnImplement="false">
            <schema position="1 0" rotation="0" invertX="true" />
        </attacherJoint>
    </attacherJoints>

    <powerTakeOffs>
        <output outputNode="ptoBack" attacherJointIndices="2 3 4">
            <animationNodes>
                <animationNode node="ptoBackKardan01" rotSpeed="1000" rotAxis="1" turnOnFadeTime="0.5" turnOffFadeTime="0.5"/>
                <animationNode node="ptoBackKardan02" rotSpeed="1000" rotAxis="1" turnOnFadeTime="0.5" turnOffFadeTime="0.5"/>
                <animationNode node="ptoBackKardan03" rotSpeed="1000" rotAxis="1" turnOnFadeTime="0.5" turnOffFadeTime="0.5"/>
            </animationNodes>
            <dashboard displayType="EMITTER" valueType="state" node="iconPTO_decal" baseColor="SHARED_GREY3" emitColor="YELLOW" intensity="0.3" groups="MOTOR_ACTIVE"/>
        </output>
    </powerTakeOffs>

    <connectionHoses>
        <target attacherJointIndices="2 3 4" type="hydraulicIn" node="hydraulicIn01">
            <objectChange node="hydraulicIn01_cover" rotationActive="100 0 0" rotationInactive="0 0 0"/>
        </target>
        <target attacherJointIndices="2 3 4" type="hydraulicOut" node="hydraulicOut01">
            <objectChange node="hydraulicOut01_cover" rotationActive="100 0 0" rotationInactive="0 0 0"/>
        </target>
        <target attacherJointIndices="2 3 4" type="hydraulicIn" node="hydraulicIn02">
            <objectChange node="hydraulicIn02_cover" rotationActive="100 0 0" rotationInactive="0 0 0"/>
        </target>
        <target attacherJointIndices="2 3 4" type="hydraulicOut" node="hydraulicOut02">
            <objectChange node="hydraulicOut02_cover" rotationActive="100 0 0" rotationInactive="0 0 0"/>
        </target>
        <target attacherJointIndices="2 3 4" type="hydraulicIn" node="hydraulicIn03">
            <objectChange node="hydraulicIn03_cover" rotationActive="100 0 0" rotationInactive="0 0 0"/>
        </target>
        <target attacherJointIndices="2 3 4" type="hydraulicOut" node="hydraulicOut03">
            <objectChange node="hydraulicOut03_cover" rotationActive="100 0 0" rotationInactive="0 0 0"/>
        </target>
        <target attacherJointIndices="2 3 4" type="hydraulicIn" node="hydraulicIn04">
            <objectChange node="hydraulicIn04_cover" rotationActive="100 0 0" rotationInactive="0 0 0"/>
        </target>
        <target attacherJointIndices="2 3 4" type="hydraulicOut" node="hydraulicOut04">
            <objectChange node="hydraulicOut04_cover" rotationActive="100 0 0" rotationInactive="0 0 0"/>
        </target>

        <target attacherJointIndices="2 3 4" type="electric" node="electric_socket" socket="electric"/>
    </connectionHoses>

    <lights>
        <sharedLight linkNode="rearLight26Red_01" filename="$data/shared/assets/lights/lizard/rearLight26Red.xml"/>
        <sharedLight linkNode="rearLight26Red_02" filename="$data/shared/assets/lights/lizard/rearLight26Red.xml"/>
        <sharedLight linkNode="workingLight29_01" filename="$data/shared/assets/lights/lizard/workingLight29.xml" lightTypes="2" />
        <sharedLight linkNode="workingLight29_02" filename="$data/shared/assets/lights/lizard/workingLight29.xml" lightTypes="2" />
        <sharedLight linkNode="plateNumberLight04" filename="$data/shared/assets/lights/lizard/plateNumberLight04.xml"/>

        <states>
            <state lightTypes="0" />
            <state lightTypes="0 1" />
            <state lightTypes="0 1 2" />
        </states>

        <realLights>
            <low>
                <light node="frontLightLow" lightTypes="0" excludedLightTypes="2 3"/>
                <light node="highBeamLow" lightTypes="3"/>
                <light node="workLightBackLow" lightTypes="1"/>
                <light node="workLightFrontLow" lightTypes="2"/>
            </low>
            <high>
                <light node="frontLightHigh" lightTypes="0" excludedLightTypes="2 3"/>
                <light node="backLightsHigh" lightTypes="0"/>
                <light node="licensePlateLightHigh" lightTypes="0"/>
                <light node="workLightBackHigh" lightTypes="1"/>
                <light node="workLightFrontHigh" lightTypes="2"/>
                <light node="workLightFrontHighArm" lightTypes="2"/>
                <light node="highBeamHigh" lightTypes="3"/>
                <brakeLight node="backLightsHigh" />
                <turnLightLeft node="turnLightLeftFront" />
                <turnLightRight node="turnLightRightFront" />
                <turnLightLeft node="turnLightLeftBack" />
                <turnLightRight node="turnLightRightBack" />
                <interiorLight node="interiorScreenLight01"/>
                <interiorLight node="interiorScreenLight02"/>
            </high>
        </realLights>

        <staticLightCompounds>
            <staticLightCompound>
                <node node="lightsFrontAxle_static" intensity="5"/>
                <node node="lightsGlassFrontAxle_static" intensity="1"/>
                <node node="lightsBackAxle_static" intensity="5"/>
                <node node="lightsGlassBackAxle_static" intensity="1"/>
                <node node="lightsCabin_static" intensity="5"/>
                <node node="lightsGlassCabin_static" intensity="1"/>
            </staticLightCompound>
        </staticLightCompounds>

        <beaconLights>
            <beaconLight node="beaconLight07" filename="$data/shared/assets/beaconLights/lizard/beaconLight07.xml" />
        </beaconLights>

        <dashboards>
            <dashboard displayType="ROT" valueType="turnLight" node="leverTurnLight" minRot="0 15 0" maxRot="0 -15 0" doInterpolation="true" />
            <dashboard displayType="ROT" valueType="beaconLight" node="switchBeaconLight" minRot="0 0 0" maxRot="-17 0 0" doInterpolation="true" />
            <dashboard displayType="ROT" valueType="lightState" node="leverTurnLightScroler" minRot="0 0 0" maxRot="0 0 60" doInterpolation="true" lightTypes="1" groups="MOTOR_ACTIVE"/>
            <dashboard displayType="ROT" valueType="lightState" node="switchWorkLightBack" minRot="0 0 0" maxRot="-17 0 0" doInterpolation="true" lightTypes="1" />
            <dashboard displayType="ROT" valueType="lightState" node="switchWorkLightFront" minRot="0 0 0" maxRot="-17 0 0" doInterpolation="true" lightTypes="2" />

            <dashboard displayType="EMITTER" valueType="lightState" node="iconLightupWhite_decals" lightTypes="0" baseColor="SHARED_GREY3" intensity="0.3"/>
            <dashboard displayType="EMITTER" valueType="lightState" node="iconLightupGreen_decal" lightTypes="0" baseColor="SHARED_GREY3" emitColor="GREEN" intensity="0.3"/>
            <dashboard displayType="EMITTER" valueType="lightState" node="iconArmrestLightupGreen_decal" lightTypes="0" baseColor="SHARED_GREY3" emitColor="GREEN" intensity="0.3"/>
            <dashboard displayType="EMITTER" valueType="lightState" node="iconDefaultLight_decals" lightTypes="0" baseColor="SHARED_GREY3" emitColor="GREEN" intensity="0.3"/>
            <dashboard displayType="EMITTER" valueType="lightState" node="iconHighBeam_decal" lightTypes="3" baseColor="SHARED_GREY3" emitColor="BLUE" intensity="0.3"/>
            <dashboard displayType="EMITTER" valueType="lightState" node="iconWorkLightsBack_decal" lightTypes="1" baseColor="SHARED_GREY3" emitColor="ORANGE" intensity="0.3" groups="MOTOR_ACTIVE"/>
            <dashboard displayType="EMITTER" valueType="lightState" node="iconWorkLightsFront_decal" lightTypes="2" baseColor="SHARED_GREY3" emitColor="ORANGE" intensity="0.3" groups="MOTOR_ACTIVE"/>
            <dashboard displayType="EMITTER" valueType="turnLightAny" node="iconTurnLight_decal" baseColor="SHARED_GREY3" emitColor="GREEN" intensity="0.3"/>
            <dashboard displayType="EMITTER" valueType="turnLightAny" node="iconTurnLightTrailer_decal" baseColor="SHARED_GREY3" emitColor="GREEN" intensity="0.3" groups="BACK_ATTACHMENT"/>
            <dashboard displayType="EMITTER" valueType="turnLightHazard" node="iconTurnLightHazardWhite_decal" intensity="0.3" groups="MOTOR_ACTIVE"/>
            <dashboard displayType="EMITTER" valueType="turnLightHazard" node="iconTurnLightHazardRed_decal" intensity="0.3" groups="MOTOR_ACTIVE"/>
            <dashboard displayType="EMITTER" valueType="beaconLight" node="iconBeaconLight_decal" baseColor="SHARED_GREY3" emitColor="ORANGE" intensity="0.3" groups="MOTOR_ACTIVE"/>
            <dashboard displayType="EMITTER" valueType="beaconLight" node="iconBeaconLightActive_decal" baseColor="SHARED_GREY3" emitColor="ORANGE" intensity="0.3" groups="MOTOR_ACTIVE"/>
        </dashboards>
    </lights>

    <licensePlates>
        <licensePlate node="licensePlateFront" position="FRONT" preferedType="SQUARISH" placementArea="0.3 0.3 0.05 0.3"/>
        <licensePlate node="licensePlateBack" position="BACK" preferedType="SQUARISH" placementArea="0.076 0.3 0.11 0.3"/>
    </licensePlates>

    <enterable isTabbable="true">
        <enterReferenceNode node="multifarmer449_main_component1" />
        <exitPoint node="exitPoint" />

        <cameras>
            <camera node="outdoorCamera" rotatable="true" rotateNode="outdoorCameraTarget" limit="true" useWorldXZRotation="true" rotMinX="-1.4" rotMaxX="1" transMin="3.9" transMax="40" translation="0 0 6.2" rotation="-15 180 0">
                <raycastNode node="cameraRaycastNode1"/>
                <raycastNode node="cameraRaycastNode2"/>
                <raycastNode node="cameraRaycastNode3"/>
            </camera>
            <camera node="indoorCamera" rotatable="true" limit="true" rotMinX="-1.1" rotMaxX="0.8" transMin="0" transMax="0" useMirror="true" isInside="true" shadowFocusBox="shadowFocusBox" suspensionNodeIndex="1"/>
        </cameras>

        <mirrors>
            <mirror node="mirrorLeft" prio="1" />
            <mirror node="mirrorRight" prio="1" />
        </mirrors>

        <characterNode node="playerSkin" cameraMinDistance="0.5">
            <target ikChain="rightFoot" targetNode="playerRightFootTarget" />
            <target ikChain="leftFoot" targetNode="playerLeftFootTarget" />
            <target ikChain="rightArm" targetNode="playerRightHandTarget" poseId="narrowFingers" />
            <target ikChain="leftArm" targetNode="playerLeftHandTarget" />
        </characterNode>

        <characterTargetNodeModifier node="playerRightFootTarget" transitionTime="0.1">
            <state node="playerRightFootTargetGas" referenceNode="pedalGas" directionReferenceNode="playerRightFootTargetGasRef" />
            <state node="playerRightFootTargetBrake" referenceNode="pedalBrake" />
        </characterTargetNodeModifier>

        <dashboards>
            <dashboard displayType="TEXT" valueType="operatingTime" node="numbersOperatingTime" textColor="MERLO_GREEN1" hiddenColor="MERLO_GREEN1" textSize="0.0043" textMask="000000" emissiveScale="0.5" font="DIGIT" groups="MOTOR_ACTIVE"/>
        </dashboards>
    </enterable>

    <motorized>
        <consumerConfigurations>
            <consumerConfiguration>
                <consumer fillUnitIndex="1" usage="68" fillType="diesel" /> <!-- usage is per hour at max load and max rpm -->
                <consumer fillUnitIndex="2" usage="8.5" fillType="def" /> <!-- usage is per hour at max load and max rpm -->
            </consumerConfiguration>
        </consumerConfigurations>

        <differentialConfigurations>
            <differentialConfiguration>
                <differentials>
                    <differential torqueRatio="0.5" maxSpeedRatio="2.0" wheelIndex1="1" wheelIndex2="2" /> <!-- front left-right -->
                    <differential torqueRatio="0.5" maxSpeedRatio="1.8" wheelIndex1="3" wheelIndex2="4" /> <!-- back left-right -->
                    <differential torqueRatio="0.5" maxSpeedRatio="1.2" differentialIndex1="1" differentialIndex2="2" /> <!-- front-back -->
                </differentials>
            </differentialConfiguration>
        </differentialConfigurations>

        <motorConfigurations>
            <motorConfiguration name="Multifarmer 44.9" hp="170" price="0">
                <motor torqueScale="0.719" minRpm="850" maxRpm="2200" maxForwardSpeed="43" maxBackwardSpeed="43" brakeForce="6.2" lowBrakeForceScale="0.1" dampingRateScale="0.62">
                    <torque normRpm="0.45" torque="0.9"/>
                    <torque normRpm="0.5" torque="0.97"/>
                    <torque normRpm="0.59" torque="1"/>
                    <torque normRpm="0.72" torque="1"/>
                    <torque normRpm="0.86" torque="0.88"/>
                    <torque normRpm="1" torque="0.72"/>
                </motor>
                <transmission minForwardGearRatio="15.8" maxForwardGearRatio="320" minBackwardGearRatio="15.8" maxBackwardGearRatio="320" name="$l10n_info_transmission_cvt"/>
            </motorConfiguration>
        </motorConfigurations>

        <exhaustEffects>
            <exhaustEffect node="exhaustParticle" filename="$data/effects/exhaust/exhaust.i3d" minRpmColor="0.9 0.9 0.9 0.1" maxRpmColor="0.9 0.9 0.9 0.4" minRpmScale="0.05" maxRpmScale="0.5" />
        </exhaustEffects>

        <motorStartDuration>3000</motorStartDuration>

        <dashboards>
            <dashboard displayType="SLIDER" valueType="motorTemperature" node="sliderTemperature_decals" minValueSlider="40" maxValueSlider="120" intensity="0.3" groups="MOTOR_ACTIVE"/>

            <dashboard displayType="ROT" valueType="rpm" node="needleRPM" minRot="0" maxRot="-65" rotAxis="2" groups="MOTOR_ACTIVE"/>
            <dashboard displayType="ROT" valueType="movingDirection" node="leverMovingDirection" minRot="0 25 0" maxRot="0 -25 0" doInterpolation="true" groups="MOTOR_ACTIVE"/>

            <dashboard displayType="TEXT" valueType="speed" node="numbersSpeed" textColor="MERLO_GREEN1" textSize="0.013" textScaleX="0.85" textMask="0.0" textAlignment="RIGHT" emissiveScale="0.5" font="DIGIT" groups="MOTOR_ACTIVE" maxActiveValue="9.99"/>
            <dashboard displayType="TEXT" valueType="speed" node="numbersSpeed" textColor="MERLO_GREEN1" textSize="0.013" textScaleX="0.85" textMask="00" textAlignment="RIGHT" emissiveScale="0.5" font="DIGIT" groups="MOTOR_ACTIVE" minActiveValue="10"/>
            <dashboard displayType="TEXT" valueType="fuelUsage" node="numbersFuelUsage" textColor="MERLO_GREEN1" textSize="0.004" textMask="000.0" emissiveScale="0.5" font="DIGIT" groups="MOTOR_ACTIVE"/>

            <dashboard displayType="MULTI_STATE" valueType="ignitionState" node="keyIgnition" doInterpolation="true" groups="MOTOR_ACTIVE">
                <state value="0" rotation="0 0 0"/>
                <state value="1" rotation="90 0 0"/>
                <state value="2" rotation="60 0 0"/>
            </dashboard>
        </dashboards>
    </motorized>

    <drivable>
        <steeringWheel node="steeringWheel" indoorRotation="540" outdoorRotation="70" />

        <dashboards>
            <dashboard displayType="ROT" valueType="accelerationAxis" node="pedalGas" minRot="0 0 0" maxRot="-25 0 0" doInterpolation="true" groups="MOTOR_ACTIVE"/>
            <dashboard displayType="ROT" valueType="decelerationAxis" node="pedalBrake" minRot="0 0 0" maxRot="-20 0 0" doInterpolation="true" groups="MOTOR_ACTIVE"/>

            <dashboard displayType="ROT" valueType="steeringAngle" node="playerLeftHandTargetRotNode" minRot="0 70 0" maxRot="-48 -70.5 55" doInterpolation="true" groups="MOTOR_ACTIVE"/>
            <dashboard displayType="ROT" valueType="steeringAngle" node="playerSkinRotNode" minRot="5 0 0" maxRot="0 0 0" doInterpolation="true" groups="MOTOR_ACTIVE"/>
        </dashboards>
    </drivable>

    <suspensions>
        <suspension node="cabin" weight="150" minTranslation="0.0 -0.15 0.0" maxTranslation="0.0 0.15 0.0" suspensionParametersY="5 1"/>
        <suspension node="seat" weight="150" minTranslation="0.0 -0.15 0.0" maxTranslation="0.0 0.01 0.0" suspensionParametersY="5 1" startTranslationOffset="0 -0.015 0"/>
        <suspension useCharacterTorso="true" weight="90" minRotation="0 -5 -5" maxRotation="0 5 5" suspensionParametersY="7 1" suspensionParametersZ="7 1" />
    </suspensions>

    <wipers>
        <wiper animName="wiperFront01">
            <state animSpeed="1.0" animPause="2.0" />
            <state animSpeed="1.0" animPause="0.0" />
            <state animSpeed="1.7" animPause="0.0" />
        </wiper>
        <wiper animName="wiperBack">
            <state animSpeed="1.0" animPause="2.0" />
        </wiper>

        <dashboards>
            <dashboard displayType="MULTI_STATE" valueType="state" node="switchWiperFront" doInterpolation="true">
                <state value="0" rotation="0 0 0"/>
                <state value="1" rotation="-17 0 0"/>
                <state value="2" rotation="-17 0 0"/>
            </dashboard>
            <dashboard displayType="ROT" valueType="state" node="switchWiperBack" minRot="0 0 0" maxRot="-17 0 0" doInterpolation="true"/>

            <dashboard displayType="EMITTER" valueType="state" node="iconWiperFront_decal" intensity="0.3" baseColor="SHARED_GREY3" inactiveIntensity="0.5" inactiveColor="GREEN" emitColor="ORANGE" groups="MOTOR_ACTIVE"/>
            <dashboard displayType="EMITTER" valueType="state" node="iconWiperBack_decal" intensity="0.3" baseColor="SHARED_GREY3" inactiveIntensity="0.5" inactiveColor="GREEN" emitColor="ORANGE" groups="MOTOR_ACTIVE"/>
        </dashboards>
    </wipers>

    <animations>
        <animation name="wiperFront01" isKeyframe="true">
            <part node="wiperFrontArm01" startTime="0.0" endTime="0.5" startRot="0 0 0" endRot="0 0 31.5" />
            <part node="wiperFrontArm02" startTime="0.0" endTime="0.5" startRot="0 0 0" endRot="0 0 31.5" />
            <part node="wiperFrontArm01Part" startTime="0.0" endTime="0.5" startRot="0 0 0" endRot="-1.85 0 0" />
            <part node="wiperFrontArm02Part" startTime="0.0" endTime="0.5" startRot="0 0 0" endRot="-1.85 0 0" />
            <part node="wiperFront" startTime="0.0" endTime="0.5" startRot="0 0 0" endRot="-1.85 0 -31.5" />

            <part node="wiperFrontArm01" startTime="0.5" endTime="1.0" startRot="0 0 31.5" endRot="0 0 65" />
            <part node="wiperFrontArm02" startTime="0.5" endTime="1.0" startRot="0 0 31.5" endRot="0 0 65" />
            <part node="wiperFrontArm01Part" startTime="0.5" endTime="1.0" startRot="-1.85 0 0" endRot="-0.3 0 0" />
            <part node="wiperFrontArm02Part" startTime="0.5" endTime="1.0" startRot="-1.85 0 0" endRot="-0.3 0 0" />
            <part node="wiperFront" startTime="0.5" endTime="1.0" startRot="-1.85 0 -31.5" endRot="-1.2 0 -65" />
        </animation>

        <animation name="wiperBack" isKeyframe="true">
            <part node="wiperBack" startTime="0" endTime="1" startRot="0 0 0" endRot="0 0 60"/>
        </animation>
    </animations>

    <cylindered>
        <movingTools>
            <movingTool node="arm01Phys" delayedNode="arm01" playSound="false">
                <controls axis="AXIS_FRONTLOADER_ARM" invertAxis="true" mouseSpeedFactor="0.4" iconName="CRANE_ARM2_ROTATE_X" />
                <attacherJoint jointIndices="1" />
                <rotation rotSpeed="15" rotAcceleration="100" rotMax="2.9" rotMin="-66" startRot="-2" />
                <dependentMovingTool node="attacherPhys" minRotLimits="-3 -30" maxRotLimits="112 50" />
                <dependentPart node="attacherPhysRot" />
            </movingTool>

            <movingTool node="arm01">
                <dependentPart node="armHydraulic01" />
                <dependentPart node="armHydraulic02" />
                <dependentPart node="attacherRot" />
            </movingTool>

            <movingTool node="arm02Phys" delayedNode="arm02" playSound="true">
                <controls axis="AXIS_FRONTLOADER_ARM2" invertAxis="false" mouseSpeedFactor="0.2" iconName="CRANE_ARM2_TRANSLATE" />
                <attacherJoint jointIndices="1" />
                <translation transSpeed="0.5" transAcceleration="10" transMin="0" transMax="2" translationAxis="3" />
                <dependentMovingTool node="arm03Phys" speedScale="1"/>
            </movingTool>

            <movingTool node="arm03Phys" delayedNode="arm03" playSound="true">
                <attacherJoint jointIndices="1" />
                <translation transSpeed="0.5" transAcceleration="10" transMin="0" transMax="2" translationAxis="3" />
            </movingTool>

            <movingTool node="attacherPhys" delayedNode="attacher" playSound="false">
                <controls axis="AXIS_FRONTLOADER_TOOL" invertAxis="true" mouseSpeedFactor="0.35" iconName="CRANE_ARM2_ROTATE_TOOL" />
                <attacherJoint jointIndices="1" />
                <rotation rotSpeed="60" rotAcceleration="300" rotMax="100" rotMin="-3" startRot="0" />
            </movingTool>

            <movingTool node="attacher">
                <dependentPart node="attacherAlignArm" />
            </movingTool>

            <movingTool node="attacherJointBackArmBottom">
                <dependentPart node="attacherJointBackArmMain"/>
                <dependentPart node="attacherJointBackArmBottomLeftPart" />
                <dependentPart node="attacherJointBackArmBottomRightPart" />
            </movingTool>
        </movingTools>

        <movingParts>
            <!-- steeringBar -->
            <movingPart node="steeringBarFrontLeft" referencePoint="steeringBarFrontLeftRef" referenceFrame="steeringBarFrontLeftRef" isActiveDirty="true" maxUpdateDistance="50" scaleZ="true">
                <dependentPart node="steeringBarFrontRight" />
                <dependentPart node="steeringBarBackLeft" />
                <dependentPart node="steeringBarBackRight" />
                <dependentPart node="axleFrontHydraulic" />
                <dependentPart node="axleBackHydraulic" />
            </movingPart>
            <movingPart node="steeringBarFrontRight" referencePoint="steeringBarFrontRightRef" referenceFrame="steeringBarFrontRightRef" scaleZ="true"/>
            <movingPart node="steeringBarBackLeft" referencePoint="steeringBarBackLeftRef" referenceFrame="steeringBarBackLeftRef" scaleZ="true"/>
            <movingPart node="steeringBarBackRight" referencePoint="steeringBarBackRightRef" referenceFrame="steeringBarBackRightRef" scaleZ="true"/>

            <movingPart node="axleFrontHydraulic" referencePoint="axleFrontHydraulicRef" referenceFrame="axleFrontHydraulicRef">
                <translatingPart node="axleFrontHydraulicPunch" />
            </movingPart>
            <movingPart node="axleBackHydraulic" referencePoint="axleBackHydraulicRef" referenceFrame="axleBackHydraulicRef">
                <translatingPart node="axleBackHydraulicPunch" />
            </movingPart>

            <movingPart node="wheelFrontLeftDriveShaftOrient" referencePoint="wheelFrontLeftDriveShaftOrientRef" referenceFrame="wheelFrontLeftDriveShaftOrientRef" isActiveDirty="true" maxUpdateDistance="10">
                <dependentPart node="wheelFrontRightDriveShaftOrient" />
                <dependentPart node="wheelBackLeftDriveShaftOrient" />
                <dependentPart node="wheelBackRightDriveShaftOrient" />
            </movingPart>
            <movingPart node="wheelFrontRightDriveShaftOrient" referencePoint="wheelFrontRightDriveShaftOrientRef" referenceFrame="wheelFrontRightDriveShaftOrientRef"/>
            <movingPart node="wheelBackLeftDriveShaftOrient" referencePoint="wheelBackLeftDriveShaftOrientRef" referenceFrame="wheelBackLeftDriveShaftOrientRef"/>
            <movingPart node="wheelBackRightDriveShaftOrient" referencePoint="wheelBackRightDriveShaftOrientRef" referenceFrame="wheelBackRightDriveShaftOrientRef" />

            <!-- cabin -->
            <movingPart node="cabinStabiFront" referencePoint="cabinStabiFrontRef" referenceFrame="cabinStabiFrontRefFrame" limitedAxis="1" isActiveDirty="true" maxUpdateDistance="50">
                <dependentPart node="cabinStabiBack" />
                <dependentPart node="cabinStabiBottom" />
                <dependentPart node="cabinHydraulicPunch" />
            </movingPart>
            <movingPart node="cabinHydraulicPunch" referencePoint="cabinHydraulicRef" referenceFrame="cabinHydraulicRef">
                <translatingPart node="cabinHydraulic" />
            </movingPart>
            <movingPart node="cabinStabiBack" referencePoint="cabinStabiBackRef" referenceFrame="cabinStabiBackRefFrame" limitedAxis="1" scaleZ="true" />
            <movingPart node="cabinStabiBottom" referencePoint="cabinStabiBottomRef" referenceFrame="cabinStabiBottomRefFrame" limitedAxis="1" />

            <!-- arm -->
            <movingPart node="armHydraulic01" referencePoint="armHydraulic01Ref" referenceFrame="armHydraulic01Ref">
                <translatingPart node="armHydraulic01Punch" />
            </movingPart>
            <movingPart node="armHydraulic02" referencePoint="armHydraulic02Ref" referenceFrame="armHydraulic02Ref">
                <translatingPart node="armHydraulic02Punch" />
            </movingPart>

            <!-- arm attacher -->
            <movingPart node="attacherPhysRot" referenceFrame="multifarmer449_main_component1">
                <attacherJoint jointIndices="1" />
            </movingPart>
            <movingPart node="attacherRot" referenceFrame="multifarmer449_main_component1">
                <dependentPart node="attacherAlignArm" />
            </movingPart>

            <movingPart node="attacherAlignArm" localReferencePoint="attacherAlignArmPart" referencePoint="attacherAlignArmRef" referenceFrame="attacherAlignArmRefFrame" limitedAxis="1">
                <dependentPart node="attacherAlignArmPart" />
                <dependentPart node="attacherHydraulic" />
            </movingPart>
            <movingPart node="attacherAlignArmPart" referencePoint="attacherAlignArmRef" referenceFrame="attacherAlignArmRef" limitedAxis="1"/>
            <movingPart node="attacherHydraulic" referencePoint="attacherHydraulicRef" referenceFrame="attacherHydraulicRef">
                <translatingPart node="attacherHydraulicPunch" />
            </movingPart>

            <!-- attacher -->
            <movingPart node="attacherJointBackArmMain" localReferencePoint="attacherJointBackArmMainLocalRef" referencePoint="attacherJointBackArmMainRef" referenceFrame="attacherJointBackArmMainRefFrame" limitedAxis="1">
                <dependentPart node="attacherJointBackArmMainHydraulic"/>
                <dependentPart node="attacherJointBackArmMainPartLeft"/>
                <dependentPart node="attacherJointBackArmMainPartRight"/>
            </movingPart>
            <movingPart node="attacherJointBackArmMainHydraulic" referencePoint="attacherJointBackArmMainHydraulicRef" referenceFrame="attacherJointBackArmMainHydraulicRef" isActiveDirty="true" maxUpdateDistance="10">
                <translatingPart node="attacherJointBackArmMainHydraulicPunch" />
            </movingPart>

            <movingPart node="attacherJointBackArmMainPartLeft" referencePoint="attacherJointBackArmMainPartLeftRef" referenceFrame="attacherJointBackArmMainPartLeftRef" />
            <movingPart node="attacherJointBackArmBottomLeftPart" referencePoint="attacherJointBackArmBottomLeftPartRef" referenceFrame="attacherJointBackArmBottomLeftPartRef">
                <translatingPart node="attacherJointBackArmBottomLeftPartPunch" />
            </movingPart>
            <movingPart node="attacherJointBackArmMainPartRight" referencePoint="attacherJointBackArmMainPartRightRef" referenceFrame="attacherJointBackArmMainPartRightRef" />
            <movingPart node="attacherJointBackArmBottomRightPart" referencePoint="attacherJointBackArmBottomRightPartRef" referenceFrame="attacherJointBackArmBottomRightPartRef">
                <translatingPart node="attacherJointBackArmBottomRightPartPunch" />
            </movingPart>
        </movingParts>

        <dashboards>
            <dashboard displayType="ROT" valueType="movingTool" node="joystick" rotAxis="1" minRot="-15" maxRot="15" axis="AXIS_FRONTLOADER_ARM" doInterpolation="true" groups="MOTOR_ACTIVE"/>
            <dashboard displayType="ROT" valueType="movingTool" node="joystick" rotAxis="3" minRot="-15" maxRot="15" axis="AXIS_FRONTLOADER_TOOL" doInterpolation="true" groups="MOTOR_ACTIVE"/>
        </dashboards>
        <sounds>
            <actionSound template="hydraulicClose01" volumeScale="3"   pitchScale="0.6" linkNode="arm01Phys"    actionNames="TOOL_MOVE_NEG"                                   nodes="arm01Phys" fadeIn="0.1" fadeOut="0.1" />
            <actionSound template="hydraulicOpen01"  volumeScale="4"   pitchScale="1.6" linkNode="arm01Phys"    actionNames="TOOL_MOVE_NEG"                                   nodes="arm01Phys" fadeIn="0.1" fadeOut="0.1" />
            <actionSound template="hydraulicOpen02"  volumeScale="1.6" pitchScale="1.2" linkNode="arm01Phys"    actionNames="TOOL_MOVE_POS"                                   nodes="arm01Phys" fadeIn="0.1" fadeOut="0.1" />
            <actionSound template="hydraulicOpen01"  volumeScale="1.6" pitchScale="0.8" linkNode="arm01Phys"    actionNames="TOOL_MOVE_POS"                                   nodes="arm01Phys" fadeIn="0.1" fadeOut="0.1" />
            <actionSound template="hydraulicOpen05"  volumeScale="2"   pitchScale="2"   linkNode="arm02Phys"    actionNames="TOOL_MOVE_POS TOOL_MOVE_NEG"                     nodes="arm02Phys" fadeIn="0.1" fadeOut="0.1" />
            <actionSound template="hydraulicOpen04"  volumeScale="2"   pitchScale="2"   linkNode="arm02Phys"    actionNames="TOOL_MOVE_POS TOOL_MOVE_NEG"                     nodes="arm02Phys" fadeIn="0.1" fadeOut="0.1" />
            <actionSound template="cylinderPunch"    volumeScale="0.7" pitchScale="1.2" linkNode="arm01Phys"    actionNames="TOOL_MOVE_END_POS_LIMIT"                         nodes="arm01Phys"/>
            <actionSound template="vibratingImp"     volumeScale="0.7" pitchScale="1.0" linkNode="arm01Phys"    actionNames="TOOL_MOVE_END_POS_LIMIT"                         nodes="arm01Phys"/>
            <actionSound template="hingeImp"         volumeScale="0.4" pitchScale="0.7" linkNode="arm01Phys"    actionNames="TOOL_MOVE_END_POS_LIMIT"                         nodes="arm01Phys"/>
            <actionSound template="clackVar6"        volumeScale="1.4" pitchScale="0.5" linkNode="arm01Phys"    actionNames="TOOL_MOVE_END_POS_LIMIT"                         nodes="arm01Phys"/>
            <actionSound template="cylinderPunch"    volumeScale="0.5" pitchScale="1.7" linkNode="arm01Phys"    actionNames="TOOL_MOVE_END_NEG_LIMIT"                         nodes="arm01Phys"/>
            <actionSound template="vibratingImp"     volumeScale="0.7" pitchScale="0.7" linkNode="arm01Phys"    actionNames="TOOL_MOVE_END_NEG_LIMIT"                         nodes="arm01Phys"/>
            <actionSound template="clackVar6"        volumeScale="1.8" pitchScale="0.7" linkNode="arm01Phys"    actionNames="TOOL_MOVE_END_NEG_LIMIT"                         nodes="arm01Phys"/>
            <actionSound template="clackVar6"        volumeScale="0.8" pitchScale="0.6" linkNode="arm02Phys"    actionNames="TOOL_MOVE_END_POS_LIMIT TOOL_MOVE_END_NEG_LIMIT" nodes="arm02Phys"/>
            <actionSound template="grabImp"          volumeScale="0.4" pitchScale="0.6" linkNode="arm02Phys"    actionNames="TOOL_MOVE_END_POS_LIMIT TOOL_MOVE_END_NEG_LIMIT" nodes="arm02Phys"/>
            <actionSound template="metalImpHigh01"   volumeScale="0.2" pitchScale="1.2" linkNode="arm02Phys"    actionNames="TOOL_MOVE_END_POS_LIMIT TOOL_MOVE_END_NEG_LIMIT" nodes="arm02Phys"/>
            <actionSound template="metalImpLow"      volumeScale="0.3" pitchScale="1.2" linkNode="arm02Phys"    actionNames="TOOL_MOVE_END_POS_LIMIT TOOL_MOVE_END_NEG_LIMIT" nodes="arm02Phys"/>
            <actionSound template="hydraulicClose01" volumeScale="1"   pitchScale="2"   linkNode="attacherPhys" actionNames="TOOL_MOVE_POS TOOL_MOVE_NEG"                     nodes="attacherPhys" fadeIn="0.1" fadeOut="0.1"/>
            <actionSound template="grabImp"          volumeScale="0.5" pitchScale="0.7" linkNode="attacherPhys" actionNames="TOOL_MOVE_END_POS_LIMIT TOOL_MOVE_END_NEG_LIMIT" nodes="attacherPhys" />
        </sounds>
    </cylindered>

    <fillUnit>
        <fillUnitConfigurations>
            <fillUnitConfiguration>
                <fillUnits>
                    <fillUnit unitTextOverride="$l10n_unit_literShort" showOnHud="false" showInShop="false" fillTypes="diesel" capacity="140">
                        <exactFillRootNode node="exactFillRootNodeFuel" />
                        <dashboard displayType="EMITTER" valueType="fillLevelWarning" node="iconFuelWarning_decal" baseColor="SHARED_GREY3" emitColor="ORANGE" intensity="0.3" warningThresholdMax="30" groups="MOTOR_ACTIVE"/>
                        <dashboard displayType="SLIDER" valueType="fillLevel" node="sliderFuel_decals" intensity="0.3" groups="MOTOR_ACTIVE"/>
                    </fillUnit>
                    <fillUnit unitTextOverride="$l10n_unit_literShort" showOnHud="false" showInShop="false" showOnInfoHud="false" fillTypes="def" capacity="18">
                        <dashboard displayType="SLIDER" valueType="fillLevel" node="sliderDef_decals" intensity="0.3" groups="MOTOR_ACTIVE"/>
                    </fillUnit>
                </fillUnits>
            </fillUnitConfiguration>
        </fillUnitConfigurations>
    </fillUnit>

    <dashboard>
        <groups>
            <group name="MOTOR_STARTING" electronicsStarting="true"/>
            <group name="MOTOR_ACTIVE" electronicsStarting="true" electronicsRunning="true"/>
            <group name="BACK_ATTACHMENT" attacherJointIndices="2 3 4"/>
        </groups>

        <default>
            <dashboard displayType="EMITTER" node="display_decals" idleValue="-1" intensity="0.3" groups="MOTOR_ACTIVE" />
            <dashboard displayType="EMITTER" node="iconStartupYellow_decals" baseColor="SHARED_GREY3" emitColor="SHARED_YELLOW2" intensity="0.3" groups="MOTOR_STARTING"/>
            <dashboard displayType="EMITTER" node="iconStartupRed_decals" baseColor="SHARED_GREY3" emitColor="RED" intensity="0.3" groups="MOTOR_STARTING"/>
            <dashboard displayType="EMITTER" node="iconDefaultLightupGreen_decal" baseColor="SHARED_GREY3" emitColor="GREEN" intensity="0.3" groups="MOTOR_ACTIVE"/>
            <dashboard displayType="EMITTER" node="iconLightupOrange_decals" baseColor="SHARED_GREY3" emitColor="ORANGE" intensity="0.3" groups="MOTOR_ACTIVE"/>
            <dashboard displayType="EMITTER" node="iconDefaultState_decals" baseColor="SHARED_GREY3" emitColor="SHARED_GREY3" intensity="0"/>
        </default>
    </dashboard>

    <ai>
        <agent frontWheelNodes="wheelFrontLeft wheelFrontRight"/>
        <collisionTrigger useSize="true"/>
    </ai>

    <foliageBending>
        <bendingNode minX="-1.28" maxX="1.28" minZ="-2.18" maxZ="2.18" yOffset="0.45" />
        <bendingNode minX="-0.35" maxX="0.55" minZ="-0.1" maxZ="0.35" yOffset="-0.2" node="attacherRot"/>
    </foliageBending>

    <crabSteering>
        <steeringMode name="$l10n_action_steeringModeAllWheel" inputBindingName="CRABSTEERING_ALLWHEEL">
            <wheel index="1" offset="0" />
            <wheel index="2" offset="0" />
            <wheel index="3" offset="0" />
            <wheel index="4" offset="0" />
            <node node="steeringCenterNode" rotation="0 0 0" translation="0 0 0" />
        </steeringMode>
        <steeringMode name="$l10n_action_steeringModeFrontWheel">
            <wheel index="1" offset="0" locked="false" />
            <wheel index="2" offset="0" locked="false" />
            <wheel index="3" offset="0" locked="true" />
            <wheel index="4" offset="0" locked="true" />
            <node node="steeringCenterNode" rotation="0 0 0" translation="0 0 0" />
        </steeringMode>
        <steeringMode name="$l10n_action_steeringModeCrabLeft" inputBindingName="CRABSTEERING_CRABLEFT">
            <wheel index="1" offset="15" />
            <wheel index="2" offset="15" />
            <wheel index="3" offset="15" />
            <wheel index="4" offset="15" />
            <node node="steeringCenterNode" rotation="0 15 0" translation="0.6 0 0" />
        </steeringMode>
        <steeringMode name="$l10n_action_steeringModeCrabRight" inputBindingName="CRABSTEERING_CRABRIGHT">
            <wheel index="1" offset="-15" />
            <wheel index="2" offset="-15" />
            <wheel index="3" offset="-15" />
            <wheel index="4" offset="-15" />
            <node node="steeringCenterNode" rotation="0 -15 0" translation="-0.6 0 0" />
        </steeringMode>

        <dashboards>
            <dashboard displayType="EMITTER" valueType="state" node="iconCrapSteering_decal" states="3 4" baseColor="SHARED_GREY3" emitColor="ORANGE" intensity="0.3" groups="MOTOR_ACTIVE"/>
            <dashboard displayType="ROT" valueType="state" states="1" node="switchCrapSteering" rotAxis="2" minRot="0" maxRot="0" doInterpolation="true"/>
            <dashboard displayType="ROT" valueType="state" states="2" node="switchCrapSteering" rotAxis="2" minRot="0" maxRot="-39" doInterpolation="true"/>
            <dashboard displayType="ROT" valueType="state" states="3" node="switchCrapSteering" rotAxis="2" minRot="0" maxRot="-80" doInterpolation="true"/>
            <dashboard displayType="ROT" valueType="state" states="4" node="switchCrapSteering" rotAxis="2" minRot="0" maxRot="-80" doInterpolation="true"/>
        </dashboards>
    </crabSteering>

    <wearable wearDuration="480" workMultiplier="5" fieldMultiplier="2"/>
    <washable dirtDuration="90" washDuration="1" workMultiplier="3" fieldMultiplier="2"/>

    <!-- ==================================== Added Options ==================================== -->
    <!-- <baseColorConfigurations title="Main Body Color" useDefaultColors="true" price="0" defaultColorMaterialTemplateName="calibratedMatPaint"> -->
        <!-- <baseColorConfiguration name="Matte Black" color="0.0 0.0 0.0" isDefault="true" isMat="true" />
        <baseColorConfiguration name="Matte Silver" materialTemplateName="VALTRA_GREY2" isMat="true" />
        <baseColorConfiguration name="Matte Green" materialTemplateName="DEUTZ_MATTGREEN" isMat="true" />
        <baseColorConfiguration name="Chrome" materialTemplateName="RIM_CONFIGURATION_CHROME" />
        <material materialSlotName="multifarmer449_mainbody1_mat" /> -->
    <!-- </baseColorConfigurations> -->

    <!-- <designColorConfigurations title="External Roof" useDefaultColors="true" price="0" defaultColorMaterialTemplateName="calibratedMatPaint"> -->
        <!-- <designColorConfiguration name="Matte Black" color="0.0 0.0 0.0" isMat="true" />
        <designColorConfiguration name="Matte Silver" materialTemplateName="VALTRA_GREY2" isMat="true" />
        <designColorConfiguration name="Matte Green" materialTemplateName="DEUTZ_MATTGREEN" isMat="true" />
        <designColorConfiguration name="Chrome" materialTemplateName="RIM_CONFIGURATION_CHROME" />
        <material materialSlotName="MASSEYFERGUSON_ROOF_mat" /> -->
    <!-- </designColorConfigurations> -->

    <rimColorConfigurations useDefaultColors="true" price="0" defaultColorMaterialTemplateName="calibratedMatPaint">
        <rimColorConfiguration name="Matte Black" color="0.0 0.0 0.0" uiColor="0.0 0.0 0.0" isMat="true" />
        <rimColorConfiguration name="Matte Silver" materialTemplateName="VALTRA_GREY2" isMat="true" />
        <rimColorConfiguration name="Matte Green" materialTemplateName="DEUTZ_MATTGREEN" isMat="true" />
        <rimColorConfiguration name="CHROME" materialTemplateName="RIM_CONFIGURATION_CHROME" />
    </rimColorConfigurations>

    <i3dMappings>
        <i3dMapping id="multifarmer449_main_component1" node="0>" />
        <i3dMapping id="multifarmer449_vis" node="0>0" />
        <i3dMapping id="outdoorCameraTarget" node="0>0|0|0" />
        <i3dMapping id="outdoorCamera" node="0>0|0|0|0" />
        <i3dMapping id="indoorCamera" node="0>0|0|1" />
        <i3dMapping id="cameraRaycastNode1" node="0>0|0|2" />
        <i3dMapping id="cameraRaycastNode2" node="0>0|0|3" />
        <i3dMapping id="cameraRaycastNode3" node="0>0|0|4" />
        <i3dMapping id="shadowFocusBox" node="0>0|0|5" />
        <i3dMapping id="exitPoint" node="0>0|1" />
        <i3dMapping id="exhaustParticle" node="0>0|2" />
        <i3dMapping id="attacherJointBackRot" node="0>0|3|0|0" />
        <i3dMapping id="attacherJointBackRot2" node="0>0|3|0|0|0" />
        <i3dMapping id="attacherJointBack" node="0>0|3|0|0|0|0" />
        <i3dMapping id="attacherJointBackArmBottom" node="0>0|3|0|1" />
        <i3dMapping id="attacherJointBackArmBottomTrans" node="0>0|3|0|1|0" />
        <i3dMapping id="attacherJointBackArmBottomLeft" node="0>0|3|0|1|0|0" />
        <i3dMapping id="attacherJointBackArmBottomLeftPartRef" node="0>0|3|0|1|0|0|0" />
        <i3dMapping id="attacherJointBackArmMainPartLeftRef" node="0>0|3|0|1|0|0|1" />
        <i3dMapping id="attacherJointBackArmBottomLeftRef" node="0>0|3|0|1|0|0|2" />
        <i3dMapping id="attacherJointBackArmBottomRight" node="0>0|3|0|1|0|1" />
        <i3dMapping id="attacherJointBackArmBottomRightPartRef" node="0>0|3|0|1|0|1|0" />
        <i3dMapping id="attacherJointBackArmMainPartRightRef" node="0>0|3|0|1|0|1|1" />
        <i3dMapping id="attacherJointBackArmBottomRightRef" node="0>0|3|0|1|0|1|2" />
        <i3dMapping id="attacherJointBackArmMainRef" node="0>0|3|0|1|0|2" />
        <i3dMapping id="referencePointBackBottom" node="0>0|3|0|1|0|3" />
        <i3dMapping id="attacherJointBackArmTop" node="0>0|3|0|2" />
        <i3dMapping id="trailerAttacherBack" node="0>0|3|1|0" />
        <i3dMapping id="trailerAttacherJointBack" node="0>0|3|1|0|0" />
        <i3dMapping id="trailerAttacherBackLow" node="0>0|3|1|1" />
        <i3dMapping id="trailerAttacherJointBackLow" node="0>0|3|1|1|0" />
        <i3dMapping id="trailerSteeringBarLeftRef" node="0>0|3|1|1|1" />
        <i3dMapping id="trailerSteeringBarRightRef" node="0>0|3|1|1|2" />
        <i3dMapping id="trailerAttacherJointFront" node="0>0|3|1|2" />
        <i3dMapping id="ptoBack" node="0>0|3|2|0" />
        <i3dMapping id="hydraulicIn01" node="0>0|3|3|0" />
        <i3dMapping id="hydraulicIn01_cover" node="0>0|3|3|0|0|0" />
        <i3dMapping id="hydraulicOut01" node="0>0|3|3|1" />
        <i3dMapping id="hydraulicOut01_cover" node="0>0|3|3|1|0|0" />
        <i3dMapping id="hydraulicIn02" node="0>0|3|3|2" />
        <i3dMapping id="hydraulicIn02_cover" node="0>0|3|3|2|0|0" />
        <i3dMapping id="hydraulicOut02" node="0>0|3|3|3" />
        <i3dMapping id="hydraulicOut02_cover" node="0>0|3|3|3|0|0" />
        <i3dMapping id="hydraulicIn03" node="0>0|3|3|4" />
        <i3dMapping id="hydraulicIn03_cover" node="0>0|3|3|4|0|0" />
        <i3dMapping id="hydraulicOut03" node="0>0|3|3|5" />
        <i3dMapping id="hydraulicOut03_cover" node="0>0|3|3|5|0|0" />
        <i3dMapping id="hydraulicIn04" node="0>0|3|3|6" />
        <i3dMapping id="hydraulicIn04_cover" node="0>0|3|3|6|0|0" />
        <i3dMapping id="hydraulicOut04" node="0>0|3|3|7" />
        <i3dMapping id="hydraulicOut04_cover" node="0>0|3|3|7|0|0" />
        <i3dMapping id="electric_socket" node="0>0|3|3|8" />
        <i3dMapping id="cabinHydraulicPunch" node="0>0|4|0|0" />
        <i3dMapping id="cabinHydraulic" node="0>0|4|0|0|0" />
        <i3dMapping id="cabinStabiFrontRefFrame" node="0>0|4|0|1" />
        <i3dMapping id="cabinStabiFront" node="0>0|4|0|1|0" />
        <i3dMapping id="cabinStabiBackRefFrame" node="0>0|4|0|2" />
        <i3dMapping id="cabinStabiBack" node="0>0|4|0|2|0" />
        <i3dMapping id="cabinStabiBottomRefFrame" node="0>0|4|0|3" />
        <i3dMapping id="cabinStabiBottom" node="0>0|4|0|3|0" />
        <i3dMapping id="axleBackHydraulic" node="0>0|4|1|0" />
        <i3dMapping id="axleBackHydraulicPunch" node="0>0|4|1|0|0" />
        <i3dMapping id="axleFrontHydraulic" node="0>0|4|1|1" />
        <i3dMapping id="axleFrontHydraulicPunch" node="0>0|4|1|1|0" />
        <i3dMapping id="arm01Phys" node="0>0|4|2|0|0" />
        <i3dMapping id="arm02Phys" node="0>0|4|2|0|0|0|0" />
        <i3dMapping id="arm03Phys" node="0>0|4|2|0|0|0|0|0|0" />
        <i3dMapping id="attacherPhysRot" node="0>0|4|2|0|0|0|0|0|0|0" />
        <i3dMapping id="attacherPhys" node="0>0|4|2|0|0|0|0|0|0|0|0" />
        <i3dMapping id="attacherJointPhys" node="0>0|4|2|0|0|0|0|0|0|0|0|0|0" />
        <i3dMapping id="arm01" node="0>0|4|2|1|0" />
        <i3dMapping id="arm02" node="0>0|4|2|1|0|0|0" />
        <i3dMapping id="arm03" node="0>0|4|2|1|0|0|0|0|0" />
        <i3dMapping id="attacherRot" node="0>0|4|2|1|0|0|0|0|0|0" />
        <i3dMapping id="attacher" node="0>0|4|2|1|0|0|0|0|0|0|0" />
        <i3dMapping id="attacherJoint" node="0>0|4|2|1|0|0|0|0|0|0|0|0|0" />
        <i3dMapping id="attacherAlignArmRef" node="0>0|4|2|1|0|0|0|0|0|0|0|1" />
        <i3dMapping id="attacherHydraulic" node="0>0|4|2|1|0|0|0|0|0|1" />
        <i3dMapping id="attacherHydraulicPunch" node="0>0|4|2|1|0|0|0|0|0|1|0" />
        <i3dMapping id="attacherAlignArmRefFrame" node="0>0|4|2|1|0|0|0|0|0|2" />
        <i3dMapping id="attacherAlignArm" node="0>0|4|2|1|0|0|0|0|0|2|0" />
        <i3dMapping id="attacherAlignArmPart" node="0>0|4|2|1|0|0|0|0|0|2|0|0" />
        <i3dMapping id="attacherHydraulicRef" node="0>0|4|2|1|0|0|0|0|0|2|0|2" />
        <i3dMapping id="workingLight29_01" node="0>0|4|2|1|0|1|0|0" />
        <i3dMapping id="workingLight29_02" node="0>0|4|2|1|0|1|0|1" />
        <i3dMapping id="workLightFrontHighArm" node="0>0|4|2|1|0|1|1|0" />
        <i3dMapping id="armHydraulic01Ref" node="0>0|4|2|1|0|2" />
        <i3dMapping id="armHydraulic02Ref" node="0>0|4|2|1|0|3" />
        <i3dMapping id="armHydraulic01" node="0>0|4|2|2" />
        <i3dMapping id="armHydraulic01Punch" node="0>0|4|2|2|0" />
        <i3dMapping id="armHydraulic02" node="0>0|4|2|3" />
        <i3dMapping id="armHydraulic02Punch" node="0>0|4|2|3|0" />
        <i3dMapping id="attacherJointBackArmMainRefFrame" node="0>0|4|3|0" />
        <i3dMapping id="attacherJointBackArmMain" node="0>0|4|3|0|0" />
        <i3dMapping id="attacherJointBackArmMainPartLeft" node="0>0|4|3|0|0|0" />
        <i3dMapping id="attacherJointBackArmMainPartRight" node="0>0|4|3|0|0|1" />
        <i3dMapping id="attacherJointBackArmMainLocalRef" node="0>0|4|3|0|0|2" />
        <i3dMapping id="attacherJointBackArmMainHydraulicRef" node="0>0|4|3|0|0|3" />
        <i3dMapping id="attacherJointBackArmBottomLeftPart" node="0>0|4|3|1" />
        <i3dMapping id="attacherJointBackArmBottomLeftPartPunch" node="0>0|4|3|1|0" />
        <i3dMapping id="attacherJointBackArmBottomRightPart" node="0>0|4|3|2" />
        <i3dMapping id="attacherJointBackArmBottomRightPartPunch" node="0>0|4|3|2|0" />
        <i3dMapping id="attacherJointBackArmMainHydraulic" node="0>0|4|3|3" />
        <i3dMapping id="attacherJointBackArmMainHydraulicPunch" node="0>0|4|3|3|0" />
        <i3dMapping id="axleBackDriveShaft01" node="0>0|4|4|0|0" />
        <i3dMapping id="axleBackDriveShaft02" node="0>0|4|4|1|0" />
        <i3dMapping id="axleBackDriveShaft03" node="0>0|4|4|2|0" />
        <i3dMapping id="axleBackDriveShaft04" node="0>0|4|4|3|0" />
        <i3dMapping id="axleFrontDriveShaft01" node="0>0|4|4|4|0" />
        <i3dMapping id="axleFrontDriveShaft02" node="0>0|4|4|5|0" />
        <i3dMapping id="axleFrontDriveShaft03" node="0>0|4|4|6|0" />
        <i3dMapping id="axleFrontDriveShaft04" node="0>0|4|4|7|0" />
        <i3dMapping id="ptoBackKardan01" node="0>0|4|4|8|0" />
        <i3dMapping id="ptoBackKardan02" node="0>0|4|4|9|0" />
        <i3dMapping id="ptoBackKardan03" node="0>0|4|4|10|0" />
        <i3dMapping id="cabin" node="0>0|5" />
        <i3dMapping id="steeringWheel" node="0>0|5|0|0" />
        <i3dMapping id="playerLeftHandTargetRotNode" node="0>0|5|0|0|0|0" />
        <i3dMapping id="playerLeftHandTarget" node="0>0|5|0|0|0|0|0" />
        <i3dMapping id="seat" node="0>0|5|1" />
        <i3dMapping id="iconArmrestLightupGreen_decal" node="0>0|5|1|0|0" />
        <i3dMapping id="joystick" node="0>0|5|1|0|1" />
        <i3dMapping id="playerRightHandTarget" node="0>0|5|1|0|1|0" />
        <i3dMapping id="playerSkinRotNode" node="0>0|5|1|1|0|0" />
        <i3dMapping id="playerSkin" node="0>0|5|1|1|0|0|0" />
        <i3dMapping id="beaconLight07" node="0>0|5|2|0|0" />
        <i3dMapping id="lightsCabin_static" node="0>0|5|2|1|0" />
        <i3dMapping id="lightsGlassCabin_static" node="0>0|5|2|1|1" />
        <i3dMapping id="interiorScreenLight01" node="0>0|5|2|2|0" />
        <i3dMapping id="interiorScreenLight02" node="0>0|5|2|2|1" />
        <i3dMapping id="workLightFrontLow" node="0>0|5|2|3|0" />
        <i3dMapping id="workLightFrontHigh" node="0>0|5|2|3|1" />
        <i3dMapping id="workLightBackLow" node="0>0|5|2|3|2" />
        <i3dMapping id="workLightBackHigh" node="0>0|5|2|3|3" />
        <i3dMapping id="pedalGas" node="0>0|5|3|0|0" />
        <i3dMapping id="playerRightFootTargetGasRef" node="0>0|5|3|0|0|0" />
        <i3dMapping id="pedalBrake" node="0>0|5|3|0|1" />
        <i3dMapping id="playerRightFootTargetBrake" node="0>0|5|3|0|1|0" />
        <i3dMapping id="iconTurnLight_decal" node="0>0|5|3|1|0" />
        <i3dMapping id="iconTurnLightTrailer_decal" node="0>0|5|3|1|1" />
        <i3dMapping id="iconTurnLightHazardWhite_decal" node="0>0|5|3|1|2" />
        <i3dMapping id="iconTurnLightHazardRed_decal" node="0>0|5|3|1|3" />
        <i3dMapping id="iconHighBeam_decal" node="0>0|5|3|1|4" />
        <i3dMapping id="iconDefaultLight_decals" node="0>0|5|3|1|5" />
        <i3dMapping id="iconStartupRed_decals" node="0>0|5|3|1|6" />
        <i3dMapping id="iconStartupYellow_decals" node="0>0|5|3|1|7" />
        <i3dMapping id="iconFuelWarning_decal" node="0>0|5|3|1|8" />
        <i3dMapping id="iconCrapSteering_decal" node="0>0|5|3|1|9" />
        <i3dMapping id="iconLightupGreen_decal" node="0>0|5|3|1|10" />
        <i3dMapping id="iconBeaconLightActive_decal" node="0>0|5|3|1|11" />
        <i3dMapping id="iconPTO_decal" node="0>0|5|3|1|12" />
        <i3dMapping id="iconDefaultState_decals" node="0>0|5|3|1|13" />
        <i3dMapping id="iconLightupOrange_decals" node="0>0|5|3|1|14" />
        <i3dMapping id="iconLightupWhite_decals" node="0>0|5|3|1|15" />
        <i3dMapping id="iconDefaultLightupGreen_decal" node="0>0|5|3|1|16" />
        <i3dMapping id="sliderTemperature_decals" node="0>0|5|3|2|0" />
        <i3dMapping id="sliderFuel_decals" node="0>0|5|3|2|1" />
        <i3dMapping id="sliderDef_decals" node="0>0|5|3|2|2" />
        <i3dMapping id="numbersSpeed" node="0>0|5|3|3|0" />
        <i3dMapping id="numbersOperatingTime" node="0>0|5|3|3|1" />
        <i3dMapping id="numbersFuelUsage" node="0>0|5|3|3|2" />
        <i3dMapping id="leverMovingDirection" node="0>0|5|3|4|0|0" />
        <i3dMapping id="leverTurnLight" node="0>0|5|3|4|1|0" />
        <i3dMapping id="leverTurnLightScroler" node="0>0|5|3|4|1|0|0" />
        <i3dMapping id="switchBeaconLight" node="0>0|5|3|5|0|0" />
        <i3dMapping id="iconBeaconLight_decal" node="0>0|5|3|5|0|0|0" />
        <i3dMapping id="switchWorkLightFront" node="0>0|5|3|5|1|0" />
        <i3dMapping id="iconWorkLightsFront_decal" node="0>0|5|3|5|1|0|0" />
        <i3dMapping id="switchWorkLightBack" node="0>0|5|3|5|2|0" />
        <i3dMapping id="iconWorkLightsBack_decal" node="0>0|5|3|5|2|0|0" />
        <i3dMapping id="switchWiperFront" node="0>0|5|3|5|3|0" />
        <i3dMapping id="iconWiperFront_decal" node="0>0|5|3|5|3|0|0" />
        <i3dMapping id="switchWiperBack" node="0>0|5|3|5|4|0" />
        <i3dMapping id="iconWiperBack_decal" node="0>0|5|3|5|4|0|0" />
        <i3dMapping id="switchCrapSteering" node="0>0|5|3|5|5|0" />
        <i3dMapping id="needleRPM" node="0>0|5|3|6|0" />
        <i3dMapping id="display_decals" node="0>0|5|3|7" />
        <i3dMapping id="keyIgnition" node="0>0|5|3|8" />
        <i3dMapping id="playerLeftFootTarget" node="0>0|5|4|0" />
        <i3dMapping id="playerRightFootTarget" node="0>0|5|4|1" />
        <i3dMapping id="playerRightFootTargetGas" node="0>0|5|4|2" />
        <i3dMapping id="wiperFrontArm01" node="0>0|5|5|0|0|0" />
        <i3dMapping id="wiperFrontArm01Part" node="0>0|5|5|0|0|0|0" />
        <i3dMapping id="wiperFront" node="0>0|5|5|0|0|0|0|0|0" />
        <i3dMapping id="wiperFrontArm02" node="0>0|5|5|0|1|0" />
        <i3dMapping id="wiperFrontArm02Part" node="0>0|5|5|0|1|0|0" />
        <i3dMapping id="wiperBack" node="0>0|5|5|0|2|0" />
        <i3dMapping id="doorLeft" node="0>0|5|5|1" />
        <i3dMapping id="cabinStabiFrontRef" node="0>0|5|6|0" />
        <i3dMapping id="cabinStabiBackRef" node="0>0|5|6|1" />
        <i3dMapping id="cabinStabiBottomRef" node="0>0|5|6|2" />
        <i3dMapping id="cabinHydraulicRef" node="0>0|5|6|3" />
        <i3dMapping id="mirrorLeft" node="0>0|5|7|0" />
        <i3dMapping id="licensePlateFront" node="0>0|5|8|2" />
        <i3dMapping id="mirrorRight" node="0>0|6|0" />
        <i3dMapping id="exactFillRootNodeFuel" node="0>0|7|0" />
        <i3dMapping id="componentJointAxleFront" node="0>0|9" />
        <i3dMapping id="componentJointAxleBack" node="0>0|10" />
        <i3dMapping id="steeringCenterNode" node="0>0|11" />
        <i3dMapping id="multifarmer449_axleFront_component2" node="1>" />
        <i3dMapping id="axleFront" node="1>0" />
        <i3dMapping id="lightsFrontAxle_static" node="1>0|0|0|0" />
        <i3dMapping id="lightsGlassFrontAxle_static" node="1>0|0|0|1" />
        <i3dMapping id="frontLightLow" node="1>0|0|1|0" />
        <i3dMapping id="highBeamLow" node="1>0|0|1|1" />
        <i3dMapping id="frontLightHigh" node="1>0|0|1|2" />
        <i3dMapping id="highBeamHigh" node="1>0|0|1|3" />
        <i3dMapping id="turnLightLeftFront" node="1>0|0|2|0" />
        <i3dMapping id="turnLightRightFront" node="1>0|0|2|1" />
        <i3dMapping id="wheelFrontLeftReprRot" node="1>0|1" />
        <i3dMapping id="wheelFrontLeftRepr" node="1>0|1|0" />
        <i3dMapping id="wheelFrontLeft" node="1>0|1|0|0|0" />
        <i3dMapping id="wheelFrontLeftWheelPart" node="1>0|1|0|1|0" />
        <i3dMapping id="wheelFrontLeftDriveShaftOrientRef" node="1>0|1|0|2" />
        <i3dMapping id="steeringBarFrontLeft" node="1>0|1|0|3" />
        <i3dMapping id="wheelFrontRightReprRot" node="1>0|2" />
        <i3dMapping id="wheelFrontRightRepr" node="1>0|2|0" />
        <i3dMapping id="wheelFrontRight" node="1>0|2|0|0|0" />
        <i3dMapping id="wheelFrontRightWheelPart" node="1>0|2|0|1|0" />
        <i3dMapping id="wheelFrontRightDriveShaftOrientRef" node="1>0|2|0|2" />
        <i3dMapping id="steeringBarFrontRight" node="1>0|2|0|3" />
        <i3dMapping id="steeringBarFrontCenter" node="1>0|3" />
        <i3dMapping id="steeringBarFrontLeftRef" node="1>0|3|0" />
        <i3dMapping id="steeringBarFrontRightRef" node="1>0|3|1" />
        <i3dMapping id="wheelFrontLeftDriveShaft" node="1>0|4" />
        <i3dMapping id="wheelFrontLeftDriveShaftOrient" node="1>0|4|0" />
        <i3dMapping id="wheelFrontLeftDriveShaftPart" node="1>0|4|0|0|0" />
        <i3dMapping id="wheelFrontRightDriveShaft" node="1>0|5" />
        <i3dMapping id="wheelFrontRightDriveShaftOrient" node="1>0|5|0" />
        <i3dMapping id="wheelFrontRightDriveShaftPart" node="1>0|5|0|0|0" />
        <i3dMapping id="axleFrontHydraulicRef" node="1>0|7" />
        <i3dMapping id="multifarmer449_axleBack_component3" node="2>" />
        <i3dMapping id="rearLight26Red_01" node="2>0|0|0|0" />
        <i3dMapping id="rearLight26Red_02" node="2>0|0|0|1" />
        <i3dMapping id="plateNumberLight04" node="2>0|0|0|2" />
        <i3dMapping id="lightsBackAxle_static" node="2>0|0|1|0" />
        <i3dMapping id="lightsGlassBackAxle_static" node="2>0|0|1|1" />
        <i3dMapping id="licensePlateLightHigh" node="2>0|0|2|0" />
        <i3dMapping id="backLightsHigh" node="2>0|0|3|0" />
        <i3dMapping id="turnLightLeftBack" node="2>0|0|4|0" />
        <i3dMapping id="turnLightRightBack" node="2>0|0|4|1" />
        <i3dMapping id="wheelBackLeftRepr" node="2>0|1|0" />
        <i3dMapping id="wheelBackLeft" node="2>0|1|0|0|0" />
        <i3dMapping id="wheelBackLeftWheelPart" node="2>0|1|0|1|0" />
        <i3dMapping id="wheelBackLeftDriveShaftOrientRef" node="2>0|1|0|2" />
        <i3dMapping id="steeringBarBackLeft" node="2>0|1|0|3" />
        <i3dMapping id="wheelBackRightRepr" node="2>0|2|0" />
        <i3dMapping id="wheelBackRight" node="2>0|2|0|0|0" />
        <i3dMapping id="wheelBackRightWheelPart" node="2>0|2|0|1|0" />
        <i3dMapping id="wheelBackRightDriveShaftOrientRef" node="2>0|2|0|2" />
        <i3dMapping id="steeringBarBackRight" node="2>0|2|0|3" />
        <i3dMapping id="steeringBarBackCenter" node="2>0|3" />
        <i3dMapping id="steeringBarBackLeftRef" node="2>0|3|0" />
        <i3dMapping id="steeringBarBackRightRef" node="2>0|3|1" />
        <i3dMapping id="wheelBackLeftDriveShaft" node="2>0|4" />
        <i3dMapping id="wheelBackLeftDriveShaftOrient" node="2>0|4|0" />
        <i3dMapping id="wheelBackLeftDriveShaftPartRef" node="2>0|4|0|0" />
        <i3dMapping id="wheelBackLeftDriveShaftPart" node="2>0|4|0|0|0" />
        <i3dMapping id="wheelBackRightDriveShaft" node="2>0|5" />
        <i3dMapping id="wheelBackRightDriveShaftOrient" node="2>0|5|0" />
        <i3dMapping id="wheelBackRightDriveShaftPart" node="2>0|5|0|0|0" />
        <i3dMapping id="axleBackHydraulicRef" node="2>0|6" />
        <i3dMapping id="licensePlateBack" node="2>0|7" />
    </i3dMappings>
</vehicle>
