﻿<?xml version="1.0" encoding="utf-8" standalone="no"?>
<modDesc descVersion="92" xmlns:xsi="http://www.w3.org/2001/XMLSchema-instance" xsi:noNamespaceSchemaLocation="https://validation.gdn.giants-software.com/xml/fs25/modDesc.xsd">
    <author>Giants, Jeffro Modding</author>
    <version>1.0.0.0</version>
    <title>
        <en>Fendt Vario 1000 Custom</en>
    </title>
    <description>
<en><![CDATA[
- Added various color options
- Added multiple BROAD Xtreme tire options
]]></en>

    </description>
    <iconFilename>store_vario1000.png</iconFilename>
    <multiplayer supported="true"/>
    <storeItems>
        <storeItem xmlFilename="vario1000.xml"/>
    </storeItems>
</modDesc>