﻿<?xml version="1.0" encoding="utf-8" standalone="no"?>
<modDesc descVersion="92" xmlns:xsi="http://www.w3.org/2001/XMLSchema-instance" xsi:noNamespaceSchemaLocation="https://validation.gdn.giants-software.com/xml/fs25/modDesc.xsd">
    <author>Giants, Jeffro Modding</author>
    <version>1.0.0.0</version>
    <title>
        <en>Fendt Vario 1000 Edit</en>
    </title>
    <description>
<en><![CDATA[
Fendt Vario 1000 Edit
- Added in wider tire options for all makes.
- Added Lizard LSW tire option

- Added in more color options interior and exterior
--- Interior: wood grain (oak, cedar), leather, more
    -- 2 Seat color options
    -- Floor color options
--- Exterior: Matte black, matte gray, more
    -- Main body, roof
    -- Grill, exhaust grill

- Added option to show/remove front fenders

- Added window tint options

- Added HP options (stock HP/speed remain)
-----1050R Vario at 825hp (60mph)
-----1050 Xtreme at 1825hp (90mph)

]]></en>

    </description>
    <iconFilename>store_vario1000.png</iconFilename>
    <multiplayer supported="true"/>
    <storeItems>
        <storeItem xmlFilename="vario1000.xml"/>
    </storeItems>
</modDesc>