<?xml version="1.0" encoding="utf-8" standalone="no"?>
<vehicle type="tractor" xmlns:xsi="http://www.w3.org/2001/XMLSchema-instance" xsi:noNamespaceSchemaLocation="../../../../shared/xml/schema/vehicle.xsd">
    <annotation>Copyright (C) GIANTS Software GmbH, All Rights Reserved.</annotation>

    <storeData>
        <name>1000 Vario</name>
        <specs>
            <power>396</power>
            <maxSpeed>60</maxSpeed>
        </specs>
        <functions>
            <function>$l10n_function_tractor</function>
        </functions>
        <image>store_vario1000.png</image>
        <price>382000</price>
        <lifetime>600</lifetime>
        <rotation>0</rotation>
        <brand>FENDT</brand>
        <category>tractorsL</category>
        <shopTranslationOffset>0 0.014 0</shopTranslationOffset>
        <shopRotationOffset>0.057 0 0</shopRotationOffset>
        <vertexBufferMemoryUsage>3009792</vertexBufferMemoryUsage>
        <indexBufferMemoryUsage>884480</indexBufferMemoryUsage>
        <textureMemoryUsage>2490368</textureMemoryUsage>
        <instanceVertexBufferMemoryUsage>0</instanceVertexBufferMemoryUsage>
        <instanceIndexBufferMemoryUsage>0</instanceIndexBufferMemoryUsage>
        <audioMemoryUsage>479796</audioMemoryUsage>
    </storeData>

    <base>
        <typeDesc>$l10n_typeDesc_tractor</typeDesc>
        <filename>i3d/vario1000.i3d</filename>
        <sounds filename="$data/vehicles/fendt/vario1000/sounds/vario1000.xml" volumeFactor="0.8"/>
        <size width="2.9" length="5.6" height="3.6" lengthOffset="0.15"/>
        <components>
            <component centerOfMass="0 0.85 0.22" solverIterationCount="10" mass="18500"/>
        </components>
        <schemaOverlay attacherJointPosition="0 0" name="VEHICLE"/>
        <mapHotspot type="TRACTOR"/>
    </base>

    <wheels>
        <wheelConfigurations tireCategories="TRACTOR">
            <tireCombination brand="TRELLEBORG" names="TM1000"/>
            <tireCombination brand="MICHELIN" names="axioBib"/>
            <tireCombination brand="BKT" names="agrimaxForce"/>
            <wheelConfiguration name="$l10n_configuration_valueDefault" price="0" saveId="DEFAULT">
                <wheels autoRotateBackSpeed="2.1">
                    <wheel dimensions="650_65R38" isLeft="true" hasTireTracks="true" hasParticles="true" rimOffset="-0.001">
                        <physics rotSpeed="1" restLoad="3.3" repr="frontLeftAxis"  driveNode="frontLeftWheel"  forcePointRatio="0.55" initialCompression="30" suspTravel="0.25" spring="38" damper="60" transRatio="1" yOffset="-0.01"/>
                        <steering node="steeringBar" nodeMinTransX="-0.125" nodeMaxTransX="0.125"/>
                        <fender node="leftFender" rotMax="16"/>
                    </wheel>
                    <wheel dimensions="650_65R38" isLeft="false" hasTireTracks="true" hasParticles="true" rimOffset="-0.001">
                        <physics rotSpeed="1" restLoad="3.3" repr="frontRightAxis" driveNode="frontRightWheel" forcePointRatio="0.55" initialCompression="30" suspTravel="0.25" spring="38" damper="60" transRatio="1" yOffset="-0.01"/>
                        <fender node="rightFender" rotMin="-16"/>
                    </wheel>
                    <wheel dimensions="750_75R46" isLeft="true" hasTireTracks="true" hasParticles="true" rimOffset="0.015">
                        <physics rotSpeed="0" restLoad="3.7" repr="backWheelLeft"  forcePointRatio="0.45" initialCompression="25" suspTravel="0.2" spring="63" damper="60" yOffset="0.035"/>
                    </wheel>
                    <wheel dimensions="750_75R46" isLeft="false" hasTireTracks="true" hasParticles="true" rimOffset="0.015">
                        <physics rotSpeed="0" restLoad="3.7" repr="backWheelRight" forcePointRatio="0.45" initialCompression="25" suspTravel="0.2" spring="63" damper="60" yOffset="0.035"/>
                    </wheel>
                </wheels>
                <objectChange node="narrowMudGuards" visibilityActive="true"/>
                <objectChange node="wideMudGuards"   visibilityActive="false"/>
            </wheelConfiguration>
            <wheelConfiguration name="$l10n_configuration_valueWheelWeights" price="5000" saveId="WEIGHTS">
                <wheels baseConfig="DEFAULT">
                    <wheel/>
                    <wheel/>
                    <wheel configId="weight3"/>
                    <wheel configId="weight3"/>
                </wheels>
            </wheelConfiguration>

            <wheelConfiguration name="$l10n_configuration_valueWheelBroad" price="2000" saveId="BROAD">
                <wheels baseConfig="DEFAULT" ackermannSteeringIndex="2">
                    <wheel dimensions="710_60R38"/>
                    <wheel dimensions="710_60R38"/>
                    <wheel dimensions="900_65R46" rimOffset="0.05"/>
                    <wheel dimensions="900_65R46" rimOffset="0.05"/>
                </wheels>
                <objectChange node="narrowMudGuards" visibilityActive="false"/>
                <objectChange node="wideMudGuards"   visibilityActive="true"/>
            </wheelConfiguration>
            <wheelConfiguration name="$l10n_configuration_valueWheelBroadWeights" price="7000" saveId="BROAD_WEIGHTS">
                <wheels baseConfig="BROAD">
                    <wheel/>
                    <wheel/>
                    <wheel configId="weight3"/>
                    <wheel configId="weight3"/>
                </wheels>
            </wheelConfiguration>

			<!-- Added wheels -->
			<wheelConfiguration name="Broad Xtreme" price="0" saveId="BROAD2">
                <wheels baseConfig="DEFAULT" ackermannSteeringIndex="2">
                    <wheel dimensions="710_60R38">
						<physics initialCompression="8"/>
					</wheel>
                    <wheel dimensions="710_60R38">
						<physics initialCompression="8"/>
					</wheel>
                    <wheel dimensions="900_65R46" rimOffset="0.05">
						<physics initialCompression="8"/>
					</wheel>
                    <wheel dimensions="900_65R46" rimOffset="0.05">
						<physics initialCompression="8"/>
					</wheel>
                </wheels>
				<objectChange node="frontLeftWheel" 		translationActive="0.07 0 0"							scaleActive="1.35 1.0 1.0"/>
				<objectChange node="frontRightWheel" 		translationActive="-0.07 0 0"							scaleActive="1.35 1.0 1.0"/>
				<objectChange node="backWheelLeft" 			translationActive="1.19 1.09 -1.40"						scaleActive="1.5 1.0 1.0"/>
				<objectChange node="backWheelRight" 		translationActive="-1.19 1.09 -1.40"					scaleActive="1.5 1.0 1.0"/>
                <objectChange node="narrowMudGuards" visibilityActive="false"/>
                <objectChange node="wideMudGuards"   visibilityActive="true"/>
            </wheelConfiguration>
            <wheelConfiguration name="Broad X w/ Weights" price="0" saveId="BROAD_WEIGHTS2">
                <wheels baseConfig="BROAD2">
                    <wheel/>
                    <wheel/>
                    <wheel configId="weight3"/>
                    <wheel configId="weight3"/>
                </wheels>
            </wheelConfiguration>
			<!-- Added wheels -->

            <wheelConfiguration name="$l10n_configuration_valueTwinWheelsBack" price="11000" saveId="TWIN_BACK">
                <wheels baseConfig="DEFAULT">
                    <wheel/>
                    <wheel/>
                    <wheel>
                        <additionalWheel configId="dual" offset="0.17">
                            <connector filename="$data/shared/wheels/rims/dual001_2.xml"/>
                        </additionalWheel>
                    </wheel>
                    <wheel>
                        <additionalWheel configId="dual" offset="0.17">
                            <connector filename="$data/shared/wheels/rims/dual001_2.xml"/>
                        </additionalWheel>
                    </wheel>
                </wheels>
            </wheelConfiguration>
            <wheelConfiguration name="$l10n_configuration_valueTwinWheelsAll" price="16000" saveId="TWIN_ALL">
                <wheels baseConfig="DEFAULT" ackermannSteeringIndex="3">
                    <wheel>
                        <additionalWheel configId="dual" offset="0.17">
                            <connector filename="$data/shared/wheels/rims/dual001_2.xml"/>
                        </additionalWheel>
                    </wheel>
                    <wheel>
                        <additionalWheel configId="dual" offset="0.17">
                            <connector filename="$data/shared/wheels/rims/dual001_2.xml"/>
                        </additionalWheel>
                    </wheel>
                    <wheel>
                        <additionalWheel configId="dual" offset="0.17">
                            <connector filename="$data/shared/wheels/rims/dual001_2.xml"/>
                        </additionalWheel>
                    </wheel>
                    <wheel>
                        <additionalWheel configId="dual" offset="0.17">
                            <connector filename="$data/shared/wheels/rims/dual001_2.xml"/>
                        </additionalWheel>
                    </wheel>
                </wheels>
            </wheelConfiguration>
        </wheelConfigurations>

		<bunkerSiloCompacter compactingScale="80"/>

        <ackermannSteeringConfigurations>
            <ackermannSteering rotSpeed="40" rotMax="32" rotCenterWheel1="3" rotCenterWheel2="4"/>
            <ackermannSteering rotSpeed="40" rotMax="29" rotCenterWheel1="3" rotCenterWheel2="4"/>
            <ackermannSteering rotSpeed="40" rotMax="26" rotCenterWheel1="3" rotCenterWheel2="4"/>
        </ackermannSteeringConfigurations>

        <rimMaterial materialTemplateName="RIM_CONFIGURATION_BLACK"/>
        <hubMaterial materialTemplateName="RIM_CONFIGURATION_BLACK"/>

        <hubs>
            <hub linkNode="frontLeftWheel"  filename="$data/shared/wheels/hubs/hub_n10_2.xml"  isLeft="true"  scale="0.45 0.45 0.45"/>
            <hub linkNode="frontRightWheel" filename="$data/shared/wheels/hubs/hub_n10_2.xml"  isLeft="false" scale="0.45 0.45 0.45"/>
            <hub linkNode="backWheelLeft"   filename="$data/shared/wheels/hubs/hub_n10_14.xml" isLeft="true"  scale="0.25 0.38 0.38" offset="0.005"/>
            <hub linkNode="backWheelRight"  filename="$data/shared/wheels/hubs/hub_n10_14.xml" isLeft="false" scale="0.25 0.38 0.38" offset="0.005"/>
        </hubs>
    </wheels>

    <speedRotatingParts>
        <speedRotatingPart nodes="WheelPTOLeft WheelPTOLeftPart frontWheelLeftPTOPartRef" wheelScale="5" wheelIndex="1"/>
        <speedRotatingPart nodes="wheelPTORight WheelPTORightPart frontWheelRightPTOPartRef" wheelScale="5" wheelIndex="2"/>
    </speedRotatingParts>

    <attacherJoints comboDuration="2">
        <attacherJoint node="attacherJointBack" lowerRotationOffset="0.06" upperRotationOffset="0.06" moveTime="2.5" comboTime="1">
            <distanceToGround lower="0.31" upper="1.30"/>
            <rotationNode node="attacherJointBackRot" upperRotation="31 0 0" lowerRotation="-22 0 0"/>
            <rotationNode2 node="attacherJointBackRot2"/>
            <bottomArm rotationNode="attacherJointBackArmBottom" translationNode="attacherJointBackArmBottomTrans" referenceNode="referencePointBackBottom" zScale="-1" startRotation="-17 0 0" categoryRange="1 4" defaultCategory="3">
                <armLeft node="attacherJointBackArmBottomLeft" referenceNode="attacherJointBackArmBottomLeftRef"/>
                <armRight node="attacherJointBackArmBottomRight" referenceNode="attacherJointBackArmBottomRightRef"/>
            </bottomArm>
            <topArm baseNode="attacherJointBackArmTop" filename="$data/shared/assets/upperLinks/walterscheidHO_140_750.xml" zScale="-1" materialTemplateName="RIM_CONFIGURATION_BLACK" useBrandDecal="false">
                <objectChange node="attacherJointBackArmTopMounting" rotationActive="0 0 0"  rotationInactive="75.5 0 0" />
            </topArm>
            <schema position="1 0" rotation="0" invertX="false"/>
            <visuals hide="trailerLowNode trailerAttacherNode"/>
        </attacherJoint>
        <attacherJoint node="attacherJointFront" lowerRotationOffset="-0.06" upperRotationOffset="-0.06" moveTime="2.5" comboTime="0">
            <distanceToGround lower="0.32" upper="1.20" />
            <rotationNode node="attacherJointFrontRot" lowerRotation="27 0 0" upperRotation="-33 0 0" />
            <rotationNode2 node="attacherJointFrontRot2" />
            <bottomArm rotationNode="attacherJointFrontArmBottom" translationNode="attacherJointFrontArmLowerLink" referenceNode="referencePointFrontBottom" zScale="1" startRotation="-25 0 0" categoryRange="2"/>
            <topArm baseNode="attacherJointFrontArmTop" filename="$data/shared/assets/upperLinks/walterscheidSO_65_660.xml" zScale="1" materialTemplateName="RIM_CONFIGURATION_BLACK" materialTemplateName2="silverScratched" secondPartUseMainColor="false" useBrandDecal="false" toggleVisibility="true"/>
            <schema position="1 0" rotation="0" invertX="true" />
            <objectChange node="lowerLinkFrontLeft" rotationActive="0 0 0" rotationInactive="-65 0 0" />
            <objectChange node="lowerLinkFrontRight" rotationActive="0 0 0" rotationInactive="-65 0 0" />
        </attacherJoint>
        <attacherJoint node="trailerAttacherJointBack" jointType="trailer" lowerRotLimit="25 50 50" allowsJointLimitMovement="false" comboTime="1">
            <distanceToGround lower="0.55" upper="1.23" />
            <transNode node="trailerAttacherNode" minY="0.54" maxY="1.218" height="0.25">
                <dependentBottomArm node="attacherJointBackArmBottom" threshold="0.75" rotation="31 0 0"/>
            </transNode>
            <schema position="1 0" rotation="0" invertX="false" />
            <visuals nodes="trailerAttacherNode" hide="trailerLowNode"/>
        </attacherJoint>
        <attacherJoint node="trailerAttacherJointBackLow" jointType="trailerLow" lowerRotLimit="25 50 50" lowerTransLimit="0 0 0" allowsJointLimitMovement="false" comboTime="1">
            <distanceToGround lower="0.58" upper="1.25" />
            <transNode node="trailerLowNode" minY="0.57" maxY="1.24">
                <dependentBottomArm node="attacherJointBackArmBottom" threshold="0.65" rotation="31 0 0"/>
            </transNode>
            <schema position="1 0" rotation="0" invertX="false" />
            <visuals nodes="trailerLowNode" hide="trailerAttacherNode"/>
            <steeringBars leftNode="steeringBarLeftRef" rightNode="steeringBarRightRef" />
        </attacherJoint>

        <attacherJoint node="trailerAttacherJointFront" jointType="trailer" lowerRotLimit="25 50 50" allowsJointLimitMovement="false" comboTime="0">
            <schema position="1 0" rotation="0" invertX="true" />
            <objectChange node="lowerLinkFrontLeft" visibilityActive="false" visibilityInactive="true" />
            <objectChange node="lowerLinkFrontRight" visibilityActive="false" visibilityInactive="true" />
        </attacherJoint>
    </attacherJoints>

    <connectionHoses>
        <target attacherJointIndices="1 3 4" type="hydraulicIn" node="hydraulicIn01">
            <objectChange node="hydraulicIn01_cover" rotationActive="0 0 80" rotationInactive="0 0 0"/>
        </target>
        <target attacherJointIndices="1 3 4" type="hydraulicOut" node="hydraulicOut01">
            <objectChange node="hydraulicOut01_cover" rotationActive="0 0 80" rotationInactive="0 0 0"/>
        </target>
        <target attacherJointIndices="1 3 4" type="hydraulicIn" node="hydraulicIn02">
            <objectChange node="hydraulicIn02_cover" rotationActive="0 0 80" rotationInactive="0 0 0"/>
        </target>
        <target attacherJointIndices="1 3 4" type="hydraulicOut" node="hydraulicOut02">
            <objectChange node="hydraulicOut02_cover" rotationActive="0 0 80" rotationInactive="0 0 0"/>
        </target>
        <target attacherJointIndices="1 3 4" type="hydraulicIn" node="hydraulicIn03">
            <objectChange node="hydraulicIn03_cover" rotationActive="0 0 80" rotationInactive="0 0 0"/>
        </target>
        <target attacherJointIndices="1 3 4" type="hydraulicOut" node="hydraulicOut03">
            <objectChange node="hydraulicOut03_cover" rotationActive="0 0 80" rotationInactive="0 0 0"/>
        </target>
        <target attacherJointIndices="1 3 4" type="hydraulicIn" node="hydraulicIn04">
            <objectChange node="hydraulicIn04_cover" rotationActive="0 0 80" rotationInactive="0 0 0"/>
        </target>
        <target attacherJointIndices="1 3 4" type="hydraulicOut" node="hydraulicOut04">
            <objectChange node="hydraulicOut04_cover" rotationActive="0 0 80" rotationInactive="0 0 0"/>
        </target>
        <target attacherJointIndices="1 3 4" type="hydraulicIn" node="hydraulicIn05">
            <objectChange node="hydraulicIn05_cover" rotationActive="0 0 80" rotationInactive="0 0 0"/>
        </target>
        <target attacherJointIndices="1 3 4" type="hydraulicOut" node="hydraulicOut05">
            <objectChange node="hydraulicOut05_cover" rotationActive="0 0 80" rotationInactive="0 0 0"/>
        </target>
        <target attacherJointIndices="1 3 4" type="hydraulicIn" node="hydraulicIn06">
            <objectChange node="hydraulicIn06_cover" rotationActive="0 0 80" rotationInactive="0 0 0"/>
        </target>
        <target attacherJointIndices="1 3 4" type="hydraulicOut" node="hydraulicOut06">
            <objectChange node="hydraulicOut07_cover" rotationActive="0 0 80" rotationInactive="0 0 0"/>
        </target>
        <target attacherJointIndices="2 5" type="hydraulicIn" node="hydraulicIn07">
            <objectChange node="hydraulicIn07_cover" rotationActive="0 0 80" rotationInactive="0 0 0"/>
        </target>
        <target attacherJointIndices="2 5" type="hydraulicOut" node="hydraulicOut07">
            <objectChange node="hydraulicOut07_cover" rotationActive="0 0 80" rotationInactive="0 0 0"/>
        </target>

        <target attacherJointIndices="1 3 4" type="electric"        node="electricBack"     socket="electric"/>
        <target attacherJointIndices="2 5"   type="electric"        node="electricFront"    socket="electric"/>
        <target attacherJointIndices="1 3 4" type="airDoubleRed"    node="airDoubleStorage" socket="air_red"/>
        <target attacherJointIndices="1 3 4" type="airDoubleYellow" node="airDoubleControl" socket="air_yellow"/>

        <toolConnectorHose mountingNode="rightPipe">
            <startTarget attacherJointIndices="2 5" type="TOOL_CONNECTOR_TOP_RIGHT" node="rightPipe_frontConnector"/>
            <endTarget attacherJointIndices="1 3 4" type="TOOL_CONNECTOR_TOP_RIGHT" node="rightPipe_backConnector" straighteningFactor="3"/>
        </toolConnectorHose>

        <toolConnectorHose mountingNode="bottomPipe01">
            <startTarget attacherJointIndices="2 5" type="TOOL_CONNECTOR_BOTTOM_01" node="bottomPipe01_frontConnector"/>
            <endTarget attacherJointIndices="1 3 4" type="TOOL_CONNECTOR_BOTTOM_01" node="bottomPipe01_backConnector"/>
        </toolConnectorHose>

        <toolConnectorHose mountingNode="bottomPipe02">
            <startTarget attacherJointIndices="2 5" type="TOOL_CONNECTOR_BOTTOM_02" node="bottomPipe02_frontConnector"/>
            <endTarget attacherJointIndices="1 3 4" type="TOOL_CONNECTOR_BOTTOM_02" node="bottomPipe02_backConnector"/>
        </toolConnectorHose>

        <toolConnectorHose mountingNode="bottomPipe03">
            <startTarget attacherJointIndices="2 5" type="TOOL_CONNECTOR_BOTTOM_03" node="bottomPipe03_frontConnector"/>
            <endTarget attacherJointIndices="1 3 4" type="TOOL_CONNECTOR_BOTTOM_03" node="bottomPipe03_backConnector"/>
        </toolConnectorHose>

        <toolConnectorHose mountingNode="bottomPipe04">
            <startTarget attacherJointIndices="2 5" type="TOOL_CONNECTOR_BOTTOM_04" node="bottomPipe04_frontConnector"/>
            <endTarget attacherJointIndices="1 3 4" type="TOOL_CONNECTOR_BOTTOM_04" node="bottomPipe04_backConnector"/>
        </toolConnectorHose>
    </connectionHoses>

    <powerTakeOffs>
        <output outputNode="ptoBack" attacherJointIndices="1 3 4">
            <dashboard displayType="EMITTER" valueType="state" node="ledBarPTOBack_decal" baseColor="SHARED_BLACK4" emitColor="GREEN" intensity="0.4" groups="MOTOR_ACTIVE" />
        </output>
    </powerTakeOffs>

    <lights>
        <states>
            <state lightTypes="0"/>
            <state lightTypes="0 1"/>
            <state lightTypes="0 1 2"/>
        </states>

        <realLights>
            <low>
                <light node="frontLightLow"     lightTypes="0" excludedLightTypes="2 3" />
                <light node="workLightBackLow"  lightTypes="1"/>
                <light node="workLightFrontLow" lightTypes="2"/>
                <light node="highBeamLow"       lightTypes="3" />
            </low>
            <high>
                <light          node="frontLightHighTop"     lightTypes="0" excludedLightTypes="2 3" isTopLight="true"/>
                <light          node="frontLightHighBottom"  lightTypes="0" excludedLightTypes="2 3" isBottomLight="true"/>
                <light          node="backLightsHigh"        lightTypes="0"/>
                <light          node="licensePlateLightHigh" lightTypes="0"/>
                <light          node="workLightBackHigh1"    lightTypes="1"/>
                <light          node="workLightFrontHigh1"   lightTypes="2"/>
                <light          node="highBeamHighTop"       lightTypes="3" isTopLight="true"/>
                <light          node="highBeamHighBottom"    lightTypes="3" isBottomLight="true"/>
                <brakeLight     node="backLightsHigh" />
                <turnLightLeft  node="turnLightLeftFront" />
                <turnLightRight node="turnLightRightFront" />
                <interiorLight  node="interiorScreenLight01"/>
                <interiorLight  node="interiorScreenLight02"/>
            </high>
        </realLights>

        <staticLightCompounds>
            <staticLightCompound>
                <node node="lights_static" intensity="5"/>
                <node node="lightsGlass_static" intensity="1"/>
                <node node="cabinLights_static" intensity="5"/>
                <node node="cabinLightsGlass_static" intensity="1"/>
            </staticLightCompound>
        </staticLightCompounds>

        <beaconLights>
            <beaconLight node="beaconLight13_01" filename="$data/shared/assets/beaconLights/lizard/beaconLight13.xml" mountType="POLE" variationName="BLINK"/>
            <beaconLight node="beaconLight13_02" filename="$data/shared/assets/beaconLights/lizard/beaconLight13.xml" mountType="POLE" variationName="BLINK"/>
        </beaconLights>

        <dashboards>
            <dashboard displayType="ROT"     valueType="turnLight"       node="leverTurnlight"       minRot="0 10 0" maxRot="0 -10 0" doInterpolation="true" />
            <dashboard displayType="ROT"     valueType="lightState"      node="leverTurnlightPart"   minRot="0 0 0" maxRot="0 0 28.5" doInterpolation="true" lightTypes="1"/>
            <dashboard displayType="ROT"     valueType="lightState"      node="leverHighBeam"        minRot="0 0 0"  maxRot="10 0 0"  doInterpolation="true" lightTypes="3"/>
            <dashboard displayType="EMITTER" valueType="turnLightHazard" node="switchHazards"        intensity="0.5"/>
            <dashboard displayType="EMITTER" valueType="turnLightHazard" node="switchHazards_decals" intensity="0.5"/>

            <dashboard displayType="EMITTER" valueType="beaconLight" node="ledBarBeaconLight_decal" baseColor="SHARED_BLACK4" emitColor="GREEN" intensity="0.4" groups="MOTOR_ACTIVE" />
        </dashboards>
    </lights>

    <enterable>
        <exitPoint node="exitPoint"/>
        <enterReferenceNode node="vario1000_main_component1"/>

        <cameras>
            <camera node="outdoorCamera" rotatable="true" rotateNode="outdoorCameraTarget" limit="true" useWorldXZRotation="true" rotMinX="-1.4" rotMaxX="1" transMin="4.2" transMax="40" translation="0 0 7.3" rotation="-20 180 0">
                <raycastNode node="cameraRaycastNode1"/>
                <raycastNode node="cameraRaycastNode2"/>
                <raycastNode node="cameraRaycastNode3"/>
            </camera>
            <camera node="indoorCamera" rotatable="true" limit="true" rotMinX="-1.1" rotMaxX="0.4" transMin="0" transMax="0" useMirror="true" isInside="true" shadowFocusBox="shadowFocusBox" suspensionNodeIndex="2"/>
        </cameras>

        <characterNode node="playerSkin" cameraMinDistance="0.5">
            <target ikChain="rightFoot" targetNode="playerRightFootTarget" />
            <target ikChain="leftFoot"  targetNode="playerLeftFootTarget" />
            <target ikChain="rightArm"  targetNode="playerRightHandTarget" poseId="wideFingers" />
            <target ikChain="leftArm"   targetNode="playerLeftHandTarget" />
        </characterNode>

        <characterTargetNodeModifier node="playerRightFootTarget" transitionTime="0.1" >
            <state node="playerRightFootTargetGas"   referenceNode="gasPedal" directionReferenceNode="playerRightFootTargetGasRef" />
            <state node="playerRightFootTargetBrake" referenceNode="brakePedal" />
        </characterTargetNodeModifier>

        <characterTargetNodeModifier node="playerLeftFootTarget" transitionTime="0.1">
            <state node="playerLeftFootTargetClutch" referenceNode="pedalClutch" />
        </characterTargetNodeModifier>

        <mirrors>
            <mirror node="mirrorRightTop"    prio="1"/>
            <mirror node="mirrorLeftTop"     prio="1"/>
            <mirror node="mirrorRightBottom" prio="2"/>
            <mirror node="mirrorLeftBottom"  prio="2"/>
            <mirror node="mirrorInterior"    prio="2"/>
        </mirrors>
    </enterable>

    <suspensions>
        <suspension node="cabin"             weight="400" minRotation="-5 0 -5"            maxRotation="5 0 5"            suspensionParametersX="200 17" suspensionParametersZ="200 17" />
        <suspension node="seat"              weight="150" minTranslation="-0.05 -0.15 0.0" maxTranslation="0.05 0.15 0.0" suspensionParametersX="20 4"   suspensionParametersY="5 1" suspensionParametersZ="20 4" />
        <suspension useCharacterTorso="true" weight="90"  minRotation="0 -5 -5"            maxRotation="0 5 5"            suspensionParametersY="7 1"    suspensionParametersZ="7 1" />
    </suspensions>

    <motorized>
        <consumerConfigurations>
            <consumerConfiguration>
                <consumer fillUnitIndex="1" usage="158" fillType="diesel" />
                <consumer fillUnitIndex="2" usage="17.8" fillType="def" />
                <consumer fillUnitIndex="3" usage="250" fillType="air" permanentConsumption="false" refillLitersPerSecond="350" refillCapacityPercentage="0.5" />
            </consumerConfiguration>
            <consumerConfiguration>
                <consumer fillUnitIndex="1" usage="174" fillType="diesel" />
                <consumer fillUnitIndex="2" usage="19.5" fillType="def" />
                <consumer fillUnitIndex="3" usage="250" fillType="air" permanentConsumption="false" refillLitersPerSecond="350" refillCapacityPercentage="0.5" />
            </consumerConfiguration>
            <consumerConfiguration>
                <consumer fillUnitIndex="1" usage="190" fillType="diesel" />
                <consumer fillUnitIndex="2" usage="21.5"  fillType="def" />
                <consumer fillUnitIndex="3" usage="250" fillType="air" permanentConsumption="false" refillLitersPerSecond="350" refillCapacityPercentage="0.5" />
            </consumerConfiguration>
            <consumerConfiguration>
                <consumer fillUnitIndex="1" usage="206" fillType="diesel" />
                <consumer fillUnitIndex="2" usage="23.3"  fillType="def" />
                <consumer fillUnitIndex="3" usage="250" fillType="air" permanentConsumption="false" refillLitersPerSecond="350" refillCapacityPercentage="0.5" />
            </consumerConfiguration>
        </consumerConfigurations>

        <differentialConfigurations>
            <differentialConfiguration>
                <differentials>
                    <differential torqueRatio="0.5" maxSpeedRatio="1.5" wheelIndex1="1" wheelIndex2="2"/>
                    <differential torqueRatio="0.5" maxSpeedRatio="1.6" wheelIndex1="3" wheelIndex2="4"/>
                    <differential torqueRatio="0.5" maxSpeedRatio="1.3" differentialIndex1="1" differentialIndex2="2"/>
                </differentials>
            </differentialConfiguration>
        </differentialConfigurations>

        <motorConfigurations>
            <motorConfiguration name="1038 Vario" price="0" hp="396" consumerConfigurationIndex="1">
                <motor torqueScale="2.164" minRpm="650" maxRpm="1700" maxForwardSpeed="63" maxBackwardSpeed="33" brakeForce="16" lowBrakeForceScale="0.1" lowBrakeForceSpeedLimit="1" ptoMotorRpmRatio="3" dampingRateScale="3.3" >
                    <torque normRpm="0.45" torque="0.9"/>
                    <torque normRpm="0.50" torque="0.97"/>
                    <torque normRpm="0.59" torque="1"/>
                    <torque normRpm="0.72" torque="1"/>
                    <torque normRpm="0.86" torque="0.88"/>
                    <torque normRpm="1.00" torque="0.72"/>
                </motor>
                <transmission minForwardGearRatio="8.8" maxForwardGearRatio="320" minBackwardGearRatio="16.7" maxBackwardGearRatio="320" name="$l10n_info_transmission_cvt"/>
                <objectChange node="configuration1038_decal" visibilityActive="true" visibilityInactive="false"/>
            </motorConfiguration>
            <motorConfiguration name="1042 Vario" price="12000" hp="435" consumerConfigurationIndex="2">
                <motor torqueScale="2.377" dampingRateScale="3.6"/>
                <objectChange node="configuration1042_decal" visibilityActive="true" visibilityInactive="false"/>
            </motorConfiguration>
            <motorConfiguration name="1046 Vario" price="23500" hp="476" consumerConfigurationIndex="3">
                <motor torqueScale="2.601" dampingRateScale="4"/>
                <objectChange node="configuration1046_decal" visibilityActive="true" visibilityInactive="false"/>
            </motorConfiguration>
            <motorConfiguration name="1050 Vario" price="33000" hp="517" consumerConfigurationIndex="4">
                <motor torqueScale="2.825" dampingRateScale="4.5"/>
                <objectChange node="configuration1050_decal" visibilityActive="true" visibilityInactive="false"/>
            </motorConfiguration>
			<motorConfiguration name="1050R Vario" price="-33000" hp="825" consumerConfigurationIndex="5">
                <motor torqueScale="3.164" minRpm="650" maxRpm="2800" maxForwardSpeed="97" brakeForce="26" dampingRateScale="4.5" >
                    <torque normRpm="0.45" torque="0.9"/>
                    <torque normRpm="0.50" torque="1.97"/>
                    <torque normRpm="0.59" torque="2"/>
                    <torque normRpm="0.72" torque="2"/>
                    <torque normRpm="0.86" torque="0.88"/>
                    <torque normRpm="1.00" torque="0.72"/>
                </motor>
                <objectChange node="configuration1050_decal" visibilityActive="true" visibilityInactive="false"/>
            </motorConfiguration>
            <motorConfiguration name="1050R Xtreme" price="-33000" hp="1825" consumerConfigurationIndex="6">
                <motor torqueScale="4.164" minRpm="650" maxRpm="3000" maxForwardSpeed="145" brakeForce="40" dampingRateScale="4.5" >
                    <torque normRpm="0.45" torque="0.9"/>
                    <torque normRpm="0.55" torque="1.97"/>
                    <torque normRpm="0.60" torque="3"/>
                    <torque normRpm="0.75" torque="3"/>
                    <torque normRpm="0.86" torque="2.88"/>
                    <torque normRpm="1.00" torque="1.72"/>
                </motor>
                <objectChange node="configuration1050_decal" visibilityActive="true" visibilityInactive="false"/>
            </motorConfiguration>
        </motorConfigurations>

        <exhaustEffects>
            <exhaustEffect node="exhaustParticle" filename="$data/effects/exhaust/exhaust.i3d" minRpmColor="0.9 0.9 0.9 0.1" maxRpmColor="0.0 0.0 0.0 0.0" minRpmScale="0.05" maxRpmScale="0.5" />
        </exhaustEffects>

        <animationNodes>
            <animationNode node="fanEngine" rotSpeed="-400" rotAxis="3" turnOnFadeTime="2" turnOffFadeTime="1" />
        </animationNodes>

        <motorStartDuration>3500</motorStartDuration>

        <dashboards>
            <dashboard displayType="MULTI_STATE" valueType="ignitionState" node="ignitionKey" doInterpolation="true" groups="MOTOR_ACTIVE">
                <state value="0" rotation="0 0 0"/>
                <state value="1" rotation="0 0 -90"/>
                <state value="2" rotation="0 0 -30"/>
            </dashboard>
            <dashboard displayType="MULTI_STATE" valueType="ignitionState" node="pedalClutch" doInterpolation="true" groups="MOTOR_ACTIVE">
                <state value="0" rotation="0 0 0"/>
                <state value="1" rotation="-20 0 0"/>
                <state value="2" rotation="0 0 0"/>
            </dashboard>
        </dashboards>
    </motorized>

    <drivable>
        <steeringWheel node="steeringWheel" indoorRotation="540" outdoorRotation="60"/>

        <dashboards>
            <dashboard displayType="ROT" valueType="accelerationAxis" node="gasPedal"             minRot="0 0 0" maxRot="-15 0 0" doInterpolation="true" groups="MOTOR_ACTIVE"/>
            <dashboard displayType="ROT" valueType="decelerationAxis" node="brakePedal"           minRot="0 0 0" maxRot="-20 0 0" doInterpolation="true" groups="MOTOR_ACTIVE"/>
            <dashboard displayType="ROT" valueType="movingDirection"  node="leverMovingDirection" minRot="0 8 0" maxRot="0 -8 0"  doInterpolation="true" groups="MOTOR_ACTIVE"/>

            <dashboard displayType="EMITTER" valueType="cruiseControlActive" node="ledBarCruiseControl_decal" baseColor="SHARED_BLACK4" emitColor="GREEN" intensity="0.4" groups="MOTOR_ACTIVE" />
        </dashboards>
    </drivable>

    <licensePlates>
        <licensePlate node="licensePlateFront" position="FRONT" preferedType="SQUARISH" placementArea="0.3 0.3 0.15 0.3">
            <objectChange node="licensePlateFrontMount" visibilityActive="true" visibilityInactive="false"/>
        </licensePlate>
        <licensePlate node="licensePlateBack"  position="BACK" placementArea="0.05 0.27 0.17 0.27"/>
    </licensePlates>

    <wipers>
        <wiper animName="wiperFrontAnimation" >
            <state animSpeed="4.75" animPause="2.0" />
            <state animSpeed="4.75" animPause="0.0" />
            <state animSpeed="6.10" animPause="0.0" />
        </wiper>
        <wiper animName="wiperBackAnimation" >
            <state animSpeed="6.0" animPause="2.0" />
        </wiper>
        <wiper animName="wiperSideAnimation" >
            <state animSpeed="6.0" animPause="3.0" />
        </wiper>

        <dashboards>
            <dashboard displayType="MULTI_STATE" valueType="state" node="leverWiper" doInterpolation="true">
                <state value="0" rotation="0 0 0"/>
                <state value="1" rotation="0 10 0"/>
                <state value="2" rotation="0 10 0"/>
            </dashboard>
            <dashboard displayType="MULTI_STATE" valueType="state" node="leverWiperPart" doInterpolation="true">
                <state value="0" rotation="0 0 0"/>
                <state value="1" rotation="-30 0 0"/>
                <state value="2" rotation="-50 0 0"/>
            </dashboard>
        </dashboards>

    </wipers>

    <animations>
        <animation name="wiperFrontAnimation">
            <part node="frontWiper" startTime="0.000" endTime="4.949" startRot="4.558 -1.783 -152.749" endRot="0.0 0.0 0.0" />
            <part node="frontWiper" startTime="4.949" endTime="10.00" startRot="0.0 0.0 0.0"           endRot="4.615 0.0 152.79" />

            <sound template="wiper1" startTime="0" endTime="10" direction="1"  volumeScale="1.2" pitchScale="0.6" fadeOut="0.1" linkNode="frontWiper"/>
            <sound template="wiper2" startTime="0" endTime="10" direction="-1" volumeScale="1.2" pitchScale="0.6" fadeOut="0.1" linkNode="frontWiper"/>
        </animation>
        <animation name="wiperSideAnimation">
            <part node="sideWiper" startTime="0.000" endTime="2.424" startRot="0.0 0.0 0.0"            endRot="-41.728 7.008 -1.613" />
            <part node="sideWiper" startTime="2.424" endTime="4.949" startRot="-41.728 7.008 -1.613"   endRot="-114.54 3.595 -2.746" />
            <part node="sideWiper" startTime="4.949" endTime="7.475" startRot="-114.54 3.595 -2.746"   endRot="-189.408 -0.715 -3.731" />
            <part node="sideWiper" startTime="7.475" endTime="10.00" startRot="-189.408 -0.715 -3.731" endRot="-232.515 -2.776 -0.982" />

            <sound template="wiper1" startTime="0" endTime="10" direction="1"  volumeScale="1.5" pitchScale="0.5" fadeOut="0.1" linkNode="sideWiper"/>
            <sound template="wiper2" startTime="0" endTime="10" direction="-1" volumeScale="1.5" pitchScale="0.5" fadeOut="0.1" linkNode="sideWiper"/>
        </animation>
        <animation name="wiperBackAnimation">
            <part node="backWiper" startTime="0.000" endTime="4.949" startRot="1.91 -12.956 88.215"   endRot="-6.144 -3.936 148.417" />
            <part node="backWiper" startTime="4.949" endTime="10.00" startRot="-6.144 -3.936 148.417" endRot="-7.516 5.362 210.471" />

            <sound template="wiper1" startTime="0" endTime="10" direction="1"  volumeScale="1.5" pitchScale="0.5" fadeOut="0.1" linkNode="backWiper"/>
            <sound template="wiper2" startTime="0" endTime="10" direction="-1" volumeScale="1.5" pitchScale="0.5" fadeOut="0.1" linkNode="backWiper"/>
        </animation>
    </animations>

    <cylindered>
        <movingTools>
            <movingTool node="attacherJointBackArmBottom">
                <dependentPart node="attacherJointBackArmMain"/>
                <dependentPart node="attacherJointBackArmBottomLeftPart"/>
                <dependentPart node="attacherJointBackArmBottomRightPart"/>
            </movingTool>
            <movingTool node="attacherJointFrontArmBottom">
                <dependentPart node="lowerLinkFrontHydraulic"/>
            </movingTool>
        </movingTools>

        <movingParts>
            <!-- attacherJoints -->
            <movingPart node="lowerLinkFrontHydraulic" referencePoint="lowerLinkFrontHydraulicRef" referenceFrame="lowerLinkFrontHydraulicRef">
                <translatingPart node="lowerLinkFrontHydraulicPunch" />
                <dependentPart node="lowerLinkFrontHydraulicRubber" />
            </movingPart>
            <movingPart node="lowerLinkFrontHydraulicRubber" referencePoint="lowerLinkFrontHydraulicRubberRef" referenceFrame="lowerLinkFrontHydraulicRubberRef" scaleZ="true"/>

            <movingPart node="attacherJointBackArmMain" referencePoint="attacherJointBackArmMainPartRef" localReferencePoint="attacherJointBackArmMainLocalRef" referenceFrame="attacherJointBackArmMainRefFrame" limitedAxis="1">
                <dependentPart node="attacherJointBackArmMainHydraulic"/>
                <dependentPart node="attacherJointBackArmMainPartLeft"/>
                <dependentPart node="attacherJointBackArmMainPartRight"/>
            </movingPart>
            <movingPart node="attacherJointBackArmMainHydraulic" referencePoint="attacherJointBackArmMainHydraulicRef" referenceFrame="attacherJointBackArmMainHydraulicRef" isActiveDirty="true" maxUpdateDistance="10">
                <translatingPart node="attacherJointBackArmMainHydraulicPunch" />
            </movingPart>

            <movingPart node="attacherJointBackArmMainPartLeft"   referencePoint="attacherJointBackArmMainPartLeftRef"   referenceFrame="attacherJointBackArmMainPartLeftRef" />
            <movingPart node="attacherJointBackArmBottomLeftPart" referencePoint="attacherJointBackArmBottomLeftPartRef" referenceFrame="attacherJointBackArmBottomLeftPartRef">
                <dependentPart node="attacherJointBackArmBottomLeftPartPunch" />
            </movingPart>
            <movingPart node="attacherJointBackArmBottomLeftPartPunch" referencePoint="attacherJointBackArmBottomLeftPartPunchRef" referenceFrame="attacherJointBackArmBottomLeftPartPunchRef" />

            <movingPart node="attacherJointBackArmMainPartRight"   referencePoint="attacherJointBackArmMainPartRightRef"   referenceFrame="attacherJointBackArmMainPartRightRef" />
            <movingPart node="attacherJointBackArmBottomRightPart" referencePoint="attacherJointBackArmBottomRightPartRef" referenceFrame="attacherJointBackArmBottomRightPartRef">
                <dependentPart node="attacherJointBackArmBottomRightPartPunch" />
            </movingPart>
            <movingPart node="attacherJointBackArmBottomRightPartPunch" referencePoint="attacherJointBackArmBottomRightPartPunchRef" referenceFrame="attacherJointBackArmBottomRightPartPunchRef" />

            <!-- cabin -->
            <movingPart node="rightCabinDamper" referencePoint="rightCabinDamperRef" referenceFrame="rightCabinDamperRef" scaleZ="true" isActiveDirty="true" maxUpdateDistance="40"/>
            <movingPart node="leftCabinDamper"  referencePoint="leftCabinDamperRef"  referenceFrame="leftCabinDamperRef"  scaleZ="true" isActiveDirty="true" maxUpdateDistance="40"/>

            <!-- wheels -->
            <movingPart node="wheelSuspensionTopLeft"     referencePoint="wheelSuspensionTopLeftRef"     referenceFrame="wheelSuspensionTopLeftRefFrame"     isActiveDirty="true" maxUpdateDistance="40"/>
            <movingPart node="wheelSuspensionTopRight"    referencePoint="wheelSuspensionTopRightRef"    referenceFrame="wheelSuspensionTopRightRefFrame"    isActiveDirty="true" maxUpdateDistance="40"/>
            <movingPart node="wheelSuspensionBottomLeft"  referencePoint="wheelSuspensionBottomLeftRef"  referenceFrame="wheelSuspensionBottomLeftRefFrame"  isActiveDirty="true" maxUpdateDistance="40"/>
            <movingPart node="wheelSuspensionBottomRight" referencePoint="wheelSuspensionBottomRightRef" referenceFrame="wheelSuspensionBottomRightRefFrame" isActiveDirty="true" maxUpdateDistance="40"/>

            <movingPart node="leftSteeringBar"  referencePoint="leftSteeringBarRef"  referenceFrame="leftSteeringBarRef"  isActiveDirty="true" maxUpdateDistance="40"/>
            <movingPart node="rightSteeringBar" referencePoint="rightSteeringBarRef" referenceFrame="rightSteeringBarRef" isActiveDirty="true" maxUpdateDistance="40"/>

            <movingPart node="wheelSuspensionHydraulicLeft" referencePoint="wheelSuspensionHydraulicLeftRef" referenceFrame="wheelSuspensionHydraulicLeftRef" isActiveDirty="true" maxUpdateDistance="40">
                <translatingPart node="wheelSuspensionHydraulicLeftPunch" />
            </movingPart>
            <movingPart node="wheelSuspensionHydraulicRight" referencePoint="wheelSuspensionHydraulicRightRef" referenceFrame="wheelSuspensionHydraulicRightRef" isActiveDirty="true" maxUpdateDistance="40">
                <translatingPart node="wheelSuspensionHydraulicRightPunch" />
            </movingPart>
            <movingPart node="WheelPTOLeftAlign"  referencePoint="WheelPTOLeftAlignRef"  referenceFrame="WheelPTOLeftAlignRef" scaleZ="true" isActiveDirty="true" maxUpdateDistance="40"/>
            <movingPart node="WheelPTORightAlign" referencePoint="WheelPTORightAlignRef" referenceFrame="WheelPTORightAlignRef" scaleZ="true" isActiveDirty="true" maxUpdateDistance="40"/>
        </movingParts>
    </cylindered>

    <fillUnit>
        <fillUnitConfigurations>
            <fillUnitConfiguration>
                <fillUnits>
                    <fillUnit unitTextOverride="$l10n_unit_literShort" showOnHud="false" showInShop="false" fillTypes="diesel" capacity="740">
                        <exactFillRootNode node="exactFillRootNode" />
                    </fillUnit>
                    <fillUnit unitTextOverride="$l10n_unit_literShort" showOnHud="false" showInShop="false" showOnInfoHud="false" fillTypes="def"    capacity="84" />
                    <fillUnit unitTextOverride="$l10n_unit_literShort" showOnHud="false" showInShop="false" showOnInfoHud="false" fillTypes="air"    capacity="4000" />
                </fillUnits>
            </fillUnitConfiguration>
        </fillUnitConfigurations>
    </fillUnit>

    <dashboard>
        <groups>
            <group name="MOTOR_STARTING"   isMotorStarting="true"/>
            <group name="MOTOR_ACTIVE"     isMotorStarting="true" isMotorRunning="true"/>
            <group name="BACK_ATTACHMENT"  attacherJointIndices="1 3 4"/>
            <group name="FRONT_ATTACHMENT" attacherJointIndices="2 5"/>
        </groups>

         <default>
            <dashboard displayType="EMITTER" node="ledBarsDefault_decals" baseColor="SHARED_BLACK4" emitColor="SHARED_BLACK4" intensity="0" groups="MOTOR_ACTIVE" />
            <dashboard displayType="EMITTER" node="ledBarsYellow_decals" baseColor="SHARED_BLACK4" emitColor="YELLOW" intensity="0.4" groups="MOTOR_ACTIVE" />
            <dashboard displayType="EMITTER" node="ledBarsOrange_decals" baseColor="SHARED_BLACK4" emitColor="ORANGE" intensity="0.4" groups="MOTOR_ACTIVE" />
            <dashboard displayType="EMITTER" node="ledBarsWhite_decals" baseColor="SHARED_BLACK4" emitColor="SHARED_WHITE2" intensity="0.4" groups="MOTOR_ACTIVE" />
            <dashboard displayType="EMITTER" node="ledBarsGreen_decals" baseColor="SHARED_BLACK4" emitColor="GREEN" intensity="0.4" groups="MOTOR_ACTIVE" />
            <dashboard displayType="EMITTER" node="ledBarsBlue_decals" baseColor="SHARED_BLACK4" emitColor="BOMECH_BLUE1" intensity="0.4" groups="MOTOR_ACTIVE" />
            <dashboard displayType="EMITTER" node="ledBarsRed_decals" baseColor="SHARED_BLACK4" emitColor="RED" intensity="0.4" groups="MOTOR_ACTIVE" />
            <dashboard displayType="EMITTER" node="iconsArmrestLightup_decals" idleValue="-1" intensity="0.2" groups="MOTOR_ACTIVE" />
            <dashboard displayType="EMITTER" node="iconsArmrestLightupWhite01_decals" intensity="0.2" groups="MOTOR_ACTIVE" />
            <dashboard displayType="EMITTER" node="iconsArmrestLightupWhite02_decals" intensity="0.2" groups="MOTOR_ACTIVE" />
        </default>

        <compounds>
            <compound linkNode="oneDisplayFront"  filename="$data/vehicles/fendt/shared/oneDisplays.xml" name="FENDT_ONE_DASHBOARD"/>
            <compound linkNode="oneDisplayArmest" filename="$data/vehicles/fendt/shared/oneDisplays.xml" name="FENDT_ONE_MAIN"/>
            <compound linkNode="oneDisplaySide"   filename="$data/vehicles/fendt/shared/oneDisplays.xml" name="FENDT_ONE_TOP"/>
        </compounds>
    </dashboard>

    <ai>
        <agent frontWheelNodes="frontLeftWheel frontRightWheel"/>
        <collisionTrigger useSize="true"/>
    </ai>

    <foliageBending>
        <bendingNode wheelIndices="1 2" minZ="1.0" maxZ="2.9" yOffset="0.6"/>
        <bendingNode minX="-1.4" maxX="1.4" minZ="-0.2" maxZ="1.0" yOffset="0.6"/>
        <bendingNode wheelIndices="3 4" minZ="-2.5" maxZ="-0.2" yOffset="0.6"/>
    </foliageBending>

    <!-- <designConfigurations title="Design Line" isYesNoOption="true">
        <designConfiguration name="$l10n_configuration_valueNo"/>
        <designConfiguration name="$l10n_configuration_valueYes" price="3500">
            <material materialSlotName="exhaust_color_mat" materialTemplateName="silverScratchedShiny"/>
            <material materialSlotName="grill_main_mat" materialTemplateName="FENDT_DESIGN_GRILL"/>
        </designConfiguration>
    </designConfigurations>

    <design2Configurations title="Black Beauty" isYesNoOption="true">
        <design2Configuration name="$l10n_configuration_valueNo"/>
        <design2Configuration name="$l10n_configuration_valueYes" price="7500">
            <material materialSlotName="main_chassis_color_mat" materialTemplateName="metalPaintedBlack" materialTemplateUseColorOnly="true"/>
        </design2Configuration>
    </design2Configurations> -->

    <design3Configurations>
        <design3Configuration>
            <material materialSlotName="vario1000_frame1_mat" materialTemplateName="SHARED_BLACK0" />
            <material materialSlotName="wheelSuspensionBottomRight_mat" materialTemplateName="SHARED_BLACK0" />
            <material materialSlotName="wheelSuspension_mat" materialTemplateName="SHARED_BLACK0" />
            <material materialSlotName="vario1000_steps_misc_metal" materialTemplateName="SHARED_BLACK0" />
            <material materialSlotName="rearHitch_mat" materialTemplateName="SHARED_BLACK0" />
            <!-- <material materialSlotName="vario1000_frame1_mat" materialTemplateName="SHARED_BLACK0" /> -->
            <!-- <material materialSlotName="vario1000_frame1_mat" materialTemplateName="SHARED_BLACK0" /> -->
        </design3Configuration>
    </design3Configurations>
	<!-- =========ADDED ========= -->
	<!-- <design3Configurations title="Plum Purple" isYesNoOption="true">
        <design3Configuration name="$l10n_configuration_valueNo"/>
        <design3Configuration name="$l10n_configuration_valueYes" price="-100000">
            <material materialSlotName="main_chassis_color_mat" materialTemplateName="LIZARD_PURPLE1" materialTemplateUseColorOnly="true"/>
			<material materialSlotName="vario1000_roof" materialTemplateName="LIZARD_PURPLE1" />
			<material materialSlotName="exhaust_color_mat" materialTemplateName="silverScratchedShiny"/>
            <material materialSlotName="grill_main_mat" materialTemplateName="RIM_CONFIGURATION_CHROME"/>
			<material materialSlotName="vario1000Interior_plastics1" materialTemplateName="wood2Oak"/>
			<material materialSlotName="vario1000Interior_plastics2" materialTemplateName="wood2Oak"/>
			<material materialSlotName="vario1000Interior_roof" materialTemplateName="wood2Oak"/>
			<material materialSlotName="vario1000Interior_floor_misc" color="0.0385 0.0430 0.06002" />
        </design3Configuration>
    </design3Configurations> -->

	<baseColorConfigurations title="Main Body Color"  useDefaultColors="true" price="0">
		<baseColorConfiguration name="Matte Black" materialTemplateName="DEUTZ_BLACK2" />
		<baseColorConfiguration name="Matte Silver" materialTemplateName="VALTRA_GREY2" />
		<baseColorConfiguration name="Matte Green" materialTemplateName="DEUTZ_MATTGREEN" />
		<baseColorConfiguration name="CHROME" materialTemplateName="RIM_CONFIGURATION_CHROME" />
        <material materialSlotName="main_chassis_color_mat" />
    </baseColorConfigurations>

	<designColorConfigurations title="External Roof" useDefaultColors="true" price="0" >
		<designColorConfiguration name="Matte Black" materialTemplateName="DEUTZ_BLACK2" />
		<designColorConfiguration name="Matte Silver" materialTemplateName="VALTRA_GREY2" />
		<designColorConfiguration name="CHROME" materialTemplateName="RIM_CONFIGURATION_CHROME" />
        <material materialSlotName="vario1000_roof" />
    </designColorConfigurations>

    <designColor2Configurations title="Grill and Exhaust" useDefaultColors="true" price="0" >
		<designColor2Configuration name="Matte Black" materialTemplateName="DEUTZ_BLACK2" />
		<designColor2Configuration name="Matte Silver" materialTemplateName="VALTRA_GREY2" />
		<designColor2Configuration name="CHROME" materialTemplateName="RIM_CONFIGURATION_CHROME" />
        <material materialSlotName="grill_main_mat" />
        <material materialSlotName="exhaust_color_mat"/>
    </designColor2Configurations>

	<designColor3Configurations title="Interior" useDefaultColors="true" price="0"  >
        <designColor3Configuration name="Wood Oak" materialTemplateName="wood2Oak" />
        <designColor3Configuration name="Wood Cedar" materialTemplateName="wood1Cedar" />
		<designColor3Configuration name="Brown Leather" materialTemplateName="leather1Brown"/>
		<designColor3Configuration name="Brown Leather 2" materialTemplateName="leather2Brown" />
		<designColor3Configuration name="Gray Leather" materialTemplateName="leather3GrayDark"  />
		<designColor3Configuration name="Gray Leather 2" materialTemplateName="perforatedSynthetic2Black" />
        <material materialSlotName="vario1000Interior_plastics1" />
        <material materialSlotName="vario1000Interior_plastics2" />
        <material materialSlotName="vario1000Interior_roof" />
    </designColor3Configurations>

	<designColor4Configurations title="Seat" useDefaultColors="true" price="0" >
		<designColor4Configuration name="Brown Leather" materialTemplateName="leather1Brown"/>
		<designColor4Configuration name="Gray Leather" materialTemplateName="leather3GrayDark"  />
        <designColor4Configuration name="Matte Black" materialTemplateName="VALTRA_BLACK1" />
		<designColor4Configuration name="Gray Leather 2" materialTemplateName="perforatedSynthetic2Black" />
        <material materialSlotName="vario1000Interior_leftarmrest" />
        <material materialSlotName="vario1000Interior_seatheadrest_leftarmrest" />
        <material materialSlotName="vario1000_Interior_seatborder" />
        <material materialSlotName="vario1000_Interior_seatmiddle" />
        <material materialSlotName="vario1000Interior_consolerightarmrest" />
    </designColor4Configurations>

	<designColor5Configurations title="Floor" price="0" useDefaultColors="true" >
		<designColor5Configuration name="Gray Fabric" materialTemplateName="fabric2Gray"  />
		<designColor5Configuration name="Gray Fabric 2" materialTemplateName="perforatedSynthetic2Black" />
		<designColor5Configuration name="Matte Black" materialTemplateName="DEUTZ_BLACK2" isDefault="true"  />
        <designColor5Configuration name="Wood Oak" materialTemplateName="wood2Oak" />
        <designColor5Configuration name="Wood Cedar" materialTemplateName="wood1Cedar" />
        <material materialSlotName="vario1000Interior_floor_misc" />
	</designColor5Configurations>

    <rimColorConfigurations useDefaultColors="true" price="0">
		<rimColorConfiguration name="Matte Black" materialTemplateName="DEUTZ_BLACK2" />
		<rimColorConfiguration name="Matte Silver" materialTemplateName="VALTRA_GREY2" />
        <rimColorConfiguration materialTemplateName="FENDT_RED1" isDefault="true" />
        <rimColorConfiguration name="$l10n_ui_colorBlack" materialTemplateName="RIM_CONFIGURATION_BLACK" />
        <rimColorConfiguration name="CHROME" materialTemplateName="RIM_CONFIGURATION_CHROME"  />
    </rimColorConfigurations>
	<!-- =========ADDED ========= -->

    <wearable wearDuration="480" workMultiplier="5" fieldMultiplier="2"/>
    <washable dirtDuration="90"  workMultiplier="3" fieldMultiplier="2" washDuration="1"/>

    <i3dMappings>
        <i3dMapping id="vario1000_main_component1" node="0>" />
        <i3dMapping id="vario1000_vis" node="0>0" />
        <i3dMapping id="frontLeftAxis" node="0>0|0|0|0" />
        <i3dMapping id="frontLeftWheel" node="0>0|0|0|0|0|0" />
        <i3dMapping id="wheelSuspensionTopLeftRef" node="0>0|0|0|0|1" />
        <i3dMapping id="wheelSuspensionBottomLeftRef" node="0>0|0|0|0|2" />
        <i3dMapping id="leftSteeringBar" node="0>0|0|0|0|3" />
        <i3dMapping id="leftFender" node="0>0|0|0|0|4|0" />
        <i3dMapping id="frontWheelLeftPTOPartRef" node="0>0|0|0|0|5" />
        <i3dMapping id="WheelPTOLeftAlignRef" node="0>0|0|0|0|6" />
        <i3dMapping id="frontRightAxis" node="0>0|0|1|0" />
        <i3dMapping id="frontRightWheel" node="0>0|0|1|0|0|0" />
        <i3dMapping id="wheelSuspensionTopRightRef" node="0>0|0|1|0|1" />
        <i3dMapping id="wheelSuspensionBottomRightRef" node="0>0|0|1|0|2" />
        <i3dMapping id="rightSteeringBar" node="0>0|0|1|0|3" />
        <i3dMapping id="rightFender" node="0>0|0|1|0|4|0" />
        <i3dMapping id="frontWheelRightPTOPartRef" node="0>0|0|1|0|5" />
        <i3dMapping id="WheelPTORightAlignRef" node="0>0|0|1|0|6" />
        <i3dMapping id="backWheelLeft" node="0>0|0|2" />
        <i3dMapping id="backWheelRight" node="0>0|0|3" />
        <i3dMapping id="steeringBar" node="0>0|0|4" />
        <i3dMapping id="leftSteeringBarRef" node="0>0|0|4|0" />
        <i3dMapping id="rightSteeringBarRef" node="0>0|0|4|1" />
        <i3dMapping id="outdoorCameraTarget" node="0>0|1|0" />
        <i3dMapping id="outdoorCamera" node="0>0|1|0|0" />
        <i3dMapping id="indoorCamera" node="0>0|1|1" />
        <i3dMapping id="cameraRaycastNode1" node="0>0|1|2" />
        <i3dMapping id="cameraRaycastNode2" node="0>0|1|3" />
        <i3dMapping id="cameraRaycastNode3" node="0>0|1|4" />
        <i3dMapping id="shadowFocusBox" node="0>0|1|5" />
        <i3dMapping id="lights_static" node="0>0|2|0|0" />
        <i3dMapping id="lightsGlass_static" node="0>0|2|0|1" />
        <i3dMapping id="frontLightLow" node="0>0|2|1|0" />
        <i3dMapping id="highBeamLow" node="0>0|2|1|1" />
        <i3dMapping id="highBeamHighBottom" node="0>0|2|1|2" />
        <i3dMapping id="frontLightHighBottom" node="0>0|2|1|3" />
        <i3dMapping id="exitPoint" node="0>0|3" />
        <i3dMapping id="exhaustParticle" node="0>0|4" />
        <i3dMapping id="cabin" node="0>0|5" />
        <i3dMapping id="steeringWheel" node="0>0|5|0|0" />
        <i3dMapping id="playerLeftHandTarget" node="0>0|5|0|0|1" />
        <i3dMapping id="seat" node="0>0|5|1" />
        <i3dMapping id="playerSkin" node="0>0|5|1|0|0" />
        <i3dMapping id="playerRightHandTarget" node="0>0|5|1|0|1" />
        <i3dMapping id="iconsArmrestLightup_decals" node="0>0|5|1|1|0|0" />
        <i3dMapping id="iconsArmrestLightupWhite01_decals" node="0>0|5|1|1|0|1" />
        <i3dMapping id="iconsArmrestLightupWhite02_decals" node="0>0|5|1|1|0|2" />
        <i3dMapping id="ledBarsDefault_decals" node="0>0|5|1|1|1|0" />
        <i3dMapping id="ledBarBeaconLight_decal" node="0>0|5|1|1|1|1" />
        <i3dMapping id="ledBarsYellow_decals" node="0>0|5|1|1|1|2" />
        <i3dMapping id="ledBarsWhite_decals" node="0>0|5|1|1|1|3" />
        <i3dMapping id="ledBarsBlue_decals" node="0>0|5|1|1|1|4" />
        <i3dMapping id="ledBarsGreen_decals" node="0>0|5|1|1|1|5" />
        <i3dMapping id="ledBarsRed_decals" node="0>0|5|1|1|1|6" />
        <i3dMapping id="ledBarsOrange_decals" node="0>0|5|1|1|1|7" />
        <i3dMapping id="ledBarPTOBack_decal" node="0>0|5|1|1|1|8" />
        <i3dMapping id="ledBarCruiseControl_decal" node="0>0|5|1|1|1|9" />
        <i3dMapping id="oneDisplayArmest" node="0>0|5|1|1|2" />
        <i3dMapping id="interiorScreenLight02" node="0>0|5|1|1|3" />
        <i3dMapping id="cabinLights_static" node="0>0|5|2|0|0" />
        <i3dMapping id="cabinLightsGlass_static" node="0>0|5|2|0|1" />
        <i3dMapping id="frontLightHighTop" node="0>0|5|2|1|0" />
        <i3dMapping id="highBeamHighTop" node="0>0|5|2|1|1" />
        <i3dMapping id="licensePlateLightHigh" node="0>0|5|2|1|2" />
        <i3dMapping id="workLightFrontLow" node="0>0|5|2|2|0" />
        <i3dMapping id="workLightBackLow" node="0>0|5|2|2|1" />
        <i3dMapping id="workLightFrontHigh1" node="0>0|5|2|2|2" />
        <i3dMapping id="workLightBackHigh1" node="0>0|5|2|2|3" />
        <i3dMapping id="backLightsHigh" node="0>0|5|2|3|0" />
        <i3dMapping id="turnLightRightFront" node="0>0|5|2|4|0" />
        <i3dMapping id="turnLightLeftFront" node="0>0|5|2|4|1" />
        <i3dMapping id="beaconLight13_01" node="0>0|5|2|5|0" />
        <i3dMapping id="beaconLight13_02" node="0>0|5|2|5|1" />
        <i3dMapping id="interiorScreenLight01" node="0>0|5|2|6" />
        <i3dMapping id="frontWiper" node="0>0|5|3|0" />
        <i3dMapping id="sideWiper" node="0>0|5|3|1" />
        <i3dMapping id="backWiper" node="0>0|5|3|2" />
        <i3dMapping id="leverHighBeam" node="0>0|5|4|0|0|0" />
        <i3dMapping id="leverTurnlight" node="0>0|5|4|0|0|0|0" />
        <i3dMapping id="leverTurnlightPart" node="0>0|5|4|0|0|0|0|0" />
        <i3dMapping id="leverWiper" node="0>0|5|4|0|1|0" />
        <i3dMapping id="leverWiperPart" node="0>0|5|4|0|1|0|0" />
        <i3dMapping id="ignitionKey" node="0>0|5|4|1|0" />
        <i3dMapping id="switchHazards" node="0>0|5|4|2" />
        <i3dMapping id="switchHazards_decals" node="0>0|5|4|2|0" />
        <i3dMapping id="oneDisplayFront" node="0>0|5|4|3" />
        <i3dMapping id="oneDisplaySide" node="0>0|5|4|4" />
        <i3dMapping id="leverMovingDirection" node="0>0|5|4|5|0" />
        <i3dMapping id="gasPedal" node="0>0|5|5|0|0" />
        <i3dMapping id="playerRightFootTargetGasRef" node="0>0|5|5|0|0|0" />
        <i3dMapping id="playerRightFootTargetGas" node="0>0|5|5|0|1" />
        <i3dMapping id="brakePedal" node="0>0|5|5|1" />
        <i3dMapping id="playerRightFootTargetBrake" node="0>0|5|5|1|0" />
        <i3dMapping id="pedalClutch" node="0>0|5|5|2" />
        <i3dMapping id="playerLeftFootTargetClutch" node="0>0|5|5|2|0" />
        <i3dMapping id="playerRightFootTarget" node="0>0|5|6|0" />
        <i3dMapping id="playerLeftFootTarget" node="0>0|5|6|1" />
        <i3dMapping id="mirrorLeftTop" node="0>0|5|7|0" />
        <i3dMapping id="mirrorRightTop" node="0>0|5|7|1" />
        <i3dMapping id="mirrorLeftBottom" node="0>0|5|7|2" />
        <i3dMapping id="mirrorRightBottom" node="0>0|5|7|3" />
        <i3dMapping id="mirrorInterior" node="0>0|5|7|4" />
        <i3dMapping id="leftCabinDamper" node="0>0|5|8" />
        <i3dMapping id="rightCabinDamper" node="0>0|5|9" />
        <i3dMapping id="narrowMudGuards" node="0>0|5|10|0" />
        <i3dMapping id="wideMudGuards" node="0>0|5|10|1" />
        <i3dMapping id="licensePlateBack" node="0>0|5|10|2" />
        <i3dMapping id="attacherJointBackRot" node="0>0|6|0|0" />
        <i3dMapping id="attacherJointBackRot2" node="0>0|6|0|0|0" />
        <i3dMapping id="attacherJointBack" node="0>0|6|0|0|0|0" />
        <i3dMapping id="attacherJointBackArmBottom" node="0>0|6|0|1" />
        <i3dMapping id="attacherJointBackArmBottomTrans" node="0>0|6|0|1|0" />
        <i3dMapping id="attacherJointBackArmBottomLeft" node="0>0|6|0|1|0|0" />
        <i3dMapping id="attacherJointBackArmBottomLeftPartPunch" node="0>0|6|0|1|0|0|0" />
        <i3dMapping id="attacherJointBackArmBottomLeftPartRef" node="0>0|6|0|1|0|0|0|0" />
        <i3dMapping id="attacherJointBackArmMainPartLeftRef" node="0>0|6|0|1|0|0|1" />
        <i3dMapping id="attacherJointBackArmBottomLeftRef" node="0>0|6|0|1|0|0|2" />
        <i3dMapping id="attacherJointBackArmBottomRight" node="0>0|6|0|1|0|1" />
        <i3dMapping id="attacherJointBackArmBottomRightPartPunch" node="0>0|6|0|1|0|1|0" />
        <i3dMapping id="attacherJointBackArmBottomRightPartRef" node="0>0|6|0|1|0|1|0|0" />
        <i3dMapping id="attacherJointBackArmMainPartRightRef" node="0>0|6|0|1|0|1|1" />
        <i3dMapping id="attacherJointBackArmBottomRightRef" node="0>0|6|0|1|0|1|2" />
        <i3dMapping id="referencePointBackBottom" node="0>0|6|0|1|0|2" />
        <i3dMapping id="attacherJointBackArmMainPartRef" node="0>0|6|0|1|0|3" />
        <i3dMapping id="attacherJointBackArmTop" node="0>0|6|0|2" />
        <i3dMapping id="attacherJointFrontRot" node="0>0|6|0|3" />
        <i3dMapping id="attacherJointFrontRot2" node="0>0|6|0|3|0" />
        <i3dMapping id="attacherJointFront" node="0>0|6|0|3|0|0" />
        <i3dMapping id="attacherJointFrontArmBottom" node="0>0|6|0|4" />
        <i3dMapping id="attacherJointFrontArmLowerLink" node="0>0|6|0|4|0" />
        <i3dMapping id="referencePointFrontBottom" node="0>0|6|0|4|0|0" />
        <i3dMapping id="lowerLinkFrontLeft" node="0>0|6|0|4|0|1|0" />
        <i3dMapping id="lowerLinkFrontRight" node="0>0|6|0|4|0|2|0" />
        <i3dMapping id="lowerLinkFrontHydraulicRef" node="0>0|6|0|4|0|3" />
        <i3dMapping id="attacherJointFrontArmTop" node="0>0|6|0|5" />
        <i3dMapping id="attacherJointBackArmTopMounting" node="0>0|6|0|6" />
        <i3dMapping id="trailerAttacherNode" node="0>0|6|1|0" />
        <i3dMapping id="trailerAttacherJointBack" node="0>0|6|1|0|0" />
        <i3dMapping id="trailerLowNode" node="0>0|6|1|1" />
        <i3dMapping id="trailerAttacherJointBackLow" node="0>0|6|1|1|0" />
        <i3dMapping id="steeringBarLeftRef" node="0>0|6|1|1|1" />
        <i3dMapping id="steeringBarRightRef" node="0>0|6|1|1|2" />
        <i3dMapping id="trailerAttacherJointFront" node="0>0|6|1|2" />
        <i3dMapping id="ptoBack" node="0>0|6|2|0" />
        <i3dMapping id="hydraulicIn01" node="0>0|6|3|0" />
        <i3dMapping id="hydraulicIn01_cover" node="0>0|6|3|0|0" />
        <i3dMapping id="hydraulicOut01" node="0>0|6|3|1" />
        <i3dMapping id="hydraulicOut01_cover" node="0>0|6|3|1|0" />
        <i3dMapping id="hydraulicIn02" node="0>0|6|3|2" />
        <i3dMapping id="hydraulicIn02_cover" node="0>0|6|3|2|0" />
        <i3dMapping id="hydraulicOut02" node="0>0|6|3|3" />
        <i3dMapping id="hydraulicOut02_cover" node="0>0|6|3|3|0" />
        <i3dMapping id="hydraulicIn03" node="0>0|6|3|4" />
        <i3dMapping id="hydraulicIn03_cover" node="0>0|6|3|4|0" />
        <i3dMapping id="hydraulicOut03" node="0>0|6|3|5" />
        <i3dMapping id="hydraulicOut03_cover" node="0>0|6|3|5|0" />
        <i3dMapping id="hydraulicIn04" node="0>0|6|3|6" />
        <i3dMapping id="hydraulicIn04_cover" node="0>0|6|3|6|0" />
        <i3dMapping id="hydraulicOut04" node="0>0|6|3|7" />
        <i3dMapping id="hydraulicOut04_cover" node="0>0|6|3|7|0" />
        <i3dMapping id="hydraulicIn05" node="0>0|6|3|8" />
        <i3dMapping id="hydraulicIn05_cover" node="0>0|6|3|8|0" />
        <i3dMapping id="hydraulicOut05" node="0>0|6|3|9" />
        <i3dMapping id="hydraulicOut05_cover" node="0>0|6|3|9|0" />
        <i3dMapping id="hydraulicIn06" node="0>0|6|3|10" />
        <i3dMapping id="hydraulicIn06_cover" node="0>0|6|3|10|0" />
        <i3dMapping id="hydraulicOut06" node="0>0|6|3|11" />
        <i3dMapping id="hydraulicOut06_cover" node="0>0|6|3|11|0" />
        <i3dMapping id="hydraulicIn07" node="0>0|6|3|12" />
        <i3dMapping id="hydraulicIn07_cover" node="0>0|6|3|12|0" />
        <i3dMapping id="hydraulicOut07" node="0>0|6|3|13" />
        <i3dMapping id="hydraulicOut07_cover" node="0>0|6|3|13|0" />
        <i3dMapping id="electricFront" node="0>0|6|3|14" />
        <i3dMapping id="electricBack" node="0>0|6|3|15" />
        <i3dMapping id="airDoubleControl" node="0>0|6|3|16" />
        <i3dMapping id="airDoubleStorage" node="0>0|6|3|17" />
        <i3dMapping id="rightPipe" node="0>0|6|3|18" />
        <i3dMapping id="rightPipe_frontConnector" node="0>0|6|3|18|0" />
        <i3dMapping id="rightPipe_backConnector" node="0>0|6|3|18|1" />
        <i3dMapping id="bottomPipe01" node="0>0|6|3|19" />
        <i3dMapping id="bottomPipe01_frontConnector" node="0>0|6|3|19|0" />
        <i3dMapping id="bottomPipe01_backConnector" node="0>0|6|3|19|1" />
        <i3dMapping id="bottomPipe02" node="0>0|6|3|20" />
        <i3dMapping id="bottomPipe02_frontConnector" node="0>0|6|3|20|0" />
        <i3dMapping id="bottomPipe02_backConnector" node="0>0|6|3|20|1" />
        <i3dMapping id="bottomPipe03" node="0>0|6|3|21" />
        <i3dMapping id="bottomPipe03_frontConnector" node="0>0|6|3|21|0" />
        <i3dMapping id="bottomPipe03_backConnector" node="0>0|6|3|21|1" />
        <i3dMapping id="bottomPipe04" node="0>0|6|3|22" />
        <i3dMapping id="bottomPipe04_frontConnector" node="0>0|6|3|22|0" />
        <i3dMapping id="bottomPipe04_backConnector" node="0>0|6|3|22|1" />
        <i3dMapping id="exactFillRootNode" node="0>0|7|0" />
        <i3dMapping id="wheelSuspensionTopLeftRefFrame" node="0>0|8|0" />
        <i3dMapping id="wheelSuspensionTopLeft" node="0>0|8|0|0" />
        <i3dMapping id="wheelSuspensionTopRightRefFrame" node="0>0|8|1" />
        <i3dMapping id="wheelSuspensionTopRight" node="0>0|8|1|0" />
        <i3dMapping id="wheelSuspensionBottomLeftRefFrame" node="0>0|8|2" />
        <i3dMapping id="wheelSuspensionBottomLeft" node="0>0|8|2|0" />
        <i3dMapping id="wheelSuspensionHydraulicLeftRef" node="0>0|8|2|0|0" />
        <i3dMapping id="wheelSuspensionBottomRightRefFrame" node="0>0|8|3" />
        <i3dMapping id="wheelSuspensionBottomRight" node="0>0|8|3|0" />
        <i3dMapping id="wheelSuspensionHydraulicRightRef" node="0>0|8|3|0|0" />
        <i3dMapping id="wheelSuspensionHydraulicLeft" node="0>0|8|4" />
        <i3dMapping id="wheelSuspensionHydraulicLeftPunch" node="0>0|8|4|0" />
        <i3dMapping id="wheelSuspensionHydraulicRight" node="0>0|8|5" />
        <i3dMapping id="wheelSuspensionHydraulicRightPunch" node="0>0|8|5|0" />
        <i3dMapping id="lowerLinkFrontHydraulic" node="0>0|8|6" />
        <i3dMapping id="lowerLinkFrontHydraulicPunch" node="0>0|8|6|0" />
        <i3dMapping id="lowerLinkFrontHydraulicRubberRef" node="0>0|8|6|0|0" />
        <i3dMapping id="lowerLinkFrontHydraulicRubber" node="0>0|8|6|1" />
        <i3dMapping id="attacherJointBackArmMainRefFrame" node="0>0|8|7" />
        <i3dMapping id="attacherJointBackArmMain" node="0>0|8|7|0" />
        <i3dMapping id="attacherJointBackArmMainLocalRef" node="0>0|8|7|0|0" />
        <i3dMapping id="attacherJointBackArmMainPartLeft" node="0>0|8|7|0|0|0" />
        <i3dMapping id="attacherJointBackArmMainPartRight" node="0>0|8|7|0|0|1" />
        <i3dMapping id="attacherJointBackArmMainHydraulicRef" node="0>0|8|7|0|1" />
        <i3dMapping id="attacherJointBackArmBottomLeftPart" node="0>0|8|8" />
        <i3dMapping id="attacherJointBackArmBottomLeftPartPunchRef" node="0>0|8|8|0" />
        <i3dMapping id="attacherJointBackArmBottomRightPart" node="0>0|8|9" />
        <i3dMapping id="attacherJointBackArmBottomRightPartPunchRef" node="0>0|8|9|0" />
        <i3dMapping id="attacherJointBackArmMainHydraulic" node="0>0|8|10" />
        <i3dMapping id="attacherJointBackArmMainHydraulicPunch" node="0>0|8|10|0" />
        <i3dMapping id="leftCabinDamperRef" node="0>0|8|11" />
        <i3dMapping id="rightCabinDamperRef" node="0>0|8|12" />
        <i3dMapping id="WheelPTOLeft" node="0>0|8|13|0" />
        <i3dMapping id="WheelPTOLeftAlign" node="0>0|8|13|0|0" />
        <i3dMapping id="WheelPTOLeftPartRot" node="0>0|8|13|0|0|0" />
        <i3dMapping id="WheelPTOLeftPart" node="0>0|8|13|0|0|0|0" />
        <i3dMapping id="wheelPTORight" node="0>0|8|14|0" />
        <i3dMapping id="WheelPTORightAlign" node="0>0|8|14|1" />
        <i3dMapping id="WheelPTORightPartRot" node="0>0|8|14|1|0" />
        <i3dMapping id="WheelPTORightPart" node="0>0|8|14|1|0|0" />
        <i3dMapping id="fanEngine" node="0>0|8|15|0" />
        <i3dMapping id="configuration1038_decal" node="0>0|9|0" />
        <i3dMapping id="configuration1042_decal" node="0>0|9|1" />
        <i3dMapping id="configuration1046_decal" node="0>0|9|2" />
        <i3dMapping id="configuration1050_decal" node="0>0|9|3" />
        <i3dMapping id="licensePlateFrontMount" node="0>0|9|4" />
        <i3dMapping id="licensePlateFront" node="0>0|9|5" />
        <i3dMapping id="hood" node="0>0|10|1" />
    </i3dMappings>
</vehicle>
