﻿<?xml version="1.0" encoding="utf-8" standalone="no"?>
<modDesc descVersion="92" xmlns:xsi="http://www.w3.org/2001/XMLSchema-instance" xsi:noNamespaceSchemaLocation="https://validation.gdn.giants-software.com/xml/fs25/modDesc.xsd">
    <author>Giants, Jeffro Mods</author>
    <version>1.0.0.2</version>
    <title>
        <en>McCormick X8 VT-Drive Custom</en>
    </title>
    <description>
<en><![CDATA[
McCormick X8 VT-Drive Custom
- Added in wider tire options for all.
- Added in more color options interior and exterior
--- Interior: wood grain (oak, cedar), leather, more
--- Exterior: Matte black, matte gray, more
- Added HP options
-----X8.731 Turbo at 510hp
-----X8.950R at 950hp (60mph)
-----X8 Xtreme at 1950hp (60mph)
]]></en>

    </description>
    <iconFilename>store_x8VTDrive.dds</iconFilename>
    <multiplayer supported="true"/>
    <storeItems>
        <storeItem xmlFilename="x8VTDrive.xml"/>
    </storeItems>
</modDesc>