﻿<?xml version="1.0" encoding="utf-8" standalone="no" ?>
<vehicle type="tractor" xmlns:xsi="http://www.w3.org/2001/XMLSchema-instance" xsi:noNamespaceSchemaLocation="../../../../shared/xml/schema/vehicle.xsd">
    <annotation>Copyright (C) GIANTS Software GmbH, All Rights Reserved.</annotation>

    <storeData>
        <name>X8 VT-Drive Custom</name>
        <specs>
            <power>264</power>
            <maxSpeed>50</maxSpeed>
        </specs>
        <functions>
            <function>$l10n_function_tractor</function>
        </functions>
        <image>$data/vehicles/mcCormick/x8VTDrive/store_x8VTDrive.png</image>
        <price>262000</price>
        <lifetime>600</lifetime>
        <rotation>0</rotation>
        <brand>MCCORMICK</brand>
        <category>tractorsM</category>
        <shopTranslationOffset>0 0.02 0</shopTranslationOffset>
        <shopRotationOffset>-0.705 0 0</shopRotationOffset>
        <vertexBufferMemoryUsage>3440640</vertexBufferMemoryUsage>
        <indexBufferMemoryUsage>1507072</indexBufferMemoryUsage>
        <textureMemoryUsage>1703936</textureMemoryUsage>
        <instanceVertexBufferMemoryUsage>0</instanceVertexBufferMemoryUsage>
        <instanceIndexBufferMemoryUsage>0</instanceIndexBufferMemoryUsage>
        <audioMemoryUsage>428543</audioMemoryUsage>
    </storeData>

    <base>
        <typeDesc>$l10n_typeDesc_tractor</typeDesc>
        <filename>i3d/x8VTDrive.i3d</filename>
        <sounds filename="$data/vehicles/mcCormick/x8VTDrive/sounds/x8VTDrive.xml" volumeFactor="0.9"/>
        <size width="2.75" length="5.05" height="3.5" lengthOffset="-0.1"/>
        <components>
            <component centerOfMass="0 0.95 -1.02" solverIterationCount="20" mass="4410"/>
            <component centerOfMass="0 0 0" solverIterationCount="25" mass="4410"/>
            <joint component1="1" component2="2" node="axisJoint" rotLimit="0 0 7" rotLimitSpring="0 0 4000" rotLimitDamping="0 0 35" maxRotDriveForce="0 0 32" rotDriveRotation="0 0 0" rotDriveSpring="0 0 30" rotDriveDamping="0 0 35" breakable="false"/>
        </components>
        <schemaOverlay attacherJointPosition="0 0" name="VEHICLE"/>
        <mapHotspot type="TRACTOR"/>
    </base>

    <wheels>
        <wheelConfigurations tireCategories="TRACTOR">
            <tireCombination brand="TRELLEBORG" names="TM1000"/>
            <wheelConfiguration name="$l10n_configuration_valueDefault" price="0" saveId="DEFAULT" numDynamicConfigurations="1" isDefault="true">
                <wheels autoRotateBackSpeed="2.1">
                    <wheel dimensions="650_65R34" isLeft="true" hasTireTracks="true" hasParticles="true">
                        <physics rotSpeed="1" restLoad="2.9" repr="axisFrontLeft"  driveNode="wheelFrontLeft"  forcePointRatio="0.5" initialCompression="6" suspTravel="0.16" spring="65" damper="50" yOffset="0.035"/>
                        <fender node="fenderLeft" rotMax="23"/>
                        <steering node="steeringBar" nodeMinTransX="0.125" nodeMaxTransX="-0.125"/>
                    </wheel>
                    <wheel dimensions="650_65R34" isLeft="false" hasTireTracks="true" hasParticles="true">
                        <physics rotSpeed="1" restLoad="2.9" repr="axisFrontRight" driveNode="wheelFrontRight" forcePointRatio="0.5" initialCompression="6" suspTravel="0.16" spring="65" damper="50" yOffset="0.035"/>
                        <fender node="fenderRight" rotMin="-10"/>
                    </wheel>
                    <wheel dimensions="710_75R42" isLeft="true" hasTireTracks="true" hasParticles="true">
                        <physics rotSpeed="0" restLoad="2.6" repr="backWheelLeft"  forcePointRatio="0.5" initialCompression="6" suspTravel="0.16" spring="60" damper="50" yOffset="0.035"/>
                    </wheel>
                    <wheel dimensions="710_75R42" isLeft="false" hasTireTracks="true" hasParticles="true">
                        <physics rotSpeed="0" restLoad="2.6" repr="backWheelRight" forcePointRatio="0.5" initialCompression="6" suspTravel="0.16" spring="60" damper="50" yOffset="0.035"/>
                    </wheel>
                </wheels>
            </wheelConfiguration>
            <wheelConfiguration name="$l10n_configuration_valueWheelWeights" price="1200" saveId="WEIGHTS" numDynamicConfigurations="1">
                <wheels baseConfig="DEFAULT">
                    <wheel/>
                    <wheel/>
                    <wheel configId="weight3" additionalColor="SHARED_DA_METAL_BLACK"/>
                    <wheel configId="weight3" additionalColor="SHARED_DA_METAL_BLACK"/>
                </wheels>
            </wheelConfiguration>

            <wheelConfiguration name="$l10n_configuration_valueWheelBroad" price="2000" saveId="BROAD" numDynamicConfigurations="1">
                <wheels baseConfig="DEFAULT">
                    <wheel/>
                    <wheel/>
                    <wheel dimensions="900_60R42"/>
                    <wheel dimensions="900_60R42"/>
                </wheels>
            </wheelConfiguration>
            <wheelConfiguration name="$l10n_configuration_valueWheelBroadWeights" price="3200" saveId="BROAD_WEIGHTS" numDynamicConfigurations="1">
                <wheels baseConfig="BROAD">
                    <wheel/>
                    <wheel/>
                    <wheel configId="weight3" additionalColor="SHARED_DA_METAL_BLACK"/>
                    <wheel configId="weight3" additionalColor="SHARED_DA_METAL_BLACK"/>
                </wheels>
            </wheelConfiguration>
            <!-- ===================== ADDED TIRES ===================== -->
            <wheelConfiguration name="Xtra Broad" price="0" saveId="BROAD2" numDynamicConfigurations="1">
                <wheels baseConfig="DEFAULT">
                    <wheel dimensions="650_65R34" />
                    <wheel dimensions="650_65R34" />
                    <wheel dimensions="710_75R42" />
                    <wheel dimensions="710_75R42" />
                </wheels>
                <objectChange node="wheelFrontLeft"     translationActive="0.07 0 0"            scaleActive="1.25 1.0 1.0" />
                <objectChange node="wheelFrontRight"    translationActive="-0.07 0 0"           scaleActive="1.25 1.0 1.0" />
                <objectChange node="backWheelLeft"      translationActive="1.08 0.99 -1.50"     scaleActive="1.6 1.0 1.0" />
                <objectChange node="backWheelRight"     translationActive="-1.08 0.99 -1.50"     scaleActive="1.6 1.0 1.0" />
            </wheelConfiguration>
            <wheelConfiguration name="Xtra Broad w/ weights" price="0"  numDynamicConfigurations="1">
                <wheels baseConfig="BROAD2">
                    <wheel />
                    <wheel />
                    <wheel configId="weight3"  />
                    <wheel configId="weight3"  />
                </wheels>
            </wheelConfiguration>
			<wheelConfiguration name="XX Broad" price="0" saveId="BROAD3" numDynamicConfigurations="1">
                <wheels baseConfig="DEFAULT">
                    <wheel dimensions="650_65R34"/>
                    <wheel dimensions="650_65R34"/>
                    <wheel dimensions="900_60R42"/>
                    <wheel dimensions="900_60R42"/>
                </wheels>
				<objectChange node="wheelFrontLeft" 		translationActive="0.09 0 0"							scaleActive="1.4 1.0 1.0"/>
				<objectChange node="wheelFrontRight" 		translationActive="-0.09 0 0"							scaleActive="1.4 1.0 1.0"/>
				<objectChange node="backWheelLeft" 			translationActive="1.19 0.99 -1.50"						scaleActive="1.5 1.0 1.0"/>
				<objectChange node="backWheelRight" 		translationActive="-1.19 0.99 -1.50"					scaleActive="1.5 1.0 1.0"/>
            </wheelConfiguration>
            <wheelConfiguration name="XX Broad w/ Weights" price="0" numDynamicConfigurations="1">
                <wheels baseConfig="BROAD3">
                    <wheel/>
                    <wheel/>
                    <wheel configId="weight3" />
                    <wheel configId="weight3" />
                </wheels>
            </wheelConfiguration>
            <wheelConfiguration name="XX Broad w/ Weights2" price="0"  numDynamicConfigurations="1">
                <wheels baseConfig="BROAD3">
                    <wheel configId="weight3" />
                    <wheel configId="weight3" />
                    <wheel configId="weight3" />
                    <wheel configId="weight3" />
                </wheels>
            </wheelConfiguration>
            <!-- LSW Tires -->
            <wheelConfiguration name="LSW 850/1400" price="10500" brand="LIZARD" saveId="LSW">
                <wheels autoRotateBackSpeed="2.1">
                    <wheel filename="LSW_1400_800/LSW_850.xml" isLeft="true" hasTireTracks="true" hasParticles="true">
                        <physics rotSpeed="1" restLoad="2.9" repr="axisFrontLeft" driveNode="wheelFrontLeft" forcePointRatio="0.5" initialCompression="20" suspTravel="0.16" spring="65" damper="50" yOffset="0.035" />
                        <fender node="fenderLeft" rotMax="23" />
                        <steering node="steeringBar" nodeMinTransX="0.125" nodeMaxTransX="-0.125" />
                    </wheel>
                    <wheel filename="LSW_1400_800/LSW_850.xml" isLeft="false" hasTireTracks="true" hasParticles="true" >
                        <physics rotSpeed="1" restLoad="2.9" repr="axisFrontRight" driveNode="wheelFrontRight" forcePointRatio="0.5" initialCompression="20" suspTravel="0.16" spring="65" damper="50" yOffset="0.035" />
                        <fender node="fenderLeft" rotMax="23" />
                        <steering node="steeringBar" nodeMinTransX="0.125" nodeMaxTransX="-0.125" />
                    </wheel>
                    <wheel filename="LSW_1400_800/LSW_1400.xml" isLeft="true" hasTireTracks="true" hasParticles="true" >
                        <physics rotSpeed="0" restLoad="2.6" repr="backWheelLeft" forcePointRatio="0.5" initialCompression="50" suspTravel="0.16" spring="60" damper="50" yOffset="0.035" />
                    </wheel>
                    <wheel filename="LSW_1400_800/LSW_1400.xml" isLeft="false" hasTireTracks="true" hasParticles="true"  >
                        <physics rotSpeed="0" restLoad="2.6" repr="backWheelRight" forcePointRatio="0.5" initialCompression="50" suspTravel="0.16" spring="60" damper="50" yOffset="0.035" />
                    </wheel>
                </wheels>
                <objectChange node="wheelFrontLeft" translationActive="0.24 0.10 0" scaleActive="1.5 1.0 1.0" />
                <objectChange node="wheelFrontRight" translationActive="-0.24 0.10 0" scaleActive="1.5 1.0 1.0" />
                <objectChange node="backWheelLeft" translationActive="1.29 1.09 -1.50" scaleActive="1.2 1.0 1.0" />
                <objectChange node="backWheelRight" translationActive="-1.29 1.09 -1.50" scaleActive="1.2 1.0 1.0" />
            </wheelConfiguration>
            <wheelConfiguration name="LSW 850/1400 w/ Weights" price="10500" brand="LIZARD" >
                <wheels baseConfig="LSW">
                    <wheel />
                    <wheel />
                    <wheel>
                        <additional filename="$data/shared/wheels/weights/cnh/weight001.i3d"  nodeLeft="0|0" nodeRight="0|1" offset="-0.099" mass="1.5" scale="1 1.35 1.35" />
                    </wheel>
                    <wheel>
                        <additional filename="$data/shared/wheels/weights/cnh/weight001.i3d" nodeLeft="0|0" nodeRight="0|1" offset="-0.099" mass="1.5" scale="1 1.35 1.35" />
                    </wheel>
                </wheels>
                <objectChange node="wheelFrontLeft" translationActive="0.24 0.10 0" scaleActive="1.5 1.0 1.0" />
                <objectChange node="wheelFrontRight" translationActive="-0.24 0.10 0" scaleActive="1.5 1.0 1.0" />
                <objectChange node="backWheelLeft" translationActive="1.29 1.09 -1.50" scaleActive="1.2 1.0 1.0" />
                <objectChange node="backWheelRight" translationActive="-1.29 1.09 -1.50" scaleActive="1.2 1.0 1.0" />
            </wheelConfiguration>

            <!-- LSW Tires -->
            <!-- ===================== ^^^^^^^^^^ ADDED TIRES ^^^^^^^^^^ ===================== -->

            <wheelConfiguration name="$l10n_configuration_valueWheelNarrow" price="1000" saveId="NARROW" numDynamicConfigurations="1">
                <wheels baseConfig="DEFAULT" isCareWheelConfiguration="true">
                    <wheel dimensions="320_90R46">
                        <physics xOffset="0"/>
                    </wheel>
                    <wheel dimensions="320_90R46">
                        <physics xOffset="0"/>
                    </wheel>
                    <wheel dimensions="480_95R50"/>
                    <wheel dimensions="480_95R50"/>
                </wheels>
            </wheelConfiguration>
            <wheelConfiguration name="$l10n_configuration_valueTwinWheelsBackNarrow" price="3000" saveId="TWIN_BACK_NARROW" numDynamicConfigurations="1">
                <wheels baseConfig="NARROW">
                    <wheel/>
                    <wheel/>
                    <wheel>
                        <additionalWheel configId="dual" offset="0.25">
                            <connector filename="$data/shared/wheels/rims/dual001_2.xml"/>
                        </additionalWheel>
                    </wheel>
                    <wheel>
                        <additionalWheel configId="dual" offset="0.25">
                            <connector filename="$data/shared/wheels/rims/dual001_2.xml"/>
                        </additionalWheel>
                    </wheel>
                </wheels>
            </wheelConfiguration>
            <wheelConfiguration name="$l10n_configuration_valueTwinWheelsNarrow" price="6000" saveId="TWIN_ALL_NARROW" numDynamicConfigurations="1">
                <wheels baseConfig="NARROW" ackermannSteeringIndex="3">
                    <wheel>
                        <additionalWheel configId="dual" offset="0.25">
                            <connector filename="$data/shared/wheels/rims/dual001_2.xml"/>
                        </additionalWheel>
                    </wheel>
                    <wheel>
                        <additionalWheel configId="dual" offset="0.25">
                            <connector filename="$data/shared/wheels/rims/dual001_2.xml"/>
                        </additionalWheel>
                    </wheel>
                    <wheel>
                        <additionalWheel configId="dual" offset="0.25">
                            <connector filename="$data/shared/wheels/rims/dual001_2.xml"/>
                        </additionalWheel>
                    </wheel>
                    <wheel>
                        <additionalWheel configId="dual" offset="0.25">
                            <connector filename="$data/shared/wheels/rims/dual001_2.xml"/>
                        </additionalWheel>
                    </wheel>
                </wheels>
            </wheelConfiguration>

            <wheelConfiguration name="$l10n_configuration_valueTwinWheelsBack" price="11000" saveId="TWIN_BACK" numDynamicConfigurations="1">
                <wheels baseConfig="DEFAULT">
                    <wheel/>
                    <wheel/>
                    <wheel>
                        <additionalWheel configId="dual" offset="0.17">
                            <connector filename="$data/shared/wheels/rims/dual001_2.xml"/>
                        </additionalWheel>
                    </wheel>
                    <wheel>
                        <additionalWheel configId="dual" offset="0.17">
                            <connector filename="$data/shared/wheels/rims/dual001_2.xml"/>
                        </additionalWheel>
                    </wheel>
                </wheels>
            </wheelConfiguration>
            <wheelConfiguration name="$l10n_configuration_valueTwinWheelsAll" price="16000" saveId="TWIN_ALL" numDynamicConfigurations="1">
                <wheels baseConfig="DEFAULT" ackermannSteeringIndex="2">
                    <wheel>
                        <additionalWheel configId="dual" offset="0.17">
                            <connector filename="$data/shared/wheels/rims/dual001_2.xml"/>
                        </additionalWheel>
                    </wheel>
                    <wheel>
                        <additionalWheel configId="dual" offset="0.17">
                            <connector filename="$data/shared/wheels/rims/dual001_2.xml"/>
                        </additionalWheel>
                    </wheel>
                    <wheel>
                        <additionalWheel configId="dual" offset="0.17">
                            <connector filename="$data/shared/wheels/rims/dual001_2.xml"/>
                        </additionalWheel>
                    </wheel>
                    <wheel>
                        <additionalWheel configId="dual" offset="0.17">
                            <connector filename="$data/shared/wheels/rims/dual001_2.xml"/>
                        </additionalWheel>
                    </wheel>
                </wheels>
            </wheelConfiguration>
        </wheelConfigurations>

        <hubs>
            <hub linkNode="wheelFrontLeft"  filename="$data/shared/wheels/hubs/hub_n10_17.xml" isLeft="true"  scale="0.4 0.35 0.35" offset="0.002"/>
            <hub linkNode="wheelFrontRight" filename="$data/shared/wheels/hubs/hub_n10_17.xml" isLeft="false" scale="0.4 0.35 0.35" offset="0.002"/>
            <hub linkNode="backWheelLeft"   filename="$data/shared/wheels/hubs/hub_n8_2.xml" isLeft="true"  scale="0.45 0.37 0.37" offset="0.003"/>
            <hub linkNode="backWheelRight"  filename="$data/shared/wheels/hubs/hub_n8_2.xml" isLeft="false" scale="0.45 0.37 0.37" offset="0.003"/>
        </hubs>

        <hubMaterial materialTemplateName="SHARED_BLACK0" />

        <ackermannSteeringConfigurations>
            <ackermannSteering rotSpeed="40" rotMax="35" rotCenterWheel1="3" rotCenterWheel2="4"/>
            <ackermannSteering rotSpeed="40" rotMax="22" rotCenterWheel1="3" rotCenterWheel2="4"/>
            <ackermannSteering rotSpeed="40" rotMax="20" rotCenterWheel1="3" rotCenterWheel2="4"/>
        </ackermannSteeringConfigurations>
    </wheels>

    <speedRotatingParts>
        <speedRotatingPart node="ptoPart01" radius="0.1" />
        <speedRotatingPart node="ptoPart02" radius="0.1" />
    </speedRotatingParts>

    <lights>
        <states>
            <state lightTypes="0" />
            <state lightTypes="0 1" />
            <state lightTypes="0 1 2" />
        </states>

        <realLights>
            <low>
                <light node="frontLightLow"     lightTypes="0" excludedLightTypes="2 3" />
                <light node="workLightBackLow"  lightTypes="1"/>
                <light node="workLightFrontLow" lightTypes="2"/>
                <light node="highBeamLow"       lightTypes="3" />
            </low>
            <high>
                <light node="frontLightHighTop"     lightTypes="0" excludedLightTypes="2 3" isTopLight="true"/>
                <light node="frontLightHighBottom"  lightTypes="0" excludedLightTypes="2 3" isBottomLight="true"/>
                <light node="backLightsHigh1"       lightTypes="0"/>
                <light node="licensePlateLightHigh" lightTypes="0"/>
                <light node="workLightBackHigh"     lightTypes="1"/>
                <light node="workLightFrontHigh"    lightTypes="2"/>
                <light node="highBeamHighTop"       lightTypes="3" isTopLight="true"/>
                <light node="highBeamHighBottom"    lightTypes="3" isBottomLight="true"/>
                <brakeLight node="backLightsHigh1" />
                <turnLightLeft node="turnLightLeftFront" />
                <turnLightRight node="turnLightRightFront" />
                <interiorLight node="interiorScreenLight"/>
            </high>
        </realLights>

        <staticLightCompounds>
            <staticLightCompound>
                <node node="x8VTDriveLights_static" intensity="5"/>
                <node node="x8VTDriveLightsGlass_static" intensity="1"/>
                <node node="x8VTDriveLightsCabin_static" intensity="5"/>
                <node node="x8VTDriveLightsCabinGlass_static" intensity="1"/>
            </staticLightCompound>
        </staticLightCompounds>

         <beaconLights>
             <beaconLight node="beaconLight06_01" filename="$data/shared/assets/beaconLights/lizard/beaconLight06.xml" />
             <beaconLight node="beaconLight06_02" filename="$data/shared/assets/beaconLights/lizard/beaconLight06.xml" />
         </beaconLights>

        <dashboards>
            <dashboard displayType="EMITTER" valueType="lightState"      node="seatDecalsLight" idleValue="0" intensity="0.2" lightTypes="0" groups="MOTOR_ACTIVE"/>
            <dashboard displayType="EMITTER" valueType="lightState"      node="cabinDecalsLight" idleValue="0" intensity="0.2" lightTypes="0" groups="MOTOR_ACTIVE"/>
            <dashboard displayType="EMITTER" valueType="lightState"      node="worklightFrontDecalLight" intensity="0.2" lightTypes="2" groups="MOTOR_ACTIVE"/>
            <dashboard displayType="EMITTER" valueType="lightState"      node="defaultLightDecal" intensity="0.5" baseColor="DARK_GREY" lightTypes="0" groups="MOTOR_ACTIVE"/>
            <dashboard displayType="EMITTER" valueType="lightState"      node="defaultLight02Decal" intensity="0.5" baseColor="DARK_GREY" lightTypes="3" groups="MOTOR_ACTIVE"/>
            <dashboard displayType="EMITTER" valueType="turnLightLeft"   node="arrowLeftDecal" baseColor="DARK_GREY" groups="MOTOR_ACTIVE"/>
            <dashboard displayType="EMITTER" valueType="turnLightRight"  node="arrowRightDecal" baseColor="DARK_GREY" groups="MOTOR_ACTIVE"/>
            <dashboard displayType="EMITTER" valueType="turnLightHazard" node="hazardlight_decal" baseColor="DARK_GREY" groups="MOTOR_ACTIVE"/>
            <dashboard displayType="EMITTER" valueType="turnLightAny"    node="turnLightAnyTrailer01Decal" baseColor="DARK_GREY" groups="MOTOR_ACTIVE BACK_ATTACHMENT"/>
            <dashboard displayType="EMITTER" valueType="turnLightAny"    node="turnLightAnyTrailer02Decal" baseColor="DARK_GREY" groups="MOTOR_ACTIVE FRONT_ATTACHMENT"/>
            <dashboard displayType="ROT"     valueType="turnLight"       node="leverTurnlight" minRot="10 0 0" maxRot="-10 0 0" doInterpolation="true" groups="MOTOR_ACTIVE"/>
            <dashboard displayType="EMITTER" valueType="beaconLight"     node="beaconLight_decal" intensity="0.2" groups="MOTOR_ACTIVE"/>
        </dashboards>
    </lights>

    <attacherJoints comboDuration="2">
        <attacherJoint node="attacherJointBack" upperRotationOffset="-0.7" lowerRotationOffset="-0.7" moveTime="2.5" comboTime="1">
            <distanceToGround lower="0.32" upper="1.15"/>
            <rotationNode node="attacherJointBackRot" upperRotation="22 0 0" lowerRotation="-24 0 0"/>
            <rotationNode2 node="attacherJointBackRot2"/>
            <bottomArm rotationNode="attacherJointBackArmBottom" translationNode="attacherJointBackArmBottomTrans" referenceNode="referencePointBackBottom" zScale="-1" startRotation="-15 0 0" categoryRange="1 3" defaultCategory="3">
                <armLeft node="attacherJointBackArmBottomLeft" referenceNode="attacherJointBackArmBottomLeftRef"/>
                <armRight node="attacherJointBackArmBottomRight" referenceNode="attacherJointBackArmBottomRightRef"/>
            </bottomArm>
            <topArm baseNode="attacherJointBackArmTop" filename="$data/shared/assets/upperLinks/walterscheidHO_90_600.xml" zScale="-1" materialTemplateName="SHARED_BLACK0"/>
            <schema position="1 0" rotation="0" invertX="false" />
            <visuals hide="trailerLowNode trailerAttacherNode"/>
        </attacherJoint>
        <attacherJoint node="attacherJointFront" upperRotationOffset="0.7" lowerRotationOffset="0.7" moveTime="2.5" comboTime="0">
            <distanceToGround lower="0.32" upper="1.14"/>
            <rotationNode node="attacherJointFrontRot" lowerRotation="33 0 0" upperRotation="-29 0 0" />
            <rotationNode2 node="attacherJointFrontRot2" />
            <bottomArm rotationNode="attacherJointFrontArmBottom" translationNode="bottomLinkFront" referenceNode="referencePointFrontBottom" zScale="1" startRotation="-26 0 0" categoryRange="2"/>
            <topArm baseNode="attacherJointFrontArmTop" filename="$data/shared/assets/upperLinks/walterscheidSO_65_460.xml" zScale="1" materialTemplateName="SHARED_BLACK0" toggleVisibility="true" secondPartUseMainColor="false"/>
            <schema position="1 0" rotation="0" invertX="true" />
            <objectChange node="bottomLinkFrontLeftPart" rotationActive="0 0 0" rotationInactive="0 0 55"/>
            <objectChange node="bottomLinkFrontRightPart" rotationActive="0 0 0" rotationInactive="0 0 -55"/>
        </attacherJoint>
        <attacherJoint node="trailerAttacherJointBack" jointType="trailer" lowerRotLimit="25 60 50" allowsJointLimitMovement="false" comboTime="1">
            <distanceToGround lower="0.60" upper="1.22"/>
            <transNode node="trailerAttacherNode" minY="0.61" maxY="1.234" height="0.25">
                <dependentBottomArm node="attacherJointBackArmBottom" threshold="0.65" rotation="30 0 0"/>
            </transNode>
            <schema position="1 0" rotation="0" invertX="false" />
            <visuals nodes="trailerAttacherNode" hide="trailerLowNode"/>
        </attacherJoint>
        <attacherJoint node="trailerAttacherJointBackLow" jointType="trailerLow" lowerRotLimit="25 60 50" lowerTransLimit="0 0 0" allowsJointLimitMovement="false" comboTime="1">
            <distanceToGround lower="0.60" upper="1.22"/>
            <transNode node="trailerLowNode" minY="0.61" maxY="1.234">
                <dependentBottomArm node="attacherJointBackArmBottom" rotation="30 0 0"/>
            </transNode>
            <schema position="1 0" rotation="0" invertX="false" />
            <visuals nodes="trailerLowNode" hide="trailerAttacherNode"/>
            <steeringBars leftNode="trailerSteeringLeftRef" rightNode="trailerSteeringRightRef" />
        </attacherJoint>
        <attacherJoint node="trailerAttacherJointFront" jointType="trailer" lowerRotLimit="25 50 50" lowerTransLimit="0 0 0" allowsJointLimitMovement="false" comboTime="0">
            <schema position="1 0" rotation="0" invertX="true" />
            <objectChange node="bottomLinkFrontLeftPart" visibilityActive="false" visibilityInactive="true" />
            <objectChange node="bottomLinkFrontRightPart" visibilityActive="false" visibilityInactive="true" />
        </attacherJoint>
    </attacherJoints>

    <connectionHoses>
        <target attacherJointIndices="1 3 4" type="airDoubleRed" node="airDoubleStorage" socket="air_red"/>
        <target attacherJointIndices="1 3 4" type="airDoubleYellow" node="airDoubleControl"  socket="air_yellow"/>
        <target attacherJointIndices="1 3 4" type="electric" node="electricBack"  socket="electric"/>

        <target attacherJointIndices="1 3 4" type="hydraulicIn" node="hydraulic01_in">
            <objectChange node="hydraulic01_in_cover" rotationActive="80 0 0" rotationInactive="0 0 0"/>
        </target>
        <target attacherJointIndices="1 3 4" type="hydraulicOut" node="hydraulic01_out">
            <objectChange node="hydraulic01_out_cover" rotationActive="80 0 0" rotationInactive="0 0 0"/>
        </target>
        <target attacherJointIndices="1 3 4" type="hydraulicIn" node="hydraulic02_in">
            <objectChange node="hydraulic02_in_cover" rotationActive="80 0 0" rotationInactive="0 0 0"/>
        </target>
        <target attacherJointIndices="1 3 4" type="hydraulicOut" node="hydraulic02_out">
            <objectChange node="hydraulic02_out_cover" rotationActive="80 0 0" rotationInactive="0 0 0"/>
        </target>
        <target attacherJointIndices="1 3 4" type="hydraulicIn" node="hydraulic03_in">
            <objectChange node="hydraulic03_in_cover" rotationActive="80 0 0" rotationInactive="0 0 0"/>
        </target>
        <target attacherJointIndices="1 3 4" type="hydraulicOut" node="hydraulic03_out">
            <objectChange node="hydraulic03_out_cover" rotationActive="80 0 0" rotationInactive="0 0 0"/>
        </target>
        <target attacherJointIndices="1 3 4" type="hydraulicIn" node="hydraulic04_in">
            <objectChange node="hydraulic04_in_cover" rotationActive="80 0 0" rotationInactive="0 0 0"/>
        </target>
        <target attacherJointIndices="1 3 4" type="hydraulicOut" node="hydraulic04_out">
            <objectChange node="hydraulic04_out_cover" rotationActive="80 0 0" rotationInactive="0 0 0"/>
        </target>
        <target attacherJointIndices="1 3 4" type="hydraulicIn" node="hydraulic05_in">
            <objectChange node="hydraulic05_in_cover" rotationActive="80 0 0" rotationInactive="0 0 0"/>
        </target>
        <target attacherJointIndices="1 3 4" type="hydraulicOut" node="hydraulic05_out">
            <objectChange node="hydraulic05_out_cover" rotationActive="80 0 0" rotationInactive="0 0 0"/>
        </target>

        <target attacherJointIndices="2 5" type="hydraulicIn" node="hydraulic06_in">
            <objectChange node="hydraulic06_in_cover" rotationActive="-80 0 0" rotationInactive="0 0 0"/>
        </target>
        <target attacherJointIndices="2 5" type="hydraulicOut" node="hydraulic06_out">
            <objectChange node="hydraulic06_out_cover" rotationActive="-80 0 0" rotationInactive="0 0 0"/>
        </target>
        <target attacherJointIndices="2 5" type="hydraulicIn" node="hydraulic07_in">
            <objectChange node="hydraulic07_in_cover" rotationActive="-80 0 0" rotationInactive="0 0 0"/>
        </target>
        <target attacherJointIndices="2 5" type="hydraulicOut" node="hydraulic07_out">
            <objectChange node="hydraulic07_out_cover" rotationActive="-80 0 0" rotationInactive="0 0 0"/>
        </target>
        <target attacherJointIndices="2 5" type="electric" node="electricFront" socket="electric"/>

        <toolConnectorHose mountingNode="rightPipe">
            <startTarget attacherJointIndices="2 5" type="TOOL_CONNECTOR_TOP_RIGHT" node="rightPipe_frontConnector"/>
            <endTarget attacherJointIndices="1 3 4" type="TOOL_CONNECTOR_TOP_RIGHT" node="rightPipe_backConnector"/>
        </toolConnectorHose>

        <toolConnectorHose mountingNode="bottomPipe01">
            <startTarget attacherJointIndices="2 5" type="TOOL_CONNECTOR_BOTTOM_01" node="bottomPipe01_frontConnector"/>
            <endTarget attacherJointIndices="1 3 4" type="TOOL_CONNECTOR_BOTTOM_01" node="bottomPipe01_backConnector"/>
        </toolConnectorHose>

        <toolConnectorHose mountingNode="bottomPipe02">
            <startTarget attacherJointIndices="2 5" type="TOOL_CONNECTOR_BOTTOM_02" node="bottomPipe02_frontConnector"/>
            <endTarget attacherJointIndices="1 3 4" type="TOOL_CONNECTOR_BOTTOM_02" node="bottomPipe02_backConnector"/>
        </toolConnectorHose>

        <toolConnectorHose mountingNode="bottomPipe03">
            <startTarget attacherJointIndices="2 5" type="TOOL_CONNECTOR_BOTTOM_03" node="bottomPipe03_frontConnector"/>
            <endTarget attacherJointIndices="1 3 4" type="TOOL_CONNECTOR_BOTTOM_03" node="bottomPipe03_backConnector"/>
        </toolConnectorHose>

        <toolConnectorHose mountingNode="bottomPipe04">
            <startTarget attacherJointIndices="2 5" type="TOOL_CONNECTOR_BOTTOM_04" node="bottomPipe04_frontConnector"/>
            <endTarget attacherJointIndices="1 3 4" type="TOOL_CONNECTOR_BOTTOM_04" node="bottomPipe04_backConnector"/>
        </toolConnectorHose>
    </connectionHoses>

    <powerTakeOffs>
        <output attacherJointIndices="1 3 4" outputNode="ptoBack"/>
        <output attacherJointIndices="2 5" outputNode="ptoFront"/>
    </powerTakeOffs>

    <enterable isTabbable="true" >
        <enterReferenceNode node="x8VTDrive_main_component1" />
        <exitPoint node="exitPoint" />

        <cameras>
            <camera node="outdoorCamera1" rotatable="true" rotateNode="outdoorCameraTarget" limit="true" useWorldXZRotation="true" rotMinX="-1.4" rotMaxX="1" transMin="4.1" transMax="40" translation="0 0 7" rotation="-20 180 0">
                <raycastNode node="cameraRaycastNode1"/>
                <raycastNode node="cameraRaycastNode2"/>
                <raycastNode node="cameraRaycastNode3"/>
            </camera>
            <camera node="indoorCamera1" rotatable="true" limit="true" rotMinX="-1.1" rotMaxX="0.4" transMin="0" transMax="0" useMirror="true" isInside="true" shadowFocusBox="shadowFocusBox" suspensionNodeIndex="2" />
        </cameras>

        <characterNode node="playerSkin" cameraMinDistance="0.5">
            <target ikChain="rightFoot" targetNode="playerRightFootTarget" />
            <target ikChain="leftFoot"  targetNode="playerLeftFootTarget" />
            <target ikChain="rightArm"  targetNode="playerRightHandTarget" poseId="wideFingers"/>
            <target ikChain="leftArm"   targetNode="playerLeftHandTarget" />
        </characterNode>

        <characterTargetNodeModifier node="playerRightFootTarget" transitionTime="0.1" >
            <state node="playerRightFootTargetGas"   referenceNode="gasPedal" directionReferenceNode="playerRightFootTargetGasRef" />
            <state node="playerRightFootTargetBrake" referenceNode="brakePedal" />
        </characterTargetNodeModifier>

        <mirrors>
            <mirror node="mirrorDecal01" prio="1" />
            <mirror node="mirrorDecal02" prio="1" />
            <mirror node="mirrorDecal03" prio="2" />
        </mirrors>

        <dashboards>
            <dashboard displayType="TEXT" valueType="time" node="numbersTime"  textColor="0 0 0 1" textSize="0.009" textMask="00:00" font="DIGIT" textAlignment="CENTER" groups="MOTOR_ACTIVE"/>
            <dashboard displayType="TEXT" valueType="time" node="numbersTime2" textColor="1 1 1 1" textSize="0.005" textMask="00:00" font="GENERIC" textAlignment="CENTER" groups="MOTOR_ACTIVE"/>
        </dashboards>
    </enterable>

    <licensePlates>
        <licensePlate node="licensePlateNodeFront" position="FRONT" preferedType="SQUARISH" placementArea="0.3 0.3 0.3 0.3"/>
        <licensePlate node="licensePlateNodeBack"  position="BACK" preferedType="ELONGATED" placementArea="0.3 0.26 0.2 0.26"/>
    </licensePlates>
    <motorized>
        <consumerConfigurations>
            <consumerConfiguration>
                <consumer fillUnitIndex="1" usage="105" fillType="diesel" /> <!-- usage is per hour at max load and max rpm -->
                <consumer fillUnitIndex="2" usage="13"  fillType="def" /> <!-- usage is per hour at max load and max rpm -->
                <consumer fillUnitIndex="3" usage="250" fillType="air" permanentConsumption="false" refillLitersPerSecond="350" refillCapacityPercentage="0.5" /> <!-- usage per second at full brake power -->
            </consumerConfiguration>
            <consumerConfiguration>
                <consumer fillUnitIndex="1" usage="114" fillType="diesel" /> <!-- usage is per hour at max load and max rpm -->
                <consumer fillUnitIndex="2" usage="14"  fillType="def" /> <!-- usage is per hour at max load and max rpm -->
                <consumer fillUnitIndex="3" usage="250" fillType="air" permanentConsumption="false" refillLitersPerSecond="350" refillCapacityPercentage="0.5" /> <!-- usage per second at full brake power -->
            </consumerConfiguration>
            <consumerConfiguration>
                <consumer fillUnitIndex="1" usage="124" fillType="diesel" /> <!-- usage is per hour at max load and max rpm -->
                <consumer fillUnitIndex="2" usage="15"  fillType="def" /> <!-- usage is per hour at max load and max rpm -->
                <consumer fillUnitIndex="3" usage="250" fillType="air" permanentConsumption="false" refillLitersPerSecond="350" refillCapacityPercentage="0.5" /> <!-- usage per second at full brake power -->
            </consumerConfiguration>
            <!-- ADDED  -->
            <consumerConfiguration>
                <consumer fillUnitIndex="1" usage="50" fillType="diesel" /> <!-- usage is per hour at max load and max rpm -->
                <consumer fillUnitIndex="2" usage="15" fillType="def" /> <!-- usage is per hour at max load and max rpm -->
                <consumer fillUnitIndex="3" usage="250" fillType="air" permanentConsumption="false" refillLitersPerSecond="750" refillCapacityPercentage="0.5" />  <!-- usage per second at full brake power -->
            </consumerConfiguration>
            <!-- ^^^ ADDED ^^^  -->
        </consumerConfigurations>

        <differentialConfigurations>
            <differentialConfiguration>
                <differentials>
                    <differential torqueRatio="0.5" maxSpeedRatio="1.45" wheelIndex1="1" wheelIndex2="2" /> <!-- front left-right -->
                    <differential torqueRatio="0.5" maxSpeedRatio="1.55" wheelIndex1="3" wheelIndex2="4" /> <!-- back left-right -->
                    <differential torqueRatio="0.5" maxSpeedRatio="1.25" differentialIndex1="1" differentialIndex2="2" /> <!-- front-back -->
                </differentials>
            </differentialConfiguration>
        </differentialConfigurations>

        <motorConfigurations>
            <motorConfiguration name="X8.627 VT-Drive" price="0" hp="264">
                <motor torqueScale="1.115" minRpm="850" maxRpm="2200" maxForwardSpeed="96" maxBackwardSpeed="22" brakeForce="25.3" lowBrakeForceScale="0.1" dampingRateScale="1.2">
                    <torque normRpm="0.45" torque="0.9"/>
                    <torque normRpm="0.5" torque="0.97"/>
                    <torque normRpm="0.59" torque="1"/>
                    <torque normRpm="0.72" torque="1"/>
                    <torque normRpm="0.86" torque="0.88"/>
                    <torque normRpm="1" torque="0.72"/>
                </motor>
                <transmission minForwardGearRatio="12.3" maxForwardGearRatio="320" minBackwardGearRatio="32" maxBackwardGearRatio="320" name="$l10n_info_transmission_cvt"/>
                <objectChange node="engineDecal_660" visibilityActive="true" visibilityInactive="false"/>
            </motorConfiguration>
            <motorConfiguration name="X8.629 VT-Drive" price="7200" hp="286" consumerConfigurationIndex="2">
                <motor torqueScale="1.208" dampingRateScale="1.35"/>
                <objectChange node="engineDecal_670" visibilityActive="true" visibilityInactive="false"/>
            </motorConfiguration>
            <motorConfiguration name="X8.631 VT-Drive" price="15000" hp="310" consumerConfigurationIndex="3">
                <motor torqueScale="1.309" dampingRateScale="1.5"/>
                <objectChange node="engineDecal_680" visibilityActive="true" visibilityInactive="false"/>
            </motorConfiguration>
			<motorConfiguration name="X8.731 Turbo" price="-15000" hp="510" consumerConfigurationIndex="3">
                <motor torqueScale="2.309" dampingRateScale="1.5"/>
                <objectChange node="engineDecal_680" visibilityActive="true" visibilityInactive="false"/>
            </motorConfiguration>
			<motorConfiguration name="X8.950R" price="-25000" hp="950" consumerConfigurationIndex="3">
                <motor torqueScale="4.000" minRpm="850" maxRpm="3200" maxForwardSpeed="97" maxBackwardSpeed="22" brakeForce="25.3" lowBrakeForceScale="0.1" dampingRateScale="1.2">
                    <torque normRpm="0.45" torque="0.9" />
                    <torque normRpm="0.5" torque="1.97" />
                    <torque normRpm="0.59" torque="2.5" />
                    <torque normRpm="0.72" torque="2.5" />
                    <torque normRpm="0.86" torque="1.88" />
                    <torque normRpm="1" torque="0.72" />
                </motor>
                <transmission minForwardGearRatio="12.5" maxForwardGearRatio="320" minBackwardGearRatio="32" maxBackwardGearRatio="320" name="$l10n_info_transmission_cvt" />5
                <objectChange node="engineDecal_680" visibilityActive="true" visibilityInactive="false"/>
            </motorConfiguration>
            <motorConfiguration name="X8 Xtreme" price="-100000" hp="1950" consumerConfigurationIndex="4">
                <motor torqueScale="6.000" minRpm="850" maxRpm="3200" maxForwardSpeed="97" maxBackwardSpeed="22" brakeForce="25.3" lowBrakeForceScale="0.1" dampingRateScale="1.2">
                    <torque normRpm="0.45" torque="0.9" />
                    <torque normRpm="0.5" torque="1.97" />
                    <torque normRpm="0.59" torque="3.5" />
                    <torque normRpm="0.72" torque="3.5" />
                    <torque normRpm="0.86" torque="1.88" />
                    <torque normRpm="1" torque="0.72" />
                </motor>
                <objectChange node="engineDecal_680" visibilityActive="true" visibilityInactive="false" />
            </motorConfiguration>
        </motorConfigurations>

        <exhaustEffects>
            <exhaustEffect node="exhaustParticle" filename="$data/effects/exhaust/exhaust.i3d" minRpmColor="0.9 0.9 0.9 0.1" maxRpmColor="0.9 0.9 0.9 0.4" minRpmScale="0.05" maxRpmScale="0.5" />
        </exhaustEffects>

        <motorStartDuration>3000</motorStartDuration>

        <dashboards>
            <dashboard displayType="TEXT"      valueType="speed" node="numbersSpeed" textColor="0 0 0 1" textSize="0.011" textMask="00.0" font="DIGIT" groups="MOTOR_ACTIVE"/>
            <dashboard displayType="ANIMATION" valueType="rpm" animName="rpmNeedle" minValueAnim="0" maxValueAnim="3000" groups="MOTOR_ACTIVE"/>
            <dashboard displayType="ANIMATION" valueType="motorTemperature" animName="temperatureNeedle" minValueAnim="0" maxValueAnim="120" doInterpolation="true" interpolationSpeed="0.3" groups="MOTOR_ACTIVE"/>
            <dashboard displayType="MULTI_STATE" valueType="ignitionState" node="ignitionKey" doInterpolation="true" groups="MOTOR_ACTIVE">
                <state value="0" rotation="0 0 0"/>
                <state value="1" rotation="0 0 90"/>
                <state value="2" rotation="0 0 30"/>
            </dashboard>
            <dashboard displayType="SLIDER" valueType="rpm" node="loadBarRpm" minValueSlider="0" maxValueSlider="3000" groups="MOTOR_ACTIVE"/>
            <dashboard displayType="SLIDER" valueType="speed" node="loadBarSpeed" minValueSlider="0" maxValueSlider="60" groups="MOTOR_ACTIVE"/>
            <dashboard displayType="TEXT"   valueType="speed" node="numbersSpeed2" textColor="0.25 0.25 0.25 1" textSize="0.0065" textMask="00.0" font="GENERIC" groups="MOTOR_ACTIVE"/>
            <dashboard displayType="TEXT"   valueType="rpm" node="numbersRpm" textColor="0.25 0.25 0.25 1" textSize="0.006" textMask="0000" font="GENERIC" groups="MOTOR_ACTIVE"/>
            <dashboard displayType="ROT"    valueType="movingDirection" node="leverDirectionSelector" minRot="0 13 0" maxRot="0 -13 0" doInterpolation="true" groups="MOTOR_ACTIVE"/>
        </dashboards>
    </motorized>

    <drivable>
        <steeringWheel node="steeringWheel" indoorRotation="540" outdoorRotation="30" />

        <dashboards>
            <dashboard displayType="ROT" valueType="accelerationAxis" node="gasPedal"   minRot="0 0 0" maxRot="-20 0 0" doInterpolation="true" groups="MOTOR_ACTIVE"/>
            <dashboard displayType="ROT" valueType="decelerationAxis" node="brakePedal" minRot="0 0 0" maxRot="20 0 0" doInterpolation="true" groups="MOTOR_ACTIVE"/>
            <dashboard displayType="TEXT" valueType="cruiseControl" node="numbersCruiseControl" textColor="0.4 0.4 0.4 1" textSize="0.005" textMask="00" font="GENERIC" groups="MOTOR_ACTIVE"/>
        </dashboards>
    </drivable>

    <animations>
        <animation name="wiperFrontAnimation">
            <part node="wiperFront" startTime="0" endTime="0.5" startRot="0 0 0" endRot="0 -0.7 60" />
            <part node="wiperFront" startTime="0.5" endTime="1" startRot="0 -0.7 60" endRot="0 0 120" />

            <sound template="wiper1" startTime="0" endTime="1" direction="1"  volumeScale="1.0" pitchScale="1.0" fadeOut="0.1" linkNode="wiperFront"/>
            <sound template="wiper2" startTime="0" endTime="1" direction="-1" volumeScale="1.0" pitchScale="1.0" fadeOut="0.1" linkNode="wiperFront"/>
        </animation>
        <animation name="wiperBackAnimation">
          <part node="wiperBack" startTime="0" endTime="0.5" startRot="0 0 0" endRot="0 3 80" />
          <part node="wiperBack" startTime="0.5" endTime="1" startRot="0 0 80" endRot="0 0 160" />

          <sound template="wiper1" startTime="0" endTime="1" direction="1"  volumeScale="0.6" pitchScale="0.9" fadeOut="0.1" linkNode="wiperBack"/>
          <sound template="wiper2" startTime="0" endTime="1" direction="-1" volumeScale="0.6" pitchScale="0.9" fadeOut="0.1" linkNode="wiperBack"/>
        </animation>
        <animation name="rpmNeedle">
            <part node="rpmNeedle" startTime="0.0" endTime="1.0" startRot="0 0 0" endRot="-270 0 0"/>
        </animation>
        <animation name="temperatureNeedle">
            <part node="tempNeedle" startTime="0.0" endTime="1.0" startRot="0 0 0" endRot="62 0 0"/>
        </animation>
        <animation name="fuelNeedle">
            <part node="fuelNeedle" startTime="0.0" endTime="1.0" startRot="0 0 0" endRot="-90 0 0"/>
        </animation>
    </animations>

    <cylindered>
        <movingTools>
            <movingTool node="attacherJointBackArmBottom">
                <dependentPart node="attacherJointBackArmMain"/>
                <dependentPart node="attacherJointBackArmBottomLeftPart" />
                <dependentPart node="attacherJointBackArmBottomRightPart" />
            </movingTool>

            <movingTool node="attacherJointFrontArmBottom" playSound="true">
                <dependentPart node="bottomLinkFrontHydraulic" />
            </movingTool>
        </movingTools>

        <movingParts>
            <movingPart node="attacherJointBackArmMain" localReferencePoint="attacherJointBackArmMainLocalRef" referencePoint="attacherJointBackArmMainRef" referenceFrame="attacherJointBackArmMainRefFrame" limitedAxis="1">
                <dependentPart node="mainArmHydraulic"/>
                <dependentPart node="attacherJointBackArmMainPartLeft"/>
                <dependentPart node="attacherJointBackArmMainPartRight"/>
            </movingPart>
            <movingPart node="mainArmHydraulic" referencePoint="mainArmHydraulicRef" referenceFrame="mainArmHydraulicRef">
                <translatingPart node="mainArmHydraulicPunch" />
            </movingPart>
            <movingPart node="attacherJointBackArmMainPartLeft" referencePoint="attacherJointBackArmMainPartLeftRef" referenceFrame="attacherJointBackArmMainPartLeftRef" />
            <movingPart node="attacherJointBackArmBottomLeftPart" referencePoint="attacherJointBackArmBottomLeftPartRef" referenceFrame="attacherJointBackArmBottomLeftPartRef">
                <translatingPart node="attacherJointBackArmBottomLeftPartPunch" />
            </movingPart>
            <movingPart node="attacherJointBackArmMainPartRight" referencePoint="attacherJointBackArmMainPartRightRef" referenceFrame="attacherJointBackArmMainPartRightRef" />
            <movingPart node="attacherJointBackArmBottomRightPart" referencePoint="attacherJointBackArmBottomRightPartRef" referenceFrame="attacherJointBackArmBottomRightPartRef">
                <translatingPart node="attacherJointBackArmBottomRightPartPunch" />
            </movingPart>
            <movingPart node="bottomLinkFrontHydraulic" referencePoint="bottomLinkFrontHydraulicRef" referenceFrame="bottomLinkFrontHydraulicRef">
                <translatingPart node="bottomLinkFrontHydraulicPunch" />
            </movingPart>
            <movingPart node="steeringBarFrontLeft" referencePoint="steeringBarFrontLeftRef" referenceFrame="steeringBarFrontLeftRef" isActiveDirty="true" maxUpdateDistance="20"/>
            <movingPart node="steeringBarFrontRight" referencePoint="steeringBarFrontRightRef" referenceFrame="steeringBarFrontRightRef" isActiveDirty="true" maxUpdateDistance="20"/>
        </movingParts>
    </cylindered>

    <wipers>
        <wiper animName="wiperFrontAnimation" >
          <state animSpeed="0.7" animPause="1.0" />
          <state animSpeed="0.7" animPause="0.0" />
          <state animSpeed="1.0" animPause="0.0" />
        </wiper>
        <wiper animName="wiperBackAnimation" >
            <state animSpeed="1.0" animPause="2.0" />
        </wiper>
    </wipers>

    <suspensions>
        <suspension node="cabin"             weight="400" minRotation="-5 0 -5" maxRotation="5 0 5" suspensionParametersX="200 17" suspensionParametersZ="200 17" />
        <suspension node="seat"              weight="150" minTranslation="-0.05 -0.15 0.0" maxTranslation="0.05 0.15 0.0" suspensionParametersX="20 4" suspensionParametersY="5 1" suspensionParametersZ="20 4" />
        <suspension useCharacterTorso="true" weight="90" minRotation="0 -5 -5" maxRotation="0 5 5" suspensionParametersY="7 1" suspensionParametersZ="7 1" />
    </suspensions>

    <fillUnit>
        <fillUnitConfigurations>
            <fillUnitConfiguration>
                <fillUnits>
                    <fillUnit unitTextOverride="$l10n_unit_literShort" showOnHud="false" showInShop="false" fillTypes="diesel" capacity="550" >
                        <exactFillRootNode node="exactFillRootNodeFuel" />
                        <dashboard displayType="ANIMATION" valueType="fillLevel" animName="fuelNeedle"  doInterpolation="true" interpolationSpeed="0.3" groups="MOTOR_ACTIVE"/>
                  </fillUnit>
                  <fillUnit unitTextOverride="$l10n_unit_literShort" showOnHud="false" showInShop="false" showOnInfoHud="false" fillTypes="def" capacity="70" />
                    <fillUnit unitTextOverride="$l10n_unit_literShort" showOnHud="false" showInShop="false" showOnInfoHud="false" fillTypes="air" capacity="3000" />
                </fillUnits>
            </fillUnitConfiguration>
        </fillUnitConfigurations>
    </fillUnit>

    <dashboard>
        <groups>
            <group name="MOTOR_STARTING" isMotorStarting="true"/>
            <group name="MOTOR_ACTIVE"   isMotorStarting="true" isMotorRunning="true"/>
            <group name="BACK_ATTACHMENT"  attacherJointIndices="1 3 4"/>
            <group name="FRONT_ATTACHMENT" attacherJointIndices="2 5"/>
        </groups>

        <default>
            <dashboard displayType="EMITTER" node="startingDecals" baseColor="DARK_GREY" intensity="0.5" groups="MOTOR_STARTING" />
            <dashboard displayType="EMITTER" node="dashboardDisplay" idleValue="0" intensity="0.5" groups="MOTOR_ACTIVE" />
            <dashboard displayType="EMITTER" node="dashboardDisplay2" idleValue="-1" intensity="0.2" groups="MOTOR_ACTIVE" />
            <dashboard displayType="EMITTER" node="fuelNeedle" intensity="0.1" groups="MOTOR_ACTIVE" />
            <dashboard displayType="EMITTER" node="tempNeedle" intensity="0.1" groups="MOTOR_ACTIVE" />
            <dashboard displayType="EMITTER" node="rpmNeedle" intensity="0.1" groups="MOTOR_ACTIVE" />
            <dashboard displayType="VISIBILITY" node="numbers" groups="MOTOR_ACTIVE" />
        </default>
    </dashboard>

    <ai>
        <agent frontWheelNodes="wheelFrontLeft wheelFrontRight"/>
        <collisionTrigger useSize="true"/>
    </ai>

    <foliageBending>
        <bendingNode wheelIndices="1 2" minZ="0.5" maxZ="2.45" yOffset="0.5"/>
        <bendingNode wheelIndices="3 4" minZ="-2.6" maxZ="-0.4" yOffset="0.5"/>
        <bendingNode minX="-1.25" maxX="1.25" minZ="-0.4" maxZ="0.5" yOffset="0.5"/>
        <bendingNode minX="-0.4" maxX="0.4" minZ="2.45" maxZ="2.6" yOffset="0.6"/>
    </foliageBending>

    <designConfigurations>
        <designConfiguration>
            <material materialSlotName="x8VTDriveInterior_seatborders_roof" materialTemplateName="SHARED_BLACK0" materialTemplateUseColorOnly="true" />
        </designConfiguration>
    </designConfigurations>

    <baseColorConfigurations title="Main Body" useDefaultColors="true" price="0" defaultColorMaterialTemplateName="calibratedMatPaint">
        <baseColorConfiguration name="Matte Black" color="0.0 0.0 0.0" isDefault="true" />
        <baseColorConfiguration name="Matte Silver" materialTemplateName="VALTRA_GREY2" />
        <baseColorConfiguration name="Matte Green" materialTemplateName="DEUTZ_MATTGREEN" />
        <baseColorConfiguration name="Chrome" materialTemplateName="RIM_CONFIGURATION_CHROME" />
        <material materialSlotName="mainColor_mat" />
    </baseColorConfigurations>

	<designColorConfigurations title="Grills" useDefaultColors="true" price="0" defaultColorMaterialTemplateName="calibratedMatPaint" >
		<designColorConfiguration name="Matte Black" color="0.0 0.0 0.0" />
        <designColorConfiguration name="Matte Silver" materialTemplateName="VALTRA_GREY2" />
        <designColorConfiguration name="Matte Green" materialTemplateName="DEUTZ_MATTGREEN" />
        <designColorConfiguration name="Chrome" materialTemplateName="RIM_CONFIGURATION_CHROME" />
		<designColorConfiguration name="Red" materialTemplateName="SHARED_REDCRIMSON" isDefault="true" materialTemplateUseColorOnly="true" />
        <material materialSlotName="gridColor_mat" />
    </designColorConfigurations>

	<designColor2Configurations title="Frame/External Items" useDefaultColors="true" price="0" defaultColorMaterialTemplateName="calibratedMatPaint" >
		<designColor2Configuration name="Matte Black" color="0.0 0.0 0.0"  />
		<designColor2Configuration name="Matte Silver" materialTemplateName="VALTRA_GREY2"   />
        <designColor2Configuration name="Matte Green" materialTemplateName="DEUTZ_MATTGREEN" />
        <designColor2Configuration name="CHROME" materialTemplateName="RIM_CONFIGURATION_CHROME" />
        <material materialSlotName="x8VTDrive_frame" />
        <material materialSlotName="x8VTDrive_bottomLinkFront" />
        <material materialSlotName="x8VTDrive_rearHitch" />
        <material materialSlotName="x8VTDrive_frame_and_muffler" />
    </designColor2Configurations>

	<designColor3Configurations title="Steering Wheel/Console" useDefaultColors="true" price="0" defaultColorMaterialTemplateName="calibratedMatPaint" >
        <designColor3Configuration name="Wood Oak" materialTemplateName="wood2Oak" />
        <designColor3Configuration name="Wood Cedar" materialTemplateName="wood1Cedar" />
		<designColor3Configuration name="Brown Leather" materialTemplateName="leather1Brown"/>
		<designColor3Configuration name="Dark Brown Leather" color="0.0300 0.0200 0.0100"  />
		<designColor3Configuration name="Gray Leather" materialTemplateName="leather3GrayDark"  />
		<designColor3Configuration name="Matte Green" materialTemplateName="DEUTZ_MATTGREEN" />
        <material materialSlotName="x8VTDriveInterior_console1" />
        <material materialSlotName="x8VTDriveInterior_steeringwheel" />
    </designColor3Configurations>

	<designColor4Configurations title="Internals" price="0" useDefaultColors="true" defaultColorMaterialTemplateName="calibratedMatPaint" >
        <designColor4Configuration name="Wood Oak" materialTemplateName="wood2Oak" isDefault="true" />
        <designColor4Configuration name="Wood Cedar" materialTemplateName="wood1Cedar" />
        <designColor4Configuration name="Matte Black" color="0.0 0.0 0.0" />
        <designColor4Configuration name="Brown Leather" materialTemplateName="leather1Brown"/>
		<designColor4Configuration name="Dark Brown Leather" color="0.0300 0.0200 0.0100"  />
		<designColor4Configuration name="Gray Fabric" materialTemplateName="fabric2Gray"  />
		<designColor4Configuration name="Gray Fabric 2" materialTemplateName="perforatedSynthetic2Black" />
        <material materialSlotName="x8VTDriveInterior_plastics" />
        <material materialSlotName="x8VTDriveInterior_metalparts1" />
	</designColor4Configurations>

    <designColor5Configurations price="0" title="Seat Middle" useDefaultColors="true" defaultColorMaterialTemplateName="calibratedMatPaint" >
		<designColor5Configuration name="Dark Brown Leather" color="0.0300 0.0200 0.0100"  isDefault="true"  />
        <designColor5Configuration name="Brown Leather" materialTemplateName="leather1Brown"/>
		<designColor5Configuration name="Gray Fabric" materialTemplateName="perforatedSynthetic2Black" />
		<designColor5Configuration name="Gray Fabric 2" materialTemplateName="leather3GrayDark"  />
        <material materialSlotName="x8VTDriveInterior_steatmiddle" />
    </designColor5Configurations>

    <rimColorConfigurations useDefaultColors="true" price="0" defaultColorMaterialTemplateName="calibratedMatPaint" >
		<rimColorConfiguration name="Matte Black" color="0.0 0.0 0.0"  isDefault="true" materialTemplateUseColorOnly="true" />
		<rimColorConfiguration name="Matte Grey" materialTemplateName="VALTRA_GREY2" />
		<rimColorConfiguration name="Matte Green" materialTemplateName="DEUTZ_MATTGREEN" />
		<rimColorConfiguration name="CHROME" materialTemplateName="RIM_CONFIGURATION_CHROME" />
    </rimColorConfigurations>

    <wearable wearDuration="480" workMultiplier="5" fieldMultiplier="2"/>
    <washable dirtDuration="90" washDuration="1" workMultiplier="3" fieldMultiplier="2"/>

    <i3dMappings>
        <i3dMapping id="x8VTDrive_main_component1" node="0>" />
        <i3dMapping id="x8VTDrive_vis" node="0>0" />
        <i3dMapping id="backWheelLeft" node="0>0|0|0" />
        <i3dMapping id="backWheelRight" node="0>0|0|1" />
        <i3dMapping id="outdoorCameraTarget" node="0>0|1|0" />
        <i3dMapping id="outdoorCamera1" node="0>0|1|0|0" />
        <i3dMapping id="indoorCamera1" node="0>0|1|1" />
        <i3dMapping id="cameraRaycastNode1" node="0>0|1|2" />
        <i3dMapping id="cameraRaycastNode2" node="0>0|1|3" />
        <i3dMapping id="cameraRaycastNode3" node="0>0|1|4" />
        <i3dMapping id="shadowFocusBox" node="0>0|1|5" />
        <i3dMapping id="x8VTDriveLights_static" node="0>0|2|0|0" />
        <i3dMapping id="x8VTDriveLightsGlass_static" node="0>0|2|0|1" />
        <i3dMapping id="frontLightHighBottom" node="0>0|2|1|0" />
        <i3dMapping id="highBeamHighBottom" node="0>0|2|1|1" />
        <i3dMapping id="frontLightLow" node="0>0|2|1|2" />
        <i3dMapping id="highBeamLow" node="0>0|2|1|3" />
        <i3dMapping id="exitPoint" node="0>0|3" />
        <i3dMapping id="axisJoint" node="0>0|4" />
        <i3dMapping id="exhaustParticle" node="0>0|5" />
        <i3dMapping id="licensePlateNodeFront" node="0>0|6" />
        <i3dMapping id="attacherJointBackRot" node="0>0|7|0|0" />
        <i3dMapping id="attacherJointBackRot2" node="0>0|7|0|0|0" />
        <i3dMapping id="attacherJointBack" node="0>0|7|0|0|0|0" />
        <i3dMapping id="attacherJointBackArmBottom" node="0>0|7|0|1" />
        <i3dMapping id="attacherJointBackArmBottomTrans" node="0>0|7|0|1|0" />
        <i3dMapping id="attacherJointBackArmBottomLeft" node="0>0|7|0|1|0|0" />
        <i3dMapping id="attacherJointBackArmBottomLeftRef" node="0>0|7|0|1|0|0|0" />
        <i3dMapping id="attacherJointBackArmMainPartLeftRef" node="0>0|7|0|1|0|0|1" />
        <i3dMapping id="attacherJointBackArmBottomLeftPartRef" node="0>0|7|0|1|0|0|3" />
        <i3dMapping id="attacherJointBackArmBottomRight" node="0>0|7|0|1|0|1" />
        <i3dMapping id="attacherJointBackArmBottomRightRef" node="0>0|7|0|1|0|1|0" />
        <i3dMapping id="attacherJointBackArmMainPartRightRef" node="0>0|7|0|1|0|1|1" />
        <i3dMapping id="attacherJointBackArmBottomRightPartRef" node="0>0|7|0|1|0|1|3" />
        <i3dMapping id="attacherJointBackArmMainRef" node="0>0|7|0|1|0|2" />
        <i3dMapping id="referencePointBackBottom" node="0>0|7|0|1|0|3" />
        <i3dMapping id="attacherJointBackArmTop" node="0>0|7|0|2" />
        <i3dMapping id="attacherJointFrontRot" node="0>0|7|0|3" />
        <i3dMapping id="attacherJointFrontRot2" node="0>0|7|0|3|0" />
        <i3dMapping id="attacherJointFront" node="0>0|7|0|3|0|0" />
        <i3dMapping id="trailerAttacherJointFront" node="0>0|7|0|3|0|1" />
        <i3dMapping id="attacherJointFrontArmBottom" node="0>0|7|0|4" />
        <i3dMapping id="bottomLinkFront" node="0>0|7|0|4|0" />
        <i3dMapping id="bottomLinkFrontLeftPart" node="0>0|7|0|4|0|0|0" />
        <i3dMapping id="bottomLinkFrontRightPart" node="0>0|7|0|4|0|1|0" />
        <i3dMapping id="referencePointFrontBottom" node="0>0|7|0|4|0|2" />
        <i3dMapping id="bottomLinkFrontHydraulicRef" node="0>0|7|0|4|0|3" />
        <i3dMapping id="attacherJointFrontArmTop" node="0>0|7|0|5" />
        <i3dMapping id="trailerLowNode" node="0>0|7|1|0" />
        <i3dMapping id="trailerAttacherJointBackLow" node="0>0|7|1|0|0" />
        <i3dMapping id="trailerSteeringLeftRef" node="0>0|7|1|0|1" />
        <i3dMapping id="trailerSteeringRightRef" node="0>0|7|1|0|2" />
        <i3dMapping id="trailerAttacherNode" node="0>0|7|1|1" />
        <i3dMapping id="trailerAttacherJointBack" node="0>0|7|1|1|0" />
        <i3dMapping id="ptoBack" node="0>0|7|2|0" />
        <i3dMapping id="ptoFront" node="0>0|7|2|1" />
        <i3dMapping id="airDoubleStorage" node="0>0|7|3|0" />
        <i3dMapping id="airDoubleControl" node="0>0|7|3|1" />
        <i3dMapping id="electricBack" node="0>0|7|3|2" />
        <i3dMapping id="electricFront" node="0>0|7|3|3" />
        <i3dMapping id="hydraulic01_in" node="0>0|7|3|4" />
        <i3dMapping id="hydraulic01_out" node="0>0|7|3|5" />
        <i3dMapping id="hydraulic02_in" node="0>0|7|3|6" />
        <i3dMapping id="hydraulic02_out" node="0>0|7|3|7" />
        <i3dMapping id="hydraulic03_in" node="0>0|7|3|8" />
        <i3dMapping id="hydraulic03_out" node="0>0|7|3|9" />
        <i3dMapping id="hydraulic04_in" node="0>0|7|3|10" />
        <i3dMapping id="hydraulic04_out" node="0>0|7|3|11" />
        <i3dMapping id="hydraulic05_in" node="0>0|7|3|12" />
        <i3dMapping id="hydraulic05_out" node="0>0|7|3|13" />
        <i3dMapping id="hydraulic06_in" node="0>0|7|3|14" />
        <i3dMapping id="hydraulic06_out" node="0>0|7|3|15" />
        <i3dMapping id="hydraulic07_in" node="0>0|7|3|16" />
        <i3dMapping id="hydraulic07_out" node="0>0|7|3|17" />
        <i3dMapping id="rightPipe" node="0>0|7|3|18" />
        <i3dMapping id="rightPipe_frontConnector" node="0>0|7|3|18|0" />
        <i3dMapping id="rightPipe_backConnector" node="0>0|7|3|18|1" />
        <i3dMapping id="bottomPipe01" node="0>0|7|3|19" />
        <i3dMapping id="bottomPipe01_frontConnector" node="0>0|7|3|19|0" />
        <i3dMapping id="bottomPipe01_backConnector" node="0>0|7|3|19|1" />
        <i3dMapping id="bottomPipe02" node="0>0|7|3|20" />
        <i3dMapping id="bottomPipe02_frontConnector" node="0>0|7|3|20|0" />
        <i3dMapping id="bottomPipe02_backConnector" node="0>0|7|3|20|1" />
        <i3dMapping id="bottomPipe03" node="0>0|7|3|21" />
        <i3dMapping id="bottomPipe03_frontConnector" node="0>0|7|3|21|0" />
        <i3dMapping id="bottomPipe03_backConnector" node="0>0|7|3|21|1" />
        <i3dMapping id="bottomPipe04" node="0>0|7|3|22" />
        <i3dMapping id="bottomPipe04_frontConnector" node="0>0|7|3|22|0" />
        <i3dMapping id="bottomPipe04_backConnector" node="0>0|7|3|22|1" />
        <i3dMapping id="hydraulic07_out_cover" node="0>0|7|3|23" />
        <i3dMapping id="hydraulic07_in_cover" node="0>0|7|3|24" />
        <i3dMapping id="hydraulic06_out_cover" node="0>0|7|3|25" />
        <i3dMapping id="hydraulic06_in_cover" node="0>0|7|3|26" />
        <i3dMapping id="hydraulic01_in_cover" node="0>0|7|3|27" />
        <i3dMapping id="hydraulic01_out_cover" node="0>0|7|3|28" />
        <i3dMapping id="hydraulic02_in_cover" node="0>0|7|3|29" />
        <i3dMapping id="hydraulic02_out_cover" node="0>0|7|3|30" />
        <i3dMapping id="hydraulic03_in_cover" node="0>0|7|3|31" />
        <i3dMapping id="hydraulic03_out_cover" node="0>0|7|3|32" />
        <i3dMapping id="hydraulic04_in_cover" node="0>0|7|3|33" />
        <i3dMapping id="hydraulic04_out_cover" node="0>0|7|3|34" />
        <i3dMapping id="hydraulic05_in_cover" node="0>0|7|3|35" />
        <i3dMapping id="hydraulic05_out_cover" node="0>0|7|3|36" />
        <i3dMapping id="cabin" node="0>0|8|0" />
        <i3dMapping id="steeringWheel" node="0>0|8|0|0|0|0" />
        <i3dMapping id="playerLeftHandTarget" node="0>0|8|0|0|0|0|0" />
        <i3dMapping id="fuelNeedle" node="0>0|8|0|0|2|0|0" />
        <i3dMapping id="tempNeedle" node="0>0|8|0|0|2|1|0" />
        <i3dMapping id="rpmNeedle" node="0>0|8|0|0|2|2|0" />
        <i3dMapping id="hazardlight_decal" node="0>0|8|0|0|2|3" />
        <i3dMapping id="defaultLight02Decal" node="0>0|8|0|0|2|4" />
        <i3dMapping id="defaultLightDecal" node="0>0|8|0|0|2|5" />
        <i3dMapping id="arrowRightDecal" node="0>0|8|0|0|2|6" />
        <i3dMapping id="arrowLeftDecal" node="0>0|8|0|0|2|7" />
        <i3dMapping id="startingDecals" node="0>0|8|0|0|2|8" />
        <i3dMapping id="dashboardDisplay" node="0>0|8|0|0|2|9" />
        <i3dMapping id="numbers" node="0>0|8|0|0|2|10" />
        <i3dMapping id="numbersSpeed" node="0>0|8|0|0|2|10|0" />
        <i3dMapping id="numbersTime" node="0>0|8|0|0|2|10|1" />
        <i3dMapping id="worklightFrontDecalLight" node="0>0|8|0|0|2|11" />
        <i3dMapping id="cabinDecalsLight" node="0>0|8|0|0|2|12" />
        <i3dMapping id="beaconLight_decal" node="0>0|8|0|0|2|13" />
        <i3dMapping id="leverDirectionSelector" node="0>0|8|0|0|2|14|0" />
        <i3dMapping id="turnLightAnyTrailer01Decal" node="0>0|8|0|0|2|15" />
        <i3dMapping id="turnLightAnyTrailer02Decal" node="0>0|8|0|0|2|16" />
        <i3dMapping id="playerRightFootTarget" node="0>0|8|0|1|0" />
        <i3dMapping id="playerLeftFootTarget" node="0>0|8|0|1|1" />
        <i3dMapping id="playerRightFootTargetGas" node="0>0|8|0|1|2" />
        <i3dMapping id="seat" node="0>0|8|0|2" />
        <i3dMapping id="seatDecalsLight" node="0>0|8|0|2|0|0" />
        <i3dMapping id="numbersSpeed2" node="0>0|8|0|2|0|1" />
        <i3dMapping id="numbersRpm" node="0>0|8|0|2|0|2" />
        <i3dMapping id="numbersCruiseControl" node="0>0|8|0|2|0|3" />
        <i3dMapping id="numbersTime2" node="0>0|8|0|2|0|4" />
        <i3dMapping id="loadBarSpeed" node="0>0|8|0|2|0|5" />
        <i3dMapping id="loadBarRpm" node="0>0|8|0|2|0|6" />
        <i3dMapping id="dashboardDisplay2" node="0>0|8|0|2|0|7" />
        <i3dMapping id="playerSkin" node="0>0|8|0|2|1|0" />
        <i3dMapping id="playerRightHandTarget" node="0>0|8|0|2|1|1" />
        <i3dMapping id="gasPedal" node="0>0|8|0|3|0" />
        <i3dMapping id="playerRightFootTargetGasRef" node="0>0|8|0|3|0|0" />
        <i3dMapping id="brakePedal" node="0>0|8|0|3|1|0" />
        <i3dMapping id="playerRightFootTargetBrake" node="0>0|8|0|3|1|0|0" />
        <i3dMapping id="x8VTDriveLightsCabin_static" node="0>0|8|0|4|0|0" />
        <i3dMapping id="x8VTDriveLightsCabinGlass_static" node="0>0|8|0|4|0|1" />
        <i3dMapping id="frontLightHighTop" node="0>0|8|0|4|1|0" />
        <i3dMapping id="highBeamHighTop" node="0>0|8|0|4|1|1" />
        <i3dMapping id="licensePlateLightHigh" node="0>0|8|0|4|1|2" />
        <i3dMapping id="interiorScreenLight" node="0>0|8|0|4|1|3" />
        <i3dMapping id="workLightFrontLow" node="0>0|8|0|4|2|0" />
        <i3dMapping id="workLightBackLow" node="0>0|8|0|4|2|1" />
        <i3dMapping id="workLightFrontHigh" node="0>0|8|0|4|2|2" />
        <i3dMapping id="workLightBackHigh" node="0>0|8|0|4|2|3" />
        <i3dMapping id="backLightsHigh1" node="0>0|8|0|4|3|0" />
        <i3dMapping id="turnLightLeftFront" node="0>0|8|0|4|4|0" />
        <i3dMapping id="turnLightRightFront" node="0>0|8|0|4|4|1" />
        <i3dMapping id="beaconLight06_01" node="0>0|8|0|4|5|0" />
        <i3dMapping id="beaconLight06_02" node="0>0|8|0|4|5|1" />
        <i3dMapping id="mirrorDecal01" node="0>0|8|0|5|0" />
        <i3dMapping id="mirrorDecal02" node="0>0|8|0|5|1" />
        <i3dMapping id="mirrorDecal03" node="0>0|8|0|5|2" />
        <i3dMapping id="ignitionKey" node="0>0|8|0|8|0" />
        <i3dMapping id="leverTurnlight" node="0>0|8|0|9|0" />
        <i3dMapping id="wiperFront" node="0>0|8|0|10|0|0" />
        <i3dMapping id="wiperBack" node="0>0|8|0|10|1|0" />
        <i3dMapping id="licensePlateNodeBack" node="0>0|8|0|11" />
        <i3dMapping id="bottomLinkFrontHydraulic" node="0>0|9|0" />
        <i3dMapping id="bottomLinkFrontHydraulicPunch" node="0>0|9|0|0" />
        <i3dMapping id="attacherJointBackArmMainRefFrame" node="0>0|9|1" />
        <i3dMapping id="attacherJointBackArmMain" node="0>0|9|1|0" />
        <i3dMapping id="attacherJointBackArmMainPartLeft" node="0>0|9|1|0|0" />
        <i3dMapping id="attacherJointBackArmMainPartRight" node="0>0|9|1|0|1" />
        <i3dMapping id="attacherJointBackArmMainLocalRef" node="0>0|9|1|0|2" />
        <i3dMapping id="mainArmHydraulicRef" node="0>0|9|1|0|3" />
        <i3dMapping id="mainArmHydraulic" node="0>0|9|2" />
        <i3dMapping id="mainArmHydraulicPunch" node="0>0|9|2|0" />
        <i3dMapping id="attacherJointBackArmBottomLeftPart" node="0>0|9|3" />
        <i3dMapping id="attacherJointBackArmBottomLeftPartPunch" node="0>0|9|3|0" />
        <i3dMapping id="attacherJointBackArmBottomRightPart" node="0>0|9|4" />
        <i3dMapping id="attacherJointBackArmBottomRightPartPunch" node="0>0|9|4|0" />
        <i3dMapping id="engineDecal_680" node="0>0|10|0" />
        <i3dMapping id="engineDecal_670" node="0>0|10|1" />
        <i3dMapping id="engineDecal_660" node="0>0|10|2" />
        <i3dMapping id="exactFillRootNodeFuel" node="0>0|11" />
        <i3dMapping id="x8VTDriveGridColormask_decal3" node="0>0|12|2|0" />
        <i3dMapping id="x8VTDrive_main_component2" node="1>" />
        <i3dMapping id="axisFrontLeft" node="1>0|0|0|0" />
        <i3dMapping id="fenderLeft" node="1>0|0|0|0|0|0" />
        <i3dMapping id="wheelFrontLeft" node="1>0|0|0|0|1|0" />
        <i3dMapping id="steeringBarFrontLeft" node="1>0|0|0|0|2" />
        <i3dMapping id="axisFrontRight" node="1>0|0|1|0" />
        <i3dMapping id="fenderRight" node="1>0|0|1|0|0|0" />
        <i3dMapping id="wheelFrontRight" node="1>0|0|1|0|1|0" />
        <i3dMapping id="steeringBarFrontRight" node="1>0|0|1|0|2" />
        <i3dMapping id="steeringBar" node="1>0|1" />
        <i3dMapping id="steeringBarFrontLeftRef" node="1>0|1|0" />
        <i3dMapping id="steeringBarFrontRightRef" node="1>0|1|1" />
        <i3dMapping id="ptoPart01" node="1>0|2" />
        <i3dMapping id="ptoPart02" node="1>0|3" />
    </i3dMappings>
</vehicle>
