﻿<?xml version="1.0" encoding="utf-8" standalone="no"?>
<modDesc descVersion="93" xmlns:xsi="http://www.w3.org/2001/XMLSchema-instance" xsi:noNamespaceSchemaLocation="https://validation.gdn.giants-software.com/xml/fs25/modDesc.xsd">
    <author>Giants, Jeffro Mods</author>
    <version>1.0.1.0</version>
    <title>
        <en>John Deere Series 8R Edit</en>
    </title>
    <description>
<en><![CDATA[
John Deere Series 8R Edit

The famous John Deere 8R gets epic options!

- Added in wider tire options for all.
- Added wider crawler options (Xtra and XXBroad)
- Added LSW tire option
- Added in more color options interior and exterior
--- Interior: wood grain (oak, cedar), leather, more
------ Seat Color
------ Seat Accent
------ Interior
------ Console Accents
------ Steering Wheel/Seat Back
------ Floor
--- Exterior: Matte black, matte gray, more
------ Main Body
------ Grills
------ Exhaust grill

- Added HP options (stock HP left alone)
-----Magnum 600 PowerDrive at 635hp (45mph)
-----Magnum Xtreme at 1835hp (90mph)

- Window Tint Options:
--- Sides and Back (None, Light, Dark, Limo)
--- Front (Dark strip, Limo Strip, Front Light, Front Dark, Front Limo)

Have fun!
-Jeffro
]]></en>

    </description>
    <iconFilename>store_series8R.dds</iconFilename>
    <multiplayer supported="true"/>
    <storeItems>
        <storeItem xmlFilename="series8R.xml"/>
    </storeItems>
</modDesc>