﻿<?xml version="1.0" encoding="utf-8" standalone="no"?>
<modDesc descVersion="92" xmlns:xsi="http://www.w3.org/2001/XMLSchema-instance" xsi:noNamespaceSchemaLocation="https://validation.gdn.giants-software.com/xml/fs25/modDesc.xsd">
    <author>Giants, Jeffro Mods</author>
    <version>1.0.0.0</version>
    <title>
        <en>Kubota seriesM8 Custom</en>
    </title>
    <description>
<en><![CDATA[
- Add stuff
]]></en>

    </description>
    <iconFilename>store_seriesM8.dds</iconFilename>
    <multiplayer supported="true"/>
    <storeItems>
        <storeItem xmlFilename="seriesM8.xml"/>
    </storeItems>
</modDesc>