<?xml version="1.0" encoding="utf-8" standalone="no"?>
<vehicle type="tractor" xmlns:xsi="http://www.w3.org/2001/XMLSchema-instance" xsi:noNamespaceSchemaLocation="../../../../shared/xml/schema/vehicle.xsd">
    <annotation>Copyright (C) GIANTS Software GmbH, All Rights Reserved.</annotation>

    <storeData>
        <name params="M8">$l10n_shopItem_seriesXUpper</name>
        <specs>
            <power>180</power>
            <maxSpeed>50</maxSpeed>
            <combination xmlFilename="$data/vehicles/kubota/m77/m77.xml"/>
        </specs>
        <functions>
            <function>$l10n_function_tractor</function>
            <function>$l10n_function_tractorFrontloader</function>
        </functions>
        <image>$data/vehicles/kubota/seriesM8/store_seriesM8.png</image>
        <price>153500</price>
        <lifetime>600</lifetime>
        <rotation>0</rotation>
        <brand>KUBOTA</brand>
        <category>tractorsM</category>
        <shopTranslationOffset>0 0.048 0</shopTranslationOffset>
        <shopRotationOffset>-0.277 0 0</shopRotationOffset>
        <vertexBufferMemoryUsage>3397120</vertexBufferMemoryUsage>
        <indexBufferMemoryUsage>1403392</indexBufferMemoryUsage>
        <textureMemoryUsage>1900544</textureMemoryUsage>
        <instanceVertexBufferMemoryUsage>0</instanceVertexBufferMemoryUsage>
        <instanceIndexBufferMemoryUsage>0</instanceIndexBufferMemoryUsage>
        <audioMemoryUsage>887900</audioMemoryUsage>
    </storeData>

    <base>
        <typeDesc>$l10n_typeDesc_tractor</typeDesc>
        <filename>i3d/seriesM8.i3d</filename>
        <sounds filename="$data/vehicles/kubota/seriesM8/sounds/seriesM8.xml" volumeFactor="0.41"/>
        <size width="2.55" length="4.95" height="3.3" lengthOffset="-0.025"/>
        <components>
            <component centerOfMass="0 0.95 -1.23" solverIterationCount="30" mass="3200"/>
            <component centerOfMass="0 0 0" solverIterationCount="10" mass="3200"/>
            <joint component1="1" component2="2" node="componentJoint" rotLimit="0 0 7" rotLimitSpring="0 0 4000" rotLimitDamping="0 0 75" maxRotDriveForce="0 0 25" rotDriveRotation="0 0 0" rotDriveSpring="0 0 25" rotDriveDamping="0 0 25" breakable="false"/>
        </components>
        <schemaOverlay attacherJointPosition="0 0" name="VEHICLE" />
        <mapHotspot type="TRACTOR"/>
    </base>

    <wheels>
        <wheelConfigurations tireCategories="TRACTOR">
            <wheelConfiguration name="$l10n_configuration_valueDefault" price="0" saveId="DEFAULT" numDynamicConfigurations="1">
                <wheels autoRotateBackSpeed="2.1">
                    <wheel dimensions="380_85R34" isLeft="true" hasTireTracks="true" hasParticles="true">
                        <physics rotSpeed="1" restLoad="2.0" repr="wheelFrontLeftRepr"  driveNode="wheelFrontLeft"  forcePointRatio="0.35" initialCompression="6" suspTravel="0.13" spring="54" damper="40" yOffset="0.035" xOffset="0.015"/>
                        <steering node="steeringBarCenter" nodeMinTransX="0.125" nodeMaxTransX="-0.125"/>
                        <fender node="fenderLeft" rotMax="22"/>
                    </wheel>
                    <wheel dimensions="380_85R34" isLeft="false" hasTireTracks="true" hasParticles="true">
                        <physics rotSpeed="1" restLoad="2.0" repr="wheelFrontRightRepr" driveNode="wheelFrontRight" forcePointRatio="0.35" initialCompression="6" suspTravel="0.13" spring="54" damper="40" yOffset="0.035" xOffset="0.015"/>
                        <fender node="fenderRight" rotMin="-22"/>
                    </wheel>
                    <wheel dimensions="480_80R46" isLeft="true" hasTireTracks="true" hasParticles="true">
                        <physics rotSpeed="0" restLoad="2.0" repr="wheelBackLeft"  forcePointRatio="0.35" initialCompression="6" suspTravel="0.11" spring="66" damper="40" yOffset="0.038" zOffset="-0.03"/>
                    </wheel>
                    <wheel dimensions="480_80R46" isLeft="false" hasTireTracks="true" hasParticles="true">
                        <physics rotSpeed="0" restLoad="2.0" repr="wheelBackRight" forcePointRatio="0.35" initialCompression="6" suspTravel="0.11" spring="66" damper="40" yOffset="0.038" zOffset="-0.03"/>
                    </wheel>
                </wheels>
                <objectChange node="fenderLeft01" visibilityActive="false"/>
                <objectChange node="fenderRight01" visibilityActive="false"/>
                <objectChange node="fenderLeft02" visibilityActive="true"/>
                <objectChange node="fenderRight02" visibilityActive="true"/>
                <objectChange node="fenderLeft03" visibilityActive="false"/>
                <objectChange node="fenderRight03" visibilityActive="false"/>
            </wheelConfiguration>
            <wheelConfiguration name="$l10n_configuration_valueWheelWeights" price="500" saveId="WEIGHTS" numDynamicConfigurations="1">
                <wheels baseConfig="DEFAULT">
                    <wheel/>
                    <wheel/>
                    <wheel>
                        <additional filename="$data/shared/wheels/weights/weight008.i3d" nodeLeft="0|0" nodeRight="0|1" offset="0.19" scale="1 1 1" mass="0.195"/>
                    </wheel>
                    <wheel>
                        <additional filename="$data/shared/wheels/weights/weight008.i3d" nodeLeft="0|0" nodeRight="0|1" offset="0.19" scale="1 1 1" mass="0.195"/>
                    </wheel>
                </wheels>
            </wheelConfiguration>

            <wheelConfiguration name="$l10n_configuration_valueWheelBroad" price="2000" saveId="BROAD" numDynamicConfigurations="1">
                <wheels baseConfig="DEFAULT" ackermannSteeringIndex="2">
                    <wheel dimensions="600_65R28">
                        <physics xOffset="0.04"/>
                    </wheel>
                    <wheel dimensions="600_65R28">
                        <physics xOffset="0.04"/>
                    </wheel>
                    <wheel dimensions="650_75R38"/>
                    <wheel dimensions="650_75R38"/>
                </wheels>
                <objectChange node="fenderLeft02" visibilityActive="false"/>
                <objectChange node="fenderRight02" visibilityActive="false"/>
                <objectChange node="fenderLeft03" visibilityActive="true"/>
                <objectChange node="fenderRight03" visibilityActive="true"/>
                <objectChange node="wheelBackLeftHub" translationActive="0.01 0 0" scaleActive="0.9 0.9 0.9"/>
                <objectChange node="wheelBackRightHub" translationActive="-0.01 0 0" scaleActive="0.9 0.9 0.9"/>
            </wheelConfiguration>
            <wheelConfiguration name="$l10n_configuration_valueWheelBroadWeights" price="2500" saveId="BROAD_WEIGHTS" numDynamicConfigurations="1">
                <wheels baseConfig="BROAD" ackermannSteeringIndex="2">
                    <wheel/>
                    <wheel/>
                    <wheel>
                        <additional filename="$data/shared/wheels/weights/weight008.i3d" nodeLeft="0|0" nodeRight="0|1" offset="0.19" scale="1 1 1" mass="0.195"/>
                    </wheel>
                    <wheel>
                        <additional filename="$data/shared/wheels/weights/weight008.i3d" nodeLeft="0|0" nodeRight="0|1" offset="0.19" scale="1 1 1" mass="0.195"/>
                    </wheel>
                </wheels>
            </wheelConfiguration>

            <!-- ============================ ADDED ============================ -->
            <wheelConfiguration name="Xtra Broad" price="2000" saveId="BROAD2" numDynamicConfigurations="1">
                <wheels baseConfig="DEFAULT" ackermannSteeringIndex="2">
                    <wheel dimensions="600_65R28">
                        <physics xOffset="0.04"/>
                    </wheel>
                    <wheel dimensions="600_65R28">
                        <physics xOffset="0.04"/>
                    </wheel>
                    <wheel dimensions="650_75R38"/>
                    <wheel dimensions="650_75R38"/>
                </wheels>
                <objectChange node="fenderLeft02" visibilityActive="false"/>
                <objectChange node="fenderRight02" visibilityActive="false"/>
                <objectChange node="fenderLeft03" visibilityActive="true"/>
                <objectChange node="fenderRight03" visibilityActive="true"/>
                <objectChange node="wheelBackLeftHub" translationActive="0.01 0 0" scaleActive="0.3 0.9 0.9"/>
                <objectChange node="wheelBackRightHub" translationActive="-0.01 0 0" scaleActive="0.3 0.9 0.9"/>
                <objectChange node="wheelFrontLeft" 		scaleActive="1.25 1.0 1.0"/>
				<objectChange node="wheelFrontRight" 		scaleActive="1.25 1.0 1.0"/>
				<objectChange node="wheelBackLeft" 			scaleActive="1.5 1.0 1.0"/>
				<objectChange node="wheelBackRight" 		scaleActive="1.5 1.0 1.0"/>
                <objectChange node="extensionLightLeftRot" rotationActive="0 0 0" rotationInactive="0 0 75"/>
                <objectChange node="extensionLightLeft" translationActive="-0.3 0 0" translationInactive="-0.6 0 0"/>
                <objectChange node="extensionLightRightRot" rotationActive="0 0 0" rotationInactive="0 0 -75"/>
                <objectChange node="extensionLightRight" translationActive="0.3 0 0" translationInactive="0.6 0 0"/>

            </wheelConfiguration>
            <wheelConfiguration name="Xtra Broad w/ Weights" price="2500" saveId="BROAD_WEIGHTS2" numDynamicConfigurations="1">
                <wheels baseConfig="BROAD2" ackermannSteeringIndex="2">
                    <wheel/>
                    <wheel/>
                    <wheel>
                        <additional filename="$data/shared/wheels/weights/weight008.i3d" nodeLeft="0|0" nodeRight="0|1" offset="0.09" scale="1 1 1" mass="0.195"/>
                    </wheel>
                    <wheel>
                        <additional filename="$data/shared/wheels/weights/weight008.i3d" nodeLeft="0|0" nodeRight="0|1" offset="0.09" scale="1 1 1" mass="0.195"/>
                    </wheel>
                </wheels>
            </wheelConfiguration>

            <wheelConfiguration name="Xtra Broad2" price="2000" saveId="BROAD3" numDynamicConfigurations="1">
                <wheels baseConfig="DEFAULT" ackermannSteeringIndex="2">
                    <wheel dimensions="600_65R28">
                        <physics xOffset="0.04"/>
                    </wheel>
                    <wheel dimensions="600_65R28">
                        <physics xOffset="0.04"/>
                    </wheel>
                    <wheel dimensions="710_75R38"/>
                    <wheel dimensions="710_75R38"/>
                </wheels>
                <objectChange node="fenderLeft02" visibilityActive="false"/>
                <objectChange node="fenderRight02" visibilityActive="false"/>
                <objectChange node="fenderLeft03" visibilityActive="true"/>
                <objectChange node="fenderRight03" visibilityActive="true"/>
                <objectChange node="wheelBackLeftHub" translationActive="0.01 0 0" scaleActive="0.3 0.9 0.9"/>
                <objectChange node="wheelBackRightHub" translationActive="-0.01 0 0" scaleActive="0.3 0.9 0.9"/>

                <objectChange node="wheelFrontLeft" 	translationActive="0.15 0 0"	scaleActive="1.5 1.0 1.0"/>
				<objectChange node="wheelFrontRight" 	translationActive="-0.15 0 0"	scaleActive="1.5 1.0 1.0"/>
				<objectChange node="wheelBackLeft" 		translationActive="1.08 0.86 -1.48"		scaleActive="1.8 1.0 1.0"/>
				<objectChange node="wheelBackRight" 	translationActive="-1.08 0.86 -1.48"	scaleActive="1.8 1.0 1.0"/>

                <objectChange node="extensionLightLeftRot" rotationActive="0 0 0" rotationInactive="0 0 75"/>
                <objectChange node="extensionLightLeft" translationActive="-0.3 0 0" translationInactive="-0.6 0 0"/>
                <objectChange node="extensionLightRightRot" rotationActive="0 0 0" rotationInactive="0 0 -75"/>
                <objectChange node="extensionLightRight" translationActive="0.3 0 0" translationInactive="0.6 0 0"/>

            </wheelConfiguration>
            <wheelConfiguration name="Xtra Broad2 w/ Weights" price="2500" saveId="BROAD_WEIGHTS3" numDynamicConfigurations="1">
                <wheels baseConfig="BROAD3" ackermannSteeringIndex="2">
                    <wheel/>
                    <wheel/>
                    <wheel>
                        <additional filename="$data/shared/wheels/weights/weight008.i3d" nodeLeft="0|0" nodeRight="0|1" offset="0.09" scale="1 1 1" mass="0.195"/>
                    </wheel>
                    <wheel>
                        <additional filename="$data/shared/wheels/weights/weight008.i3d" nodeLeft="0|0" nodeRight="0|1" offset="0.09" scale="1 1 1" mass="0.195"/>
                    </wheel>
                </wheels>
            </wheelConfiguration>
            <!-- ============================ ADDED ============================ -->

            <wheelConfiguration name="$l10n_configuration_valueWheelNarrow" price="1000" saveId="NARROW" numDynamicConfigurations="1">
                <wheels baseConfig="DEFAULT" isCareWheelConfiguration="true">
                    <wheel dimensions="270_95R38"/>
                    <wheel dimensions="270_95R38"/>
                    <wheel dimensions="380_90R50"/>
                    <wheel dimensions="380_90R50"/>
                </wheels>
            </wheelConfiguration>

            <wheelConfiguration name="$l10n_configuration_valueTwinWheelsBack" price="5000" saveId="TWIN_BACK" numDynamicConfigurations="1">
                <wheels baseConfig="DEFAULT">
                    <wheel/>
                    <wheel/>
                    <wheel>
                        <additionalWheel offset="0.17">
                            <connector filename="$data/shared/wheels/hubs/hub_n11_1Connector.xml" offset="0.08" useWidthAndDiam="true"/>
                        </additionalWheel>
                    </wheel>
                    <wheel>
                        <additionalWheel offset="0.17">
                            <connector filename="$data/shared/wheels/hubs/hub_n11_1Connector.xml" offset="0.08" useWidthAndDiam="true"/>
                        </additionalWheel>
                    </wheel>
                </wheels>
                <objectChange node="extensionLightLeftRot" rotationActive="0 0 0" rotationInactive="0 0 75"/>
                <objectChange node="extensionLightLeft" translationActive="-0.3 0 0" translationInactive="-0.6 0 0"/>
                <objectChange node="extensionLightRightRot" rotationActive="0 0 0" rotationInactive="0 0 -75"/>
                <objectChange node="extensionLightRight" translationActive="0.3 0 0" translationInactive="0.6 0 0"/>
            </wheelConfiguration>
            <wheelConfiguration name="$l10n_configuration_valueTwinWheelsAll" price="8000" saveId="TWIN_ALL" numDynamicConfigurations="1">
                <wheels baseConfig="DEFAULT" ackermannSteeringIndex="3">
                    <wheel>
                        <additionalWheel configId="dual" offset="0.2">
                            <connector filename="$data/shared/wheels/rims/dual001_1.xml"/>
                        </additionalWheel>
                    </wheel>
                    <wheel>
                        <additionalWheel configId="dual" offset="0.2">
                            <connector filename="$data/shared/wheels/rims/dual001_1.xml"/>
                        </additionalWheel>
                    </wheel>
                    <wheel>
                        <additionalWheel offset="0.17">
                            <connector filename="$data/shared/wheels/hubs/hub_n11_1Connector.xml" offset="0.08" useWidthAndDiam="true"/>
                        </additionalWheel>
                    </wheel>
                    <wheel>
                        <additionalWheel offset="0.17">
                            <connector filename="$data/shared/wheels/hubs/hub_n11_1Connector.xml" offset="0.08" useWidthAndDiam="true"/>
                        </additionalWheel>
                    </wheel>
                </wheels>
                <objectChange node="extensionLightLeftRot" rotationActive="0 0 0" rotationInactive="0 0 75"/>
                <objectChange node="extensionLightLeft" translationActive="-0.3 0 0" translationInactive="-0.6 0 0"/>
                <objectChange node="extensionLightRightRot" rotationActive="0 0 0" rotationInactive="0 0 -75"/>
                <objectChange node="extensionLightRight" translationActive="0.3 0 0" translationInactive="0.6 0 0"/>
            </wheelConfiguration>
        </wheelConfigurations>

        <ackermannSteeringConfigurations>
            <ackermannSteering rotSpeed="40" rotMax="42" rotCenterWheel1="3" rotCenterWheel2="4" />
            <ackermannSteering rotSpeed="40" rotMax="40" rotCenterWheel1="3" rotCenterWheel2="4" />
            <ackermannSteering rotSpeed="40" rotMax="24" rotCenterWheel1="3" rotCenterWheel2="4" />
        </ackermannSteeringConfigurations>

        <rimMaterial materialTemplateName="KUBOTA_ORANGE1" />
        <hubMaterial materialTemplateName="RIM_CONFIGURATION_BLACK" />
        <additionalMaterial materialTemplateName="RIM_CONFIGURATION_BLACK" />

        <hubs>
            <hub linkNode="wheelFrontLeft"    filename="$data/shared/wheels/hubs/hub_n12_13.xml" isLeft="true"  scale="0.33 0.33 0.33" />
            <hub linkNode="wheelFrontRight"   filename="$data/shared/wheels/hubs/hub_n12_13.xml" isLeft="false" scale="0.33 0.33 0.33" />
            <hub linkNode="wheelBackLeftHub"  filename="$data/shared/wheels/hubs/hub_n11_1.xml" isLeft="true"  scale="1 1 1" offset="-0.05"/>
            <hub linkNode="wheelBackRightHub" filename="$data/shared/wheels/hubs/hub_n11_1.xml" isLeft="false" scale="1 1 1" offset="-0.05"/>
        </hubs>
    </wheels>

    <speedRotatingParts>
        <speedRotatingPart node="powerShaft01" wheelIndex="1" wheelScale="5"/>
        <speedRotatingPart node="powerShaft03" wheelIndex="1" wheelScale="5"/>
        <speedRotatingPart node="powerShaft04" wheelIndex="2" wheelScale="5"/>
        <speedRotatingPart node="powerShaft06" wheelIndex="2" wheelScale="5"/>
        <speedRotatingPart node="powerShaft07" wheelIndex="3" wheelScale="5"/>
        <speedRotatingPart node="powerShaft08" wheelIndex="3" wheelScale="5"/>
        <speedRotatingPart node="powerShaft09" wheelIndex="3" wheelScale="5"/>
    </speedRotatingParts>

    <attacherJoints comboDuration="2">
        <attacherJoint node="attacherJointBack" lowerRotationOffset="-0.31" upperRotationOffset="-0.31" moveTime="2.5" comboTime="1">
            <distanceToGround lower="0.32" upper="1.05"/>
            <rotationNode node="attacherJointBackRot" upperRotation="18 0 0" lowerRotation="-23 0 0"/>
            <rotationNode2 node="attacherJointBackRot2"/>
            <bottomArm rotationNode="attacherJointBackArmBottom" translationNode="attacherJointBackArmBottomTrans" referenceNode="referencePointBackBottom" zScale="-1" startRotation="-15 0 0" categoryRange="1 4" defaultCategory="3">
                <armLeft node="attacherJointBackArmBottomLeft" referenceNode="attacherJointBackArmBottomLeftRef"/>
                <armRight node="attacherJointBackArmBottomRight" referenceNode="attacherJointBackArmBottomRightRef"/>
            </bottomArm>
            <topArm baseNode="attacherJointBackArmTop" filename="$data/shared/assets/upperLinks/walterscheidHO_110_700.xml" zScale="-1" materialTemplateName="RIM_CONFIGURATION_BLACK" useBrandDecal="false"/>
            <schema position="1 0" rotation="0" invertX="false"/>
            <visuals hide="trailerAttacherBack trailerAttacherBackLow"/>
            <additionalToolConnection id="SIDE_MOUNT" node="sideMountLinkage" />
        </attacherJoint>

        <attacherJoint node="trailerAttacherJointBack" jointType="trailer" lowerRotLimit="25 53 50" allowsJointLimitMovement="false" comboTime="1">
            <distanceToGround lower="0.60" upper="1.06" />
            <transNode node="trailerAttacherBack" minY="0.56" maxY="1.03" height="0.25">
                <dependentBottomArm node="attacherJointBackArmBottom" threshold="0.65" rotation="22 0 0"/>
            </transNode>
            <schema position="1 0" rotation="0" invertX="false" />
            <visuals nodes="trailerAttacherBack" hide="trailerAttacherBackLow"/>
        </attacherJoint>

        <attacherJoint node="trailerAttacherJointBackLow" jointType="trailerLow" lowerRotLimit="25 53 50" lowerTransLimit="0 0 0" allowsJointLimitMovement="false" comboTime="1">
            <distanceToGround lower="0.60" upper="1.06" />
            <transNode node="trailerAttacherBackLow" minY="0.565" maxY="1.03">
                <dependentBottomArm node="attacherJointBackArmBottom" rotation="22 0 0"/>
            </transNode>
            <schema position="1 0" rotation="0" invertX="false" />
            <visuals nodes="trailerAttacherBackLow" hide="trailerAttacherBack"/>
            <steeringBars leftNode="steeringBarLeftRef" rightNode="steeringBarRightRef" />
        </attacherJoint>

        <attacherJointConfigurations title="$l10n_configuration_frontweight">
            <attacherJointConfiguration name="$l10n_configuration_valueNo" powerTakeOffConfigId="1">
                <objectChange node="weight01" visibilityActive="false"/>
                <objectChange node="weight02" visibilityActive="false"/>
                <objectChange node="weight03" visibilityActive="false"/>
                <objectChange node="weight04" visibilityActive="false"/>
                <objectChange node="weight05" visibilityActive="false"/>
                <objectChange node="weight06" visibilityActive="false"/>
                <objectChange node="weight07" visibilityActive="false"/>
                <objectChange node="weight08" visibilityActive="false"/>
                <objectChange node="weight09" visibilityActive="false"/>
                <objectChange node="weight10" visibilityActive="false"/>
                <objectChange node="seriesM8_main_component1" massActive="3200"/>
                <objectChange node="config_weight_col" compoundChildActive="false"/>
                <objectChange node="config_weightPlate_col" compoundChildActive="true" compoundChildInactive="false"/>
            </attacherJointConfiguration>

            <attacherJointConfiguration name="$l10n_configuration_additionalWeightX" price="80" params="40" powerTakeOffConfigId="1">
                <objectChange node="weight01" visibilityActive="true"/>
                <objectChange node="weight02" visibilityActive="false"/>
                <objectChange node="weight03" visibilityActive="false"/>
                <objectChange node="weight04" visibilityActive="false"/>
                <objectChange node="weight05" visibilityActive="false"/>
                <objectChange node="weight06" visibilityActive="false"/>
                <objectChange node="weight07" visibilityActive="false"/>
                <objectChange node="weight08" visibilityActive="false"/>
                <objectChange node="weight09" visibilityActive="false"/>
                <objectChange node="weight10" visibilityActive="false"/>
                <objectChange node="seriesM8_main_component1" massActive="3240" centerOfMassActive="0 0.95 -1.2"/>
                <objectChange node="config_weight_col" compoundChildActive="true"/>
                <foliageBendingModifier index="4" minX="-0.05" maxX="0.05" minZ="2.25" maxZ="2.67"/>
            </attacherJointConfiguration>

            <attacherJointConfiguration name="$l10n_configuration_additionalWeightX" price="160" params="80" powerTakeOffConfigId="1">
                <objectChange node="weight01" visibilityActive="true"/>
                <objectChange node="weight02" visibilityActive="true"/>
                <objectChange node="weight03" visibilityActive="false"/>
                <objectChange node="weight04" visibilityActive="false"/>
                <objectChange node="weight05" visibilityActive="false"/>
                <objectChange node="weight06" visibilityActive="false"/>
                <objectChange node="weight07" visibilityActive="false"/>
                <objectChange node="weight08" visibilityActive="false"/>
                <objectChange node="weight09" visibilityActive="false"/>
                <objectChange node="weight10" visibilityActive="false"/>
                <objectChange node="seriesM8_main_component1" massActive="3280" centerOfMassActive="0 0.95 -1.17"/>
                <objectChange node="config_weight_col" compoundChildActive="true"/>
                <foliageBendingModifier index="4" minX="-0.08" maxX="0.08" minZ="2.25" maxZ="2.67"/>
            </attacherJointConfiguration>
            <attacherJointConfiguration name="$l10n_configuration_additionalWeightX" price="240" params="120" powerTakeOffConfigId="1">
                <objectChange node="weight01" visibilityActive="true"/>
                <objectChange node="weight02" visibilityActive="true"/>
                <objectChange node="weight03" visibilityActive="true"/>
                <objectChange node="weight04" visibilityActive="false"/>
                <objectChange node="weight05" visibilityActive="false"/>
                <objectChange node="weight06" visibilityActive="false"/>
                <objectChange node="weight07" visibilityActive="false"/>
                <objectChange node="weight08" visibilityActive="false"/>
                <objectChange node="weight09" visibilityActive="false"/>
                <objectChange node="weight10" visibilityActive="false"/>
                <objectChange node="seriesM8_main_component1" massActive="3320" centerOfMassActive="0 0.95 -1.14"/>
                <objectChange node="config_weight_col" compoundChildActive="true"/>
                <foliageBendingModifier index="4" minX="-0.1" maxX="0.1" minZ="2.25" maxZ="2.67"/>
            </attacherJointConfiguration>
            <attacherJointConfiguration name="$l10n_configuration_additionalWeightX" price="320" params="160" powerTakeOffConfigId="1">
                <objectChange node="weight01" visibilityActive="true"/>
                <objectChange node="weight02" visibilityActive="true"/>
                <objectChange node="weight03" visibilityActive="true"/>
                <objectChange node="weight04" visibilityActive="true"/>
                <objectChange node="weight05" visibilityActive="false"/>
                <objectChange node="weight06" visibilityActive="false"/>
                <objectChange node="weight07" visibilityActive="false"/>
                <objectChange node="weight08" visibilityActive="false"/>
                <objectChange node="weight09" visibilityActive="false"/>
                <objectChange node="weight10" visibilityActive="false"/>
                <objectChange node="seriesM8_main_component1" massActive="3360" centerOfMassActive="0 0.95 -1.12"/>
                <objectChange node="config_weight_col" compoundChildActive="true"/>
                <foliageBendingModifier index="4" minX="-0.12" maxX="0.12" minZ="2.25" maxZ="2.67"/>
            </attacherJointConfiguration>
            <attacherJointConfiguration name="$l10n_configuration_additionalWeightX" price="400" params="200" powerTakeOffConfigId="1">
                <objectChange node="weight01" visibilityActive="true"/>
                <objectChange node="weight02" visibilityActive="true"/>
                <objectChange node="weight03" visibilityActive="true"/>
                <objectChange node="weight04" visibilityActive="true"/>
                <objectChange node="weight05" visibilityActive="true"/>
                <objectChange node="weight06" visibilityActive="false"/>
                <objectChange node="weight07" visibilityActive="false"/>
                <objectChange node="weight08" visibilityActive="false"/>
                <objectChange node="weight09" visibilityActive="false"/>
                <objectChange node="weight10" visibilityActive="false"/>
                <objectChange node="seriesM8_main_component1" massActive="3400" centerOfMassActive="0 0.95 -1.09"/>
                <objectChange node="config_weight_col" compoundChildActive="true"/>
                <foliageBendingModifier index="4" minX="-0.15" maxX="0.15" minZ="2.25" maxZ="2.67"/>
            </attacherJointConfiguration>
            <attacherJointConfiguration name="$l10n_configuration_additionalWeightX" price="480" params="240" powerTakeOffConfigId="1">
                <objectChange node="weight01" visibilityActive="true"/>
                <objectChange node="weight02" visibilityActive="true"/>
                <objectChange node="weight03" visibilityActive="true"/>
                <objectChange node="weight04" visibilityActive="true"/>
                <objectChange node="weight05" visibilityActive="true"/>
                <objectChange node="weight06" visibilityActive="true"/>
                <objectChange node="weight07" visibilityActive="false"/>
                <objectChange node="weight08" visibilityActive="false"/>
                <objectChange node="weight09" visibilityActive="false"/>
                <objectChange node="weight10" visibilityActive="false"/>
                <objectChange node="seriesM8_main_component1" massActive="3440" centerOfMassActive="0 0.95 -1.06"/>
                <objectChange node="config_weight_col" compoundChildActive="true"/>
                <foliageBendingModifier index="4" minX="-0.18" maxX="0.18" minZ="2.25" maxZ="2.67"/>
            </attacherJointConfiguration>
            <attacherJointConfiguration name="$l10n_configuration_additionalWeightX" price="560" params="280" powerTakeOffConfigId="1">
                <objectChange node="weight01" visibilityActive="true"/>
                <objectChange node="weight02" visibilityActive="true"/>
                <objectChange node="weight03" visibilityActive="true"/>
                <objectChange node="weight04" visibilityActive="true"/>
                <objectChange node="weight05" visibilityActive="true"/>
                <objectChange node="weight06" visibilityActive="true"/>
                <objectChange node="weight07" visibilityActive="true"/>
                <objectChange node="weight08" visibilityActive="false"/>
                <objectChange node="weight09" visibilityActive="false"/>
                <objectChange node="weight10" visibilityActive="false"/>
                <objectChange node="seriesM8_main_component1" massActive="3480" centerOfMassActive="0 0.95 -1.02"/>
                <objectChange node="config_weight_col" compoundChildActive="true"/>
                <foliageBendingModifier index="4" minX="-0.21" maxX="0.21" minZ="2.25" maxZ="2.67"/>
            </attacherJointConfiguration>
            <attacherJointConfiguration name="$l10n_configuration_additionalWeightX" price="640" params="320" powerTakeOffConfigId="1">
                <objectChange node="weight01" visibilityActive="true"/>
                <objectChange node="weight02" visibilityActive="true"/>
                <objectChange node="weight03" visibilityActive="true"/>
                <objectChange node="weight04" visibilityActive="true"/>
                <objectChange node="weight05" visibilityActive="true"/>
                <objectChange node="weight06" visibilityActive="true"/>
                <objectChange node="weight07" visibilityActive="true"/>
                <objectChange node="weight08" visibilityActive="true"/>
                <objectChange node="weight09" visibilityActive="false"/>
                <objectChange node="weight10" visibilityActive="false"/>
                <objectChange node="seriesM8_main_component1" massActive="3520" centerOfMassActive="0 0.95 -1.0"/>
                <objectChange node="config_weight_col" compoundChildActive="true"/>
                <foliageBendingModifier index="4" minX="-0.24" maxX="0.24" minZ="2.25" maxZ="2.67"/>
            </attacherJointConfiguration>
            <attacherJointConfiguration name="$l10n_configuration_additionalWeightX" price="720" params="360" powerTakeOffConfigId="1">
                <objectChange node="weight01" visibilityActive="true"/>
                <objectChange node="weight02" visibilityActive="true"/>
                <objectChange node="weight03" visibilityActive="true"/>
                <objectChange node="weight04" visibilityActive="true"/>
                <objectChange node="weight05" visibilityActive="true"/>
                <objectChange node="weight06" visibilityActive="true"/>
                <objectChange node="weight07" visibilityActive="true"/>
                <objectChange node="weight08" visibilityActive="true"/>
                <objectChange node="weight09" visibilityActive="true"/>
                <objectChange node="weight10" visibilityActive="false"/>
                <objectChange node="seriesM8_main_component1" massActive="3560" centerOfMassActive="0 0.95 -0.98"/>
                <objectChange node="config_weight_col" compoundChildActive="true"/>
                <foliageBendingModifier index="4" minX="-0.27" maxX="0.27" minZ="2.25" maxZ="2.67"/>
            </attacherJointConfiguration>
            <attacherJointConfiguration name="$l10n_configuration_additionalWeightX" price="800" params="400" powerTakeOffConfigId="1">
                <objectChange node="weight01" visibilityActive="true"/>
                <objectChange node="weight02" visibilityActive="true"/>
                <objectChange node="weight03" visibilityActive="true"/>
                <objectChange node="weight04" visibilityActive="true"/>
                <objectChange node="weight05" visibilityActive="true"/>
                <objectChange node="weight06" visibilityActive="true"/>
                <objectChange node="weight07" visibilityActive="true"/>
                <objectChange node="weight08" visibilityActive="true"/>
                <objectChange node="weight09" visibilityActive="true"/>
                <objectChange node="weight10" visibilityActive="true"/>
                <objectChange node="seriesM8_main_component1" massActive="3600" centerOfMassActive="0 0.95 -0.955"/>
                <objectChange node="config_weight_col" compoundChildActive="true"/>
                <foliageBendingModifier index="4" minX="-0.3" maxX="0.3" minZ="2.25" maxZ="2.67"/>
            </attacherJointConfiguration>

            <attacherJointConfiguration name="$l10n_configuration_inputAttacher3Point" price="5000" powerTakeOffConfigId="2" isDefault="true">
                <attacherJoint node="attacherJointFront" lowerRotationOffset="0.27" upperRotationOffset="0.27" moveTime="2.5" comboTime="0">
                    <distanceToGround lower="0.31" upper="1.11" />
                    <rotationNode node="attacherJointFrontRot" lowerRotation="16 0 0" upperRotation="-40 0 0" />
                    <rotationNode2 node="attacherJointFrontRot2" />
                    <bottomArm rotationNode="attacherJointFrontArmBottom" translationNode="attacherJointFrontArmBottomTrans" referenceNode="referencePointFrontBottom" zScale="1" startRotation="-20 0 0" categoryRange="2"/>
                    <topArm baseNode="attacherJointFrontArmTop" filename="$data/shared/assets/upperLinks/walterscheidSO_65_460.xml" zScale="1" materialTemplateName="RIM_CONFIGURATION_BLACK" secondPartUseMainColor="false" useBrandDecal="true" toggleVisibility="true"/>
                    <schema position="1 0" rotation="0" invertX="true" />
                    <objectChange node="lowerLinkLeft"  rotationActive="0 0 0" rotationInactive="-70 0 0" />
                    <objectChange node="lowerLinkRight" rotationActive="0 0 0" rotationInactive="-70 0 0" />
                </attacherJoint>
                <attacherJoint node="trailerAttacherJointFront" jointType="trailer" lowerRotLimit="25 70 50" allowsJointLimitMovement="false" comboTime="0">
                    <schema position="1 0" rotation="0" invertX="true" />
                </attacherJoint>

                <objectChange node="frontweight_holder" visibilityActive="false" visibilityInactive="true"/>
                <objectChange node="config_3point" visibilityActive="true" visibilityInactive="false"/>
                <objectChange node="hoses_hydraulic" visibilityActive="true" visibilityInactive="false"/>
                <objectChange node="config_weight_col" compoundChildActive="false"/>
                <objectChange node="config_3point_col" compoundChildActive="true" compoundChildInactive="false"/>
            </attacherJointConfiguration>
        </attacherJointConfigurations>
    </attacherJoints>

    <frontloaderConfigurations>
        <frontloaderConfiguration name="$l10n_ui_no" price="0"/>
        <frontloaderConfiguration name="Kubota" price="1500">
            <objectChange node="kubotaFrontloaderConsole" visibilityActive="true" visibilityInactive="false"/>
            <attacherJoint node="attacherJointFrontloaderKubota" jointType="attachableFrontloader" lowerTransLimit="0 0 0" lowerRotLimit="0 0 0" moveTime="2" >
                <schema position="0.8 0" rotation="0" invertX="true" />
            </attacherJoint>
        </frontloaderConfiguration>
    </frontloaderConfigurations>

    <connectionHoses>
        <target attacherJointIndices="1 2 3" type="hydraulicIn" node="hydraulicIn01">
            <objectChange node="hydraulicIn01_cover" rotationActive="80 0 0" rotationInactive="0 0 0"/>
        </target>
        <target attacherJointIndices="1 2 3" type="hydraulicOut" node="hydraulicOut01">
            <objectChange node="hydraulicOut01_cover" rotationActive="80 0 0" rotationInactive="0 0 0"/>
        </target>
        <target attacherJointIndices="1 2 3" type="hydraulicIn" node="hydraulicIn02">
            <objectChange node="hydraulicIn02_cover" rotationActive="80 0 0" rotationInactive="0 0 0"/>
        </target>
        <target attacherJointIndices="1 2 3" type="hydraulicOut" node="hydraulicOut02">
            <objectChange node="hydraulicOut02_cover" rotationActive="80 0 0" rotationInactive="0 0 0"/>
        </target>
        <target attacherJointIndices="1 2 3" type="hydraulicIn" node="hydraulicIn03">
            <objectChange node="hydraulicIn03_cover" rotationActive="80 0 0" rotationInactive="0 0 0"/>
        </target>
        <target attacherJointIndices="1 2 3" type="hydraulicOut" node="hydraulicOut03">
            <objectChange node="hydraulicOut03_cover" rotationActive="80 0 0" rotationInactive="0 0 0"/>
        </target>
        <target attacherJointIndices="1 2 3" type="hydraulicIn" node="hydraulicIn04">
            <objectChange node="hydraulicIn04_cover" rotationActive="80 0 0" rotationInactive="0 0 0"/>
        </target>
        <target attacherJointIndices="1 2 3" type="hydraulicOut" node="hydraulicOut04">
            <objectChange node="hydraulicOut04_cover" rotationActive="80 0 0" rotationInactive="0 0 0"/>
        </target>
        <target attacherJointIndices="1 2 3" type="hydraulicIn" node="hydraulicIn05">
            <objectChange node="hydraulicIn05_cover" rotationActive="80 0 0" rotationInactive="0 0 0"/>
        </target>
        <target attacherJointIndices="1 2 3" type="hydraulicOut" node="hydraulicOut05">
            <objectChange node="hydraulicOut05_cover" rotationActive="80 0 0" rotationInactive="0 0 0"/>
        </target>

        <target attacherJointIndices="1 2 3" type="isobus" node="isobusBack_socket" socket="isobus"/>
        <target attacherJointIndices="1 2 3" type="electric" node="electricBack" socket="electric"/>
        <target attacherJointIndices="1 2 3" type="airDoubleRed" node="airRed" socket="air_red"/>
        <target attacherJointIndices="1 2 3" type="airDoubleYellow" node="airYellow" socket="air_yellow"/>

        <toolConnectorHose mountingNode="rightPipe">
            <startTarget attacherJointIndices="4 5" type="TOOL_CONNECTOR_TOP_RIGHT" node="rightPipe_frontConnector"/>
            <endTarget attacherJointIndices="1 2 3" type="TOOL_CONNECTOR_TOP_RIGHT" node="rightPipe_backConnector" straighteningFactor="3"/>
        </toolConnectorHose>

        <toolConnectorHose mountingNode="bottomPipe01">
            <startTarget attacherJointIndices="4 5" type="TOOL_CONNECTOR_BOTTOM_01" node="bottomPipe01_frontConnector"/>
            <endTarget attacherJointIndices="1 2 3" type="TOOL_CONNECTOR_BOTTOM_01" node="bottomPipe01_backConnector"/>
        </toolConnectorHose>

        <toolConnectorHose mountingNode="bottomPipe02">
            <startTarget attacherJointIndices="4 5" type="TOOL_CONNECTOR_BOTTOM_02" node="bottomPipe02_frontConnector"/>
            <endTarget attacherJointIndices="1 2 3" type="TOOL_CONNECTOR_BOTTOM_02" node="bottomPipe02_backConnector"/>
        </toolConnectorHose>

        <toolConnectorHose mountingNode="bottomPipe03">
            <startTarget attacherJointIndices="4 5" type="TOOL_CONNECTOR_BOTTOM_03" node="bottomPipe03_frontConnector"/>
            <endTarget attacherJointIndices="1 2 3" type="TOOL_CONNECTOR_BOTTOM_03" node="bottomPipe03_backConnector"/>
        </toolConnectorHose>

        <toolConnectorHose mountingNode="bottomPipe04">
            <startTarget attacherJointIndices="4 5" type="TOOL_CONNECTOR_BOTTOM_04" node="bottomPipe04_frontConnector"/>
            <endTarget attacherJointIndices="1 2 3" type="TOOL_CONNECTOR_BOTTOM_04" node="bottomPipe04_backConnector"/>
        </toolConnectorHose>

        <target attacherJointNodes="attacherJointFrontloaderKubota" type="CABLE_BUNDLE" node="targetNode01" straighteningFactor="2">
            <objectChange node="frontloaderConnection" visibilityActive="true" visibilityInactive="false"/>
        </target>

        <target attacherJointNodes="attacherJointFront trailerAttacherJointFront" type="hydraulicIn" node="hydraulicIn06" socket="hydraulic01"/>
        <target attacherJointNodes="attacherJointFront trailerAttacherJointFront" type="hydraulicOut" node="hydraulicOut06" socket="hydraulic01"/>
        <target attacherJointNodes="attacherJointFront trailerAttacherJointFront" type="electric" node="electricFront" socket="electric"/>
    </connectionHoses>

    <powerTakeOffs>
        <output outputNode="ptoBack"  attacherJointIndices="1 2 3"/>

        <powerTakeOffConfigurations>
            <powerTakeOffConfiguration/>
            <powerTakeOffConfiguration>
                <output outputNode="ptoFront"  attacherJointIndices="4 5"/>
            </powerTakeOffConfiguration>
        </powerTakeOffConfigurations>
    </powerTakeOffs>

    <lights>
        <states>
            <state lightTypes="0"/>
            <state lightTypes="0 1"/>
            <state lightTypes="0 1 2"/>
        </states>

        <sharedLight linkNode="sideMarker01_left" filename="$data/shared/assets/lights/lizard/sideMarker28_left.xml"/>
        <sharedLight linkNode="sideMarker01_right" filename="$data/shared/assets/lights/lizard/sideMarker28_right.xml"/>

        <realLights>
            <low>
                <light node="frontLightLow"     lightTypes="0" excludedLightTypes="2 3"/>
                <light node="workLightBackLow"  lightTypes="1"/>
                <light node="workLightFrontLow" lightTypes="2"/>
                <light node="highBeamLow"       lightTypes="3"/>
            </low>
            <high>
                <light node="frontLightHighTop" lightTypes="0" excludedLightTypes="2 3" isTopLight="true"/>
                <light node="frontLightHighBottom" lightTypes="0" excludedLightTypes="2 3" isBottomLight="true"/>
                <light node="highBeamHighTop" lightTypes="3" isTopLight="true"/>
                <light node="highBeamHighBottom" lightTypes="3" isBottomLight="true"/>
                <light node="backLightsHigh"     lightTypes="0"/>
                <light node="workLightBackHigh"  lightTypes="1"/>
                <light node="workLightFrontHigh" lightTypes="2"/>
                <brakeLight node="backLightsHigh"/>
                <turnLightLeft node="turnLightLeftFront"/>
                <turnLightLeft node="turnLightLeftFront1"/>
                <turnLightRight node="turnLightRightFront"/>
                <turnLightRight node="turnLightRightFront1"/>
                <interiorLight node="interiorScreenLight01"/>
                <interiorLight node="interiorScreenLight02"/>
            </high>
        </realLights>

        <staticLightCompounds>
            <staticLightCompound>
                <node node="seriesM8Lights_static" intensity="5"/>
                <node node="seriesM8LightsGlass_static" intensity="1"/>
            </staticLightCompound>
        </staticLightCompounds>

        <beaconLights>
            <beaconLight node="beaconLight06_01" filename="$data/shared/assets/beaconLights/lizard/beaconLight08.xml"/>
            <beaconLight node="beaconLight06_02" filename="$data/shared/assets/beaconLights/lizard/beaconLight08.xml"/>
        </beaconLights>

        <dashboards>
            <dashboard displayType="EMITTER" valueType="lightState" node="dashboardDisplay_Decals"   lightTypes="0" intensity="0.2" groups="MOTOR_ACTIVE"/>
            <dashboard displayType="EMITTER" valueType="lightState" node="worklightBackDecal"   lightTypes="1" intensity="0.3" groups="MOTOR_ACTIVE"/>
            <dashboard displayType="EMITTER" valueType="lightState" node="worklightFrontDecal"  lightTypes="2" intensity="0.3" groups="MOTOR_ACTIVE"/>
            <dashboard displayType="EMITTER" valueType="lightState" node="interiorGlow_decals"  lightTypes="0" intensity="0.2" groups="MOTOR_ACTIVE"/>
            <dashboard displayType="EMITTER" valueType="lightState" node="interiorGlow_decals2" lightTypes="0" intensity="0.2" groups="MOTOR_ACTIVE"/>
            <dashboard displayType="EMITTER" valueType="lightState" node="iconDefaultlightState3_decals"  baseColor="SHARED_BLACK1" lightTypes="3" intensity="0.3" groups="MOTOR_ACTIVE"/>
            <dashboard displayType="EMITTER" valueType="turnLightLeft"   node="iconTurnlightLeft_decals"  intensity="1" baseColor="SHARED_BLACK1" groups="MOTOR_ACTIVE"/>
            <dashboard displayType="EMITTER" valueType="turnLightRight"  node="iconTurnlightRight_decals" intensity="1" baseColor="SHARED_BLACK1" groups="MOTOR_ACTIVE"/>
            <dashboard displayType="ROT"     valueType="turnLight"       node="leverTurnlight" minRot="0 10 0" maxRot="0 -10 0" doInterpolation="true" />
            <dashboard displayType="EMITTER" valueType="turnLightHazard" node="switchHazard_decals" intensity="0.5" emitColor="0.6 0.1 0.1"/>
            <dashboard displayType="ROT"     valueType="turnLightHazard" node="switchHazard_switch" minRot="0 0 0" maxRot="0 18 0" doInterpolation="false"/>
            <dashboard displayType="EMITTER" valueType="beaconLight"     node="iconBeaconLight_decals" intensity="0.3" groups="MOTOR_ACTIVE"/>
            <dashboard displayType="EMITTER" valueType="lightState" node="needleFuel_decal"       lightTypes="0" intensity="0.2" groups="MOTOR_ACTIVE" />
            <dashboard displayType="EMITTER" valueType="lightState" node="needleDef_decal"        lightTypes="0" intensity="0.5" groups="MOTOR_ACTIVE" />
            <dashboard displayType="EMITTER" valueType="lightState" node="needleTemp01_decal"     lightTypes="0" intensity="0.2" groups="MOTOR_ACTIVE" />
            <dashboard displayType="EMITTER" valueType="lightState" node="needleTemp02_decal"     lightTypes="0" intensity="0.2" groups="MOTOR_ACTIVE" />
        </dashboards>
    </lights>

    <enterable>
        <exitPoint node="exitPoint"/>
        <enterReferenceNode node="seriesM8_main_component1"/>

        <cameras>
            <camera node="outdoorCamera1" rotatable="true" rotateNode="outdoorCameraTarget" limit="true" useWorldXZRotation="true" rotMinX="-1.4" rotMaxX="1" transMin="3.7" transMax="40" translation="0 0 6.7" rotation="-19 180 0">
                <raycastNode node="cameraRaycastNode1"/>
                <raycastNode node="cameraRaycastNode2"/>
                <raycastNode node="cameraRaycastNode3"/>
            </camera>
            <camera node="indoorCamera1" rotatable="true" limit="true" rotMinX="-1.1" rotMaxX="0.4" transMin="0" transMax="0" useMirror="true" isInside="true" shadowFocusBox="shadowFocusBox" suspensionNodeIndex="1"/>
        </cameras>

        <characterNode node="playerSkin" cameraMinDistance="0.5">
            <target ikChain="leftArm" targetNode="playerLeftHandTarget" />
            <target ikChain="rightArm" targetNode="playerRightHandTarget" poseId="wideFingers"/>
            <target ikChain="leftFoot" targetNode="playerLeftFootTarget" />
            <target ikChain="rightFoot" targetNode="playerRightFootTarget" />
        </characterNode>

        <characterTargetNodeModifier node="playerRightFootTarget" transitionTime="0.1" >
            <state node="playerRightFootTargetGas"   referenceNode="pedalGas" directionReferenceNode="playerRightFootTargetGasRef" />
            <state node="playerRightFootTargetBrake" referenceNode="pedalBrake" />
        </characterTargetNodeModifier>

        <characterTargetNodeModifier node="playerRightHandTarget" transitionTime="0.1" >
            <state node="playerRightHandTargetFrontloader" referenceNode="joystickFrontloader" poseId="wideFingers"/>
        </characterTargetNodeModifier>

        <mirrors>
            <mirror node="mirrorRightTopDecal" prio="1"/>
            <mirror node="mirrorLeftTopDecal" prio="1"/>
            <mirror node="mirrorRightBottomDecal" prio="2"/>
            <mirror node="mirrorLeftBottomDecal" prio="2"/>
            <mirror node="mirrorInteriorDecal" prio="2"/>
        </mirrors>

        <dashboards>
            <dashboard displayType="TEXT" valueType="operatingTime" node="numbersOperatingTime" textColor="0 0 0 1" fontThickness="1" textMask="0000.0" textSize="0.004" font="DIGIT" groups="MOTOR_ACTIVE"/>
        </dashboards>
    </enterable>

    <suspensions>
        <suspension node="seat" weight="150" minTranslation="-0.05 -0.15 0.0" maxTranslation="0.05 0.15 0.0" suspensionParametersX="20 4" suspensionParametersY="5 1" suspensionParametersZ="20 4" startTranslationOffset="0 -0.08 0"/>
        <suspension useCharacterTorso="true" weight="90" minRotation="0 -5 -5" maxRotation="0 5 5" suspensionParametersY="7 1" suspensionParametersZ="7 1" />
    </suspensions>

    <motorized>
        <consumerConfigurations>
            <consumerConfiguration>
                <consumer fillUnitIndex="1" usage="72"  fillType="diesel" />  <!-- usage is per hour at max load and max rpm -->
                <consumer fillUnitIndex="2" usage="6.6" fillType="def" />     <!-- usage is per hour at max load and max rpm -->
                <consumer fillUnitIndex="3" usage="250" fillType="air" permanentConsumption="false" refillLitersPerSecond="350" refillCapacityPercentage="0.5" /> <!-- usage per second at full brake power -->
            </consumerConfiguration>
            <consumerConfiguration>
                <consumer fillUnitIndex="1" usage="80"  fillType="diesel" />  <!-- usage is per hour at max load and max rpm -->
                <consumer fillUnitIndex="2" usage="7.4" fillType="def" />     <!-- usage is per hour at max load and max rpm -->
                <consumer fillUnitIndex="3" usage="250" fillType="air" permanentConsumption="false" refillLitersPerSecond="350" refillCapacityPercentage="0.5" /> <!-- usage per second at full brake power -->
            </consumerConfiguration>
        </consumerConfigurations>

        <differentialConfigurations>
            <differentialConfiguration>
                <differentials>
                    <differential torqueRatio="0.5" maxSpeedRatio="1.5" wheelIndex1="1" wheelIndex2="2"/>
                    <differential torqueRatio="0.5" maxSpeedRatio="1.8" wheelIndex1="3" wheelIndex2="4"/>
                    <differential torqueRatio="0.5" maxSpeedRatio="1.4" differentialIndex1="1" differentialIndex2="2"/>
                </differentials>
            </differentialConfiguration>
        </differentialConfigurations>

        <motorConfigurations>
            <motorConfiguration name="M8-181" price="0" hp="180" consumerConfigurationIndex="1">
                <motor torqueScale="0.761" minRpm="850" maxRpm="2200" maxForwardSpeed="53" maxBackwardSpeed="22" brakeForce="8" lowBrakeForceScale="0.1" lowBrakeForceSpeedLimit="1" dampingRateScale="0.85">
                    <torque normRpm="0.45" torque="0.9"/>
                    <torque normRpm="0.5" torque="0.97"/>
                    <torque normRpm="0.59" torque="1"/>
                    <torque normRpm="0.72" torque="1"/>
                    <torque normRpm="0.86" torque="0.88"/>
                    <torque normRpm="1" torque="0.72"/>
                </motor>
                <transmission minForwardGearRatio="8.8" maxForwardGearRatio="320" minBackwardGearRatio="30" maxBackwardGearRatio="320" name="$l10n_info_transmission_cvt"/>
                <objectChange node="engineConfigDecal" shaderParameter="offsetUV" shaderParameterActive="0 0 0 0"/>
            </motorConfiguration>
            <motorConfiguration name="M8-201" hp="200" price="10000" consumerConfigurationIndex="2">
                <motor torqueScale="0.845" dampingRateScale="1" />
                <objectChange node="engineConfigDecal" shaderParameter="offsetUV" shaderParameterActive="0 -0.5 0 0"/>
            </motorConfiguration>
            <motorConfiguration name="M8-401" hp="401" price="0" consumerConfigurationIndex="2">
                <motor torqueScale="1.845" dampingRateScale="1" />
                <objectChange node="engineConfigDecal" shaderParameter="offsetUV" shaderParameterActive="0 -0.5 0 0"/>
            </motorConfiguration>
            <motorConfiguration name="M8-Ludicrous" hp="501" price="0" consumerConfigurationIndex="2">
                <motor torqueScale="8.845" dampingRateScale="1" />
                <objectChange node="engineConfigDecal" shaderParameter="offsetUV" shaderParameterActive="0 -0.5 0 0"/>
            </motorConfiguration>
        </motorConfigurations>

        <exhaustEffects>
            <exhaustEffect node="exhaustParticle" filename="$data/effects/exhaust/exhaust.i3d" minRpmColor="0.9 0.9 0.9 0.1" maxRpmColor="0.9 0.9 0.9 0.4" minRpmScale="0.05" maxRpmScale="0.5" />
        </exhaustEffects>

        <motorStartDuration>3400</motorStartDuration>

        <dashboards>
            <dashboard displayType="TEXT" valueType="speed" node="numbersSpeed01" textColor="0 0 0 1" textMask="00" textSize="0.005" textAlignment="RIGHT" font="DIGIT" groups="MOTOR_ACTIVE"/>
            <dashboard displayType="TEXT" valueType="speed" node="numbersSpeed02" textColor="0 0 0 1" textMask="00" textSize="0.005" textAlignment="RIGHT" font="DIGIT" groups="MOTOR_ACTIVE"/>
            <dashboard displayType="TEXT" valueType="rpm" node="numbersRpm" textColor="0 0 0 1" textMask="0000" textSize="0.005" textAlignment="RIGHT" font="DIGIT" groups="MOTOR_ACTIVE"/>
            <dashboard displayType="ROT" rotAxis="3" minRot="-39" maxRot="-201" valueType="rpm" node="needleRpm" minValueRot="500" maxValueRot="3000" groups="MOTOR_ACTIVE"/>
            <dashboard displayType="ROT" rotAxis="3" minRot="0" maxRot="-147" valueType="motorTemperature" node="needleTemp01" groups="MOTOR_ACTIVE"/>
            <dashboard displayType="ROT" rotAxis="3" minRot="0" maxRot="-147" valueType="motorTemperature" node="needleTemp02" groups="MOTOR_ACTIVE"/>
            <dashboard displayType="ROT" valueType="movingDirection" node="directionStick" minRot="0 12 0" maxRot="0 -12 0" doInterpolation="true" interpolationSpeed="0.01" groups="MOTOR_ACTIVE"/>
            <dashboard displayType="MULTI_STATE" valueType="ignitionState" node="keyIgnition" doInterpolation="true" groups="MOTOR_ACTIVE">
                <state value="0" rotation="0 0 0"/>
                <state value="1" rotation="0 0 -80"/>
                <state value="2" rotation="0 0 -50"/>
            </dashboard>
        </dashboards>
    </motorized>

    <drivable>
        <steeringWheel node="steeringWheel" indoorRotation="540" outdoorRotation="30"/>

        <dashboards>
            <dashboard displayType="ROT"     valueType="accelerationAxis"    node="pedalGas"   minRot="0 0 0" maxRot="12 0 0" doInterpolation="true" />
            <dashboard displayType="ROT"     valueType="decelerationAxis"    node="pedalBrake" minRot="0 0 0" maxRot="-15 0 0" doInterpolation="true" />
        </dashboards>
    </drivable>

    <licensePlates>
        <licensePlate node="licensePlateFront" position="FRONT" preferedType="SQUARISH" placementArea="0.1 0.2 0.1 0.2"/>
        <licensePlate node="licensePlateBack"  position="BACK" preferedType="SQUARISH" placementArea="0.1 0.2 0.1 0.2"/>
    </licensePlates>

    <wipers>
        <wiper animName="wiperFrontAnimation" >
            <state animSpeed="1.0" animPause="2.0" />
            <state animSpeed="1.0" animPause="0.0" />
            <state animSpeed="1.5" animPause="0.0" />
        </wiper>
        <wiper animName="wiperBackAnimation" >
            <state animSpeed="1.0" animPause="1.0" />
        </wiper>
    </wipers>

    <animations>
        <animation name="wiperFrontAnimation" isKeyframe="true">
            <part node="wiperFront" startTime="0.0" endTime="0.5" startRot="0 0 0" endRot="0 -5 -73" />
            <part node="wiperFront" startTime="0.5" endTime="1.0" startRot="0 -5 -73" endRot="0 0 -140" />

            <sound template="wiper1" startTime="0" endTime="1" direction="1"   volumeScale="1.6" pitchScale="0.8" fadeOut="0.1" linkNode="wiperFront"/>
            <sound template="wiper2" startTime="0" endTime="1" direction="-1"  volumeScale="1.6" pitchScale="0.8" fadeOut="0.1" linkNode="wiperFront"/>
        </animation>
        <animation name="wiperBackAnimation" isKeyframe="true">
            <part node="wiperBack" startTime="0.0" endTime="0.5"  startRot="0 0 0" endRot="0 -13 -68" />
            <part node="wiperBack" startTime="0.5" endTime="1.0"  startRot="0 -13 -68" endRot="0 0 -140" />

            <sound template="wiper1" startTime="0" endTime="1" direction="1"   volumeScale="0.85" pitchScale="0.8" fadeOut="0.1" linkNode="wiperBack"/>
            <sound template="wiper2" startTime="0" endTime="1" direction="-1"  volumeScale="0.85" pitchScale="0.8" fadeOut="0.1" linkNode="wiperBack"/>
        </animation>
    </animations>

    <cylindered>
        <movingTools>
            <movingTool node="attacherJointBackArmBottom">
                <dependentPart node="attacherJointBackArmMain"/>
                <dependentPart node="attacherJointBackArmMainHydraulic"/>
            </movingTool>
            <movingTool node="attacherJointFrontArmBottom">
                <dependentPart node="attacherJointFrontArmBottomHydraulic"/>
            </movingTool>
        </movingTools>

        <movingParts>
            <movingPart node="attacherJointBackArmMain" localReferencePoint="attacherJointBackArmMainLocalRef" referencePoint="attacherJointBackArmMainRef" referenceFrame="attacherJointBackArmMainRefFrame" limitedAxis="1">
                <dependentPart node="attacherJointBackArmMainHydraulic"/>
                <dependentPart node="attacherJointBackArmMainPartLeft"/>
                <dependentPart node="attacherJointBackArmMainPartRight"/>
            </movingPart>
            <movingPart node="attacherJointBackArmMainHydraulic" referencePoint="attacherJointBackArmMainHydraulicRef" referenceFrame="attacherJointBackArmMainHydraulicRef" isActiveDirty="true" maxUpdateDistance="10">
                <translatingPart node="attacherJointBackArmMainHydraulicPunch" />
            </movingPart>
            <movingPart node="attacherJointBackArmMainPartLeft" referencePoint="attacherJointBackArmMainPartLeftRef" referenceFrame="attacherJointBackArmMainPartLeftRef" />
            <movingPart node="attacherJointBackArmMainPartRight" referencePoint="attacherJointBackArmMainPartRightRef" referenceFrame="attacherJointBackArmMainPartRightRef" />

            <movingPart node="steeringBarFrontLeft"  referencePoint="steeringBarFrontLeftRef"  referenceFrame="steeringBarFrontLeftRef"  isActiveDirty="true" maxUpdateDistance="50" scaleZ="true"/>
            <movingPart node="steeringBarFrontRight" referencePoint="steeringBarFrontRightRef" referenceFrame="steeringBarFrontRightRef" isActiveDirty="true" maxUpdateDistance="50" scaleZ="true"/>
            <movingPart node="powerShaft02" referencePoint="powerShaft02Ref" referenceFrame="powerShaft02Ref" isActiveDirty="true" maxUpdateDistance="50" />
            <movingPart node="attacherJointFrontArmBottomHydraulic" referencePoint="attacherJointFrontArmBottomHydraulicRef" referenceFrame="attacherJointFrontArmBottomHydraulicRef">
                <translatingPart node="attacherJointFrontArmBottomHydraulicPunch" />
            </movingPart>
        </movingParts>

        <dashboards>
            <dashboard displayType="ROT" valueType="movingTool" node="joystickFrontloader" rotAxis="1" minRot="-20" maxRot="20" axis="AXIS_FRONTLOADER_ARM" attacherJointNode="attacherJointFrontloaderKubota" doInterpolation="true" groups="MOTOR_ACTIVE"/>
            <dashboard displayType="ROT" valueType="movingTool" node="joystickFrontloader" rotAxis="3" minRot="-20" maxRot="20" axis="AXIS_FRONTLOADER_TOOL" attacherJointNode="attacherJointFrontloaderKubota" doInterpolation="true" groups="MOTOR_ACTIVE"/>
        </dashboards>
    </cylindered>

    <fillUnit>
        <fillUnitConfigurations>
            <fillUnitConfiguration>
                <fillUnits>
                    <fillUnit unitTextOverride="$l10n_unit_literShort" showOnHud="false" showInShop="false" fillTypes="diesel" capacity="375" >
                        <exactFillRootNode node="exactFillRootNode" />
                        <dashboard displayType="ROT" rotAxis="3" minRot="0" maxRot="-147" valueType="fillLevel" node="needleFuel" groups="MOTOR_ACTIVE"/>
                    </fillUnit>
                    <fillUnit unitTextOverride="$l10n_unit_literShort" showOnHud="false" showInShop="false" showOnInfoHud="false" fillTypes="def" capacity="35" >
                        <dashboard displayType="ROT" rotAxis="3" minRot="0" maxRot="-147" valueType="fillLevel" node="needleDef" groups="MOTOR_ACTIVE"/>
                    </fillUnit>
                    <fillUnit unitTextOverride="$l10n_unit_literShort" showOnHud="false" showInShop="false" showOnInfoHud="false" fillTypes="air" capacity="4000"/>
                </fillUnits>
            </fillUnitConfiguration>
        </fillUnitConfigurations>
    </fillUnit>

    <dashboard>
        <groups>
            <group name="MOTOR_STARTING" electronicsStarting="true"/>
            <group name="MOTOR_ACTIVE" electronicsStarting="true" electronicsRunning="true"/>
        </groups>

        <default>
            <dashboard displayType="EMITTER" node="iconEngineStart_decals" idleValue="-1" intensity="0.2" groups="MOTOR_STARTING" />
            <dashboard displayType="EMITTER" node="dashboardDisplay"       idleValue="-1" intensity="0.5" groups="MOTOR_ACTIVE" />
            <dashboard displayType="EMITTER" node="dashboardDisplay2"      idleValue="-1" intensity="0.5" groups="MOTOR_ACTIVE" />
            <dashboard displayType="EMITTER" node="interiorGlow_decals1"   idleValue="-1" intensity="0.5" groups="MOTOR_ACTIVE" />
        </default>
    </dashboard>

    <ai>
        <agent frontWheelNodes="wheelFrontLeft wheelFrontRight"/>
        <collisionTrigger useSize="true"/>
    </ai>

    <foliageBending>
        <bendingNode wheelIndices="1 2" minZ="0.55" maxZ="2.25" yOffset="0.5"/>
        <bendingNode wheelIndices="3 4" minZ="-2.5" maxZ="-0.45" yOffset="0.5"/>
        <bendingNode minX="-1.25" maxX="1.25" minZ="-0.45" maxZ="0.55" yOffset="0.5"/>
        <bendingNode minX="-0" maxX="0" minZ="2.25" maxZ="2.25" yOffset="0.65"/>
    </foliageBending>

    <wearable wearDuration="480" workMultiplier="5" fieldMultiplier="2"/>
    <washable dirtDuration="90" washDuration="1" workMultiplier="3" fieldMultiplier="2"/>

<!-- ==================================== Added Options ==================================== -->
    <designConfigurations title="GALO Elite 1" isYesNoOption="true">
        <designConfiguration name="$l10n_configuration_valueNo" />
        <designConfiguration name="$l10n_configuration_valueYes" price="-100000">
            <material materialSlotName="seriesM8_mainbody_mat" materialTemplateName="RIM_CONFIGURATION_BLACK" parentTemplate="calibratedMetallic" />
            <material materialSlotName="seriesM8_KUBOTA_ORANGE1_mat" materialTemplateName="RIM_CONFIGURATION_BLACK" parentTemplate="calibratedMetallic" />
            <material materialSlotName="seriesM8Grid_grills" materialTemplateName="RIM_CONFIGURATION_CHROME" />
            <material materialSlotName="seriesM8_exhaustGrill" materialTemplateName="RIM_CONFIGURATION_CHROME" />
            <material materialSlotName="seriesM8_frontWeights" materialTemplateName="RIM_CONFIGURATION_BLACK"  />
            <material materialSlotName="seriesM8FrontHitch_A" materialTemplateName="RIM_CONFIGURATION_BLACK"  />
            <material materialSlotName="seriesM8FrontHitch_B" materialTemplateName="RIM_CONFIGURATION_BLACK"  />
            <material materialSlotName="seriesM8_frameA" materialTemplateName="RIM_CONFIGURATION_BLACK" />
            <material materialSlotName="seriesM8_frontweight_holder" materialTemplateName="RIM_CONFIGURATION_BLACK" />
            <material materialSlotName="seriesM8Weight_1" materialTemplateName="RIM_CONFIGURATION_BLACK" />
            <material materialSlotName="seriesM8FrontHitch" materialTemplateName="RIM_CONFIGURATION_BLACK" />
            <material materialSlotName="seriesM8_externalplastics" materialTemplateName="RIM_CONFIGURATION_BLACK" materialTemplateUseColorOnly="true" />
            <material materialSlotName="seriesM8_externalplastics3" materialTemplateName="RIM_CONFIGURATION_BLACK" materialTemplateUseColorOnly="true" />
            <material materialSlotName="seriesM8_ExternalMetalPaintedBlack" materialTemplateName="RIM_CONFIGURATION_BLACK" />
            <material materialSlotName="seriesM8Interior_seats" materialTemplateName="leather2Brown" />
            <material materialSlotName="seriesM8Interior_plasticA" materialTemplateName="wood2Oak" />
            <material materialSlotName="seriesM8Interior_plasticB" materialTemplateName="wood2Oak" />
        </designConfiguration>
    </designConfigurations>

    <design2Configurations title="GALO Elite 2" isYesNoOption="true">
        <design2Configuration name="$l10n_configuration_valueNo" />
        <design2Configuration name="$l10n_configuration_valueYes" price="-100000">
            <material materialSlotName="seriesM8_mainbody_mat" materialTemplateName="DEUTZ_BLACK2" />
            <material materialSlotName="seriesM8_KUBOTA_ORANGE1_mat" materialTemplateName="DEUTZ_BLACK2" />
            <material materialSlotName="seriesM8Grid_grills" materialTemplateName="SHARED_RED1" />
            <material materialSlotName="seriesM8_exhaustGrill" materialTemplateName="RIM_CONFIGURATION_CHROME" />
            <material materialSlotName="seriesM8_frontWeights" materialTemplateName="SHARED_RED1" />
            <material materialSlotName="seriesM8FrontHitch" materialTemplateName="DEUTZ_BLACK2" />
            <material materialSlotName="seriesM8FrontHitch_A" materialTemplateName="SHARED_RED1" />
            <material materialSlotName="seriesM8FrontHitch_B" materialTemplateName="SHARED_RED1" />
            <material materialSlotName="seriesM8_frameA" materialTemplateName="DEUTZ_BLACK2" />
            <material materialSlotName="seriesM8_frontweight_holder" materialTemplateName="DEUTZ_BLACK2" />
            <material materialSlotName="seriesM8Weight_1" materialTemplateName="DEUTZ_BLACK2" />
            <material materialSlotName="seriesM8_externalplastics" materialTemplateName="DEUTZ_BLACK2" />
            <material materialSlotName="seriesM8_externalplastics3" materialTemplateName="DEUTZ_BLACK2" />
            <material materialSlotName="seriesM8_ExternalMetalPaintedBlack" materialTemplateName="SHARED_RED1" />
            <material materialSlotName="seriesM8Interior_seats" materialTemplateName="leather1Brown" />
            <material materialSlotName="seriesM8Interior_plasticA" materialTemplateName="wood2Oak" />
            <material materialSlotName="seriesM8Interior_plasticB" materialTemplateName="wood2Oak" />
        </design2Configuration>
    </design2Configurations>

    <baseColorConfigurations title="Main Body Color" useDefaultColors="true" price="0">
		<baseColorConfiguration name="Matte Black" materialTemplateName="DEUTZ_BLACK2" />
		<baseColorConfiguration name="Matte Black 2" materialTemplateName="VALTRA_BLACK1" />
		<baseColorConfiguration name="Graphite Black" materialTemplateName="metalPaintedGraphiteBlack" />
		<baseColorConfiguration name="Dark Black" materialTemplateName="RIM_CONFIGURATION_BLACK" />
		<baseColorConfiguration name="Matte Silver" materialTemplateName="VALTRA_GREY2" />
		<baseColorConfiguration name="Matte Green" materialTemplateName="DEUTZ_MATTGREEN" />
		<baseColorConfiguration name="Chrome" materialTemplateName="RIM_CONFIGURATION_CHROME" />
		<baseColorConfiguration name="Default" materialTemplateName="KUBOTA_ORANGE1" isDefault="true"/>
        <material materialSlotName="seriesM8_mainbody_mat" />
        <material materialSlotName="seriesM8_KUBOTA_ORANGE1_mat" />
        <!-- <material materialSlotName="external_various" /> -->
    </baseColorConfigurations>

	<designColorConfigurations title="Grills" useDefaultColors="true" price="0"  defaultColorIndex="1">
		<designColorConfiguration name="Matte Black" materialTemplateName="DEUTZ_BLACK2" />
        <designColorConfiguration name="Matte Black 2" materialTemplateName="VALTRA_BLACK1" />
		<designColorConfiguration name="Matte Silver" materialTemplateName="VALTRA_GREY2" />
		<designColorConfiguration name="Graphite Black" materialTemplateName="metalPaintedGraphiteBlack" />
		<designColorConfiguration name="Chrome" materialTemplateName="RIM_CONFIGURATION_CHROME" />
		<designColorConfiguration materialTemplateName="KUBOTA_BLACK1" isDefault="true"/>
        <material materialSlotName="seriesM8Grid_grills" />
    </designColorConfigurations>

    <designColor2Configurations title="Exhaust Grill" useDefaultColors="true" price="0" >
		<designColor2Configuration materialTemplateName="MASSEYFERGUSON_DARK_GREY" />
		<designColor2Configuration name="Matte Black" materialTemplateName="DEUTZ_BLACK2" />
        <designColor2Configuration name="Matte Black 2" materialTemplateName="VALTRA_BLACK1" />
		<designColor2Configuration name="Matte Silver" materialTemplateName="VALTRA_GREY2" />
		<designColor2Configuration name="Graphite Black" materialTemplateName="metalPaintedGraphiteBlack" />
		<designColor2Configuration name="Chrome" materialTemplateName="RIM_CONFIGURATION_CHROME" />
        <material materialSlotName="seriesM8_exhaustGrill" />
    </designColor2Configurations>

	<designColor3Configurations title="Frame/Weights" useDefaultColors="true" price="0"  >
		<designColor3Configuration name="Matte Black" materialTemplateName="DEUTZ_BLACK2" />
        <designColor3Configuration name="Matte Black 2" materialTemplateName="VALTRA_BLACK1" />
        <designColor3Configuration name="Graphite Black" materialTemplateName="metalPaintedGraphiteBlack" materialTemplateUseColorOnly="true" />
		<designColor3Configuration name="Matte Silver" materialTemplateName="VALTRA_GREY2" />
		<designColor3Configuration materialTemplateName="KUBOTA_BLACK1" isDefault="true"/>
        <material materialSlotName="seriesM8_frontWeights" />
        <material materialSlotName="seriesM8FrontHitch_A" />
        <material materialSlotName="seriesM8FrontHitch_B" />
        <material materialSlotName="seriesM8_frameA" />
        <material materialSlotName="seriesM8_frontweight_holder" />
        <material materialSlotName="seriesM8Weight_1" />
        <material materialSlotName="seriesM8FrontHitch" />
        <material materialSlotName="seriesM8_externalplastics" />
        <material materialSlotName="seriesM8_externalplastics2" />
        <material materialSlotName="seriesM8_externalplastics3" />
        <material materialSlotName="seriesM8_ExternalMetalPaintedBlack" />
    </designColor3Configurations>

	<designColor4Configurations title="Seats/Armrest" useDefaultColors="true" price="0" >
		<designColor4Configuration name="Fabric Gray" materialTemplateName="fabric3Gray"/>
		<designColor4Configuration name="Fabric Gray 2" materialTemplateName="fabric2Gray"/>
		<designColor4Configuration name="Brown Leather" materialTemplateName="leather1Brown"/>
		<designColor4Configuration name="Brown Leather 2" materialTemplateName="leather2Brown" />
		<designColor4Configuration name="Fabric Beige" materialTemplateName="fabric4Beige"/>
		<designColor4Configuration name="Gray Leather" materialTemplateName="leather3GrayDark"  />
		<designColor4Configuration name="Gray Leather 2" materialTemplateName="perforatedSynthetic2Black" />
		<designColor4Configuration materialTemplateName="KUBOTA_BLACK1" isDefault="true"/>
        <material materialSlotName="seriesM8Interior_seats" />
    </designColor4Configurations>

    <designColor5Configurations title="Interior" useDefaultColors="false" price="0" >
		<designColor5Configuration name="Fabric Gray" materialTemplateName="fabric3Gray"/>
		<designColor5Configuration name="Fabric Gray 2" materialTemplateName="fabric2Gray"/>
		<designColor5Configuration name="Brown Leather" materialTemplateName="leather1Brown"/>
		<designColor5Configuration name="Brown Leather 2" materialTemplateName="leather2Brown" />
		<designColor5Configuration name="Fabric Beige" materialTemplateName="fabric4Beige"/>
		<designColor5Configuration name="Gray Leather" materialTemplateName="leather3GrayDark"  />
		<designColor5Configuration name="Gray Leather 2" materialTemplateName="perforatedSynthetic2Black" />
        <designColor5Configuration name="Wood Oak" materialTemplateName="wood2Oak" />
        <designColor5Configuration name="Wood Cedar" materialTemplateName="wood1Cedar" />
        <designColor5Configuration name="Wood 1" materialTemplateName="wood2" />
        <designColor5Configuration name="Wood 2" materialTemplateName="wood1" />
		<designColor5Configuration name="Black" materialTemplateName="metalPaintedGraphiteBlack" materialTemplateUseColorOnly="true" />
		<designColor5Configuration materialTemplateName="KUBOTA_BLACK1" isDefault="true"/>
        <material materialSlotName="seriesM8Interior_plasticA" />
        <material materialSlotName="seriesM8Interior_plasticB" />
    </designColor5Configurations>

    <rimColorConfigurations useDefaultColors="true" price="0">
		<rimColorConfiguration name="Matte Silver" materialTemplateName="VALTRA_GREY2" />
		<rimColorConfiguration name="Matte Black" materialTemplateName="DEUTZ_BLACK2" />
		<rimColorConfiguration name="Matte Black 2" materialTemplateName="VALTRA_BLACK1" />
        <rimColorConfiguration name="Graphite Black" materialTemplateName="metalPaintedGraphiteBlack" />
		<rimColorConfiguration name="Chrome" materialTemplateName="RIM_CONFIGURATION_CHROME" />
		<rimColorConfiguration materialTemplateName="MCCORMICK_RED1" />
        <rimColorConfiguration materialTemplateName="KUBOTA_BLACK1" isDefault="true"/>
    </rimColorConfigurations>
<!-- ==================================== Added Options ==================================== -->

    <i3dMappings>
        <i3dMapping id="seriesM8_main_component1" node="0>" />
        <i3dMapping id="seriesM8_vis" node="0>0" />
        <i3dMapping id="wheelBackLeft" node="0>0|0|0" />
        <i3dMapping id="wheelBackLeftHub" node="0>0|0|0|0" />
        <i3dMapping id="wheelBackRight" node="0>0|0|1" />
        <i3dMapping id="wheelBackRightHub" node="0>0|0|1|0" />
        <i3dMapping id="exitPoint" node="0>0|1" />
        <i3dMapping id="bigTriangle_01" node="0>0|2|0|0" />
        <i3dMapping id="beaconLight06_01" node="0>0|2|0|1" />
        <i3dMapping id="beaconLight06_02" node="0>0|2|0|2" />
        <i3dMapping id="seriesM8Lights_static" node="0>0|2|1|0" />
        <i3dMapping id="seriesM8LightsGlass_static" node="0>0|2|1|1" />
        <i3dMapping id="frontLightLow" node="0>0|2|2|0" />
        <i3dMapping id="highBeamLow" node="0>0|2|2|1" />
        <i3dMapping id="frontLightHighBottom" node="0>0|2|2|2" />
        <i3dMapping id="highBeamHighBottom" node="0>0|2|2|3" />
        <i3dMapping id="frontLightHighTop" node="0>0|2|2|4" />
        <i3dMapping id="highBeamHighTop" node="0>0|2|2|5" />
        <i3dMapping id="interiorScreenLight01" node="0>0|2|2|6" />
        <i3dMapping id="workLightFrontLow" node="0>0|2|3|0" />
        <i3dMapping id="workLightFrontHigh" node="0>0|2|3|1" />
        <i3dMapping id="workLightBackLow" node="0>0|2|3|2" />
        <i3dMapping id="workLightBackHigh" node="0>0|2|3|3" />
        <i3dMapping id="backLightsHigh" node="0>0|2|4|0" />
        <i3dMapping id="turnLightLeftFront" node="0>0|2|5|0" />
        <i3dMapping id="turnLightRightFront" node="0>0|2|5|1" />
        <i3dMapping id="outdoorCameraTarget" node="0>0|3|0" />
        <i3dMapping id="outdoorCamera1" node="0>0|3|0|0" />
        <i3dMapping id="indoorCamera1" node="0>0|3|1" />
        <i3dMapping id="cameraRaycastNode1" node="0>0|3|2" />
        <i3dMapping id="cameraRaycastNode2" node="0>0|3|3" />
        <i3dMapping id="cameraRaycastNode3" node="0>0|3|4" />
        <i3dMapping id="shadowFocusBox" node="0>0|3|5" />
        <i3dMapping id="attacherJointBackRot" node="0>0|4|0|0" />
        <i3dMapping id="attacherJointBackRot2" node="0>0|4|0|0|0" />
        <i3dMapping id="attacherJointBack" node="0>0|4|0|0|0|0" />
        <i3dMapping id="attacherJointBackArmBottom" node="0>0|4|0|1" />
        <i3dMapping id="attacherJointBackArmBottomTrans" node="0>0|4|0|1|0" />
        <i3dMapping id="attacherJointBackArmBottomLeft" node="0>0|4|0|1|0|0" />
        <i3dMapping id="attacherJointBackArmBottomLeftRef" node="0>0|4|0|1|0|0|0" />
        <i3dMapping id="attacherJointBackArmMainPartLeftRef" node="0>0|4|0|1|0|0|1" />
        <i3dMapping id="attacherJointBackArmBottomRight" node="0>0|4|0|1|0|1" />
        <i3dMapping id="attacherJointBackArmBottomRightRef" node="0>0|4|0|1|0|1|0" />
        <i3dMapping id="attacherJointBackArmMainPartRightRef" node="0>0|4|0|1|0|1|1" />
        <i3dMapping id="attacherJointBackArmMainRef" node="0>0|4|0|1|0|2" />
        <i3dMapping id="referencePointBackBottom" node="0>0|4|0|1|0|3" />
        <i3dMapping id="attacherJointBackArmTop" node="0>0|4|0|2" />
        <i3dMapping id="sideMountLinkage" node="0>0|4|0|3" />
        <i3dMapping id="trailerAttacherBackLow" node="0>0|4|1|0" />
        <i3dMapping id="trailerAttacherJointBackLow" node="0>0|4|1|0|0" />
        <i3dMapping id="steeringBarLeftRef" node="0>0|4|1|0|1" />
        <i3dMapping id="steeringBarRightRef" node="0>0|4|1|0|2" />
        <i3dMapping id="trailerAttacherBack" node="0>0|4|1|1" />
        <i3dMapping id="trailerAttacherJointBack" node="0>0|4|1|1|0" />
        <i3dMapping id="ptoBack" node="0>0|4|2|0" />
        <i3dMapping id="hydraulicIn01_cover" node="0>0|4|3|0" />
        <i3dMapping id="hydraulicOut01_cover" node="0>0|4|3|1" />
        <i3dMapping id="hydraulicIn02_cover" node="0>0|4|3|2" />
        <i3dMapping id="hydraulicOut02_cover" node="0>0|4|3|3" />
        <i3dMapping id="hydraulicIn03_cover" node="0>0|4|3|4" />
        <i3dMapping id="hydraulicOut03_cover" node="0>0|4|3|5" />
        <i3dMapping id="hydraulicIn04_cover" node="0>0|4|3|6" />
        <i3dMapping id="hydraulicOut04_cover" node="0>0|4|3|7" />
        <i3dMapping id="hydraulicIn05_cover" node="0>0|4|3|8" />
        <i3dMapping id="hydraulicOut05_cover" node="0>0|4|3|9" />
        <i3dMapping id="hydraulicIn01" node="0>0|4|3|10" />
        <i3dMapping id="hydraulicOut01" node="0>0|4|3|11" />
        <i3dMapping id="hydraulicIn02" node="0>0|4|3|12" />
        <i3dMapping id="hydraulicOut02" node="0>0|4|3|13" />
        <i3dMapping id="hydraulicIn03" node="0>0|4|3|14" />
        <i3dMapping id="hydraulicOut03" node="0>0|4|3|15" />
        <i3dMapping id="hydraulicIn04" node="0>0|4|3|16" />
        <i3dMapping id="hydraulicOut04" node="0>0|4|3|17" />
        <i3dMapping id="hydraulicIn05" node="0>0|4|3|18" />
        <i3dMapping id="hydraulicOut05" node="0>0|4|3|19" />
        <i3dMapping id="rightPipe" node="0>0|4|3|20" />
        <i3dMapping id="rightPipe_frontConnector" node="0>0|4|3|20|0" />
        <i3dMapping id="rightPipe_backConnector" node="0>0|4|3|20|1" />
        <i3dMapping id="bottomPipe01" node="0>0|4|3|21" />
        <i3dMapping id="bottomPipe01_frontConnector" node="0>0|4|3|21|0" />
        <i3dMapping id="bottomPipe01_backConnector" node="0>0|4|3|21|1" />
        <i3dMapping id="bottomPipe02" node="0>0|4|3|22" />
        <i3dMapping id="bottomPipe02_frontConnector" node="0>0|4|3|22|0" />
        <i3dMapping id="bottomPipe02_backConnector" node="0>0|4|3|22|1" />
        <i3dMapping id="bottomPipe03" node="0>0|4|3|23" />
        <i3dMapping id="bottomPipe03_frontConnector" node="0>0|4|3|23|0" />
        <i3dMapping id="bottomPipe03_backConnector" node="0>0|4|3|23|1" />
        <i3dMapping id="bottomPipe04" node="0>0|4|3|24" />
        <i3dMapping id="bottomPipe04_frontConnector" node="0>0|4|3|24|0" />
        <i3dMapping id="bottomPipe04_backConnector" node="0>0|4|3|24|1" />
        <i3dMapping id="airYellow" node="0>0|4|3|25" />
        <i3dMapping id="airRed" node="0>0|4|3|26" />
        <i3dMapping id="electricBack" node="0>0|4|3|27" />
        <i3dMapping id="isobusBack_socket" node="0>0|4|3|28" />
        <i3dMapping id="kubotaFrontloaderConsole" node="0>0|4|4|0" />
        <i3dMapping id="attacherJointFrontloaderKubota" node="0>0|4|4|0|0" />
        <i3dMapping id="frontloaderConnection" node="0>0|4|4|0|1" />
        <i3dMapping id="targetNode01" node="0>0|4|4|1" />
        <i3dMapping id="steeringWheel" node="0>0|5|0|0" />
        <i3dMapping id="playerLeftHandTarget" node="0>0|5|0|0|0" />
        <i3dMapping id="seat" node="0>0|5|1" />
        <i3dMapping id="playerSkin" node="0>0|5|1|0|0" />
        <i3dMapping id="playerRightHandTarget" node="0>0|5|1|0|1" />
        <i3dMapping id="dashboardDisplay2" node="0>0|5|1|1|0" />
        <i3dMapping id="interiorGlow_decals" node="0>0|5|1|1|1" />
        <i3dMapping id="interiorGlow_decals1" node="0>0|5|1|1|2" />
        <i3dMapping id="interiorScreenLight02" node="0>0|5|1|4" />
        <i3dMapping id="joystickFrontloader" node="0>0|5|1|5|0" />
        <i3dMapping id="playerRightHandTargetFrontloader" node="0>0|5|1|5|0|0" />
        <i3dMapping id="playerRightFootTarget" node="0>0|5|2|0" />
        <i3dMapping id="playerLeftFootTarget" node="0>0|5|2|1" />
        <i3dMapping id="playerRightFootTargetGas" node="0>0|5|2|2" />
        <i3dMapping id="mirrorLeftBottomDecal" node="0>0|5|3|0" />
        <i3dMapping id="mirrorRightBottomDecal" node="0>0|5|3|1" />
        <i3dMapping id="mirrorInteriorDecal" node="0>0|5|3|2" />
        <i3dMapping id="mirrorRightTopDecal" node="0>0|5|3|3" />
        <i3dMapping id="mirrorLeftTopDecal" node="0>0|5|3|4" />
        <i3dMapping id="pedalGas" node="0>0|5|4|0|0" />
        <i3dMapping id="playerRightFootTargetGasRef" node="0>0|5|4|0|0|0" />
        <i3dMapping id="pedalBrake" node="0>0|5|4|1" />
        <i3dMapping id="playerRightFootTargetBrake" node="0>0|5|4|1|0" />
        <i3dMapping id="wiperBack" node="0>0|5|5|0|0" />
        <i3dMapping id="wiperFront" node="0>0|5|5|1" />
        <i3dMapping id="dashboardDisplay" node="0>0|5|6|0" />
        <i3dMapping id="iconEngineStart_decals" node="0>0|5|6|1" />
        <i3dMapping id="iconTurnlightLeft_decals" node="0>0|5|6|2" />
        <i3dMapping id="iconTurnlightRight_decals" node="0>0|5|6|3" />
        <i3dMapping id="iconDefaultlightState3_decals" node="0>0|5|6|4" />
        <i3dMapping id="leverTurnlight" node="0>0|5|6|5|0" />
        <i3dMapping id="directionStick" node="0>0|5|6|6|0" />
        <i3dMapping id="keyIgnition" node="0>0|5|6|7|0" />
        <i3dMapping id="numbersSpeed01" node="0>0|5|6|8" />
        <i3dMapping id="numbersSpeed02" node="0>0|5|6|9" />
        <i3dMapping id="numbersRpm" node="0>0|5|6|10" />
        <i3dMapping id="numbersOperatingTime" node="0>0|5|6|11" />
        <i3dMapping id="needleFuel" node="0>0|5|6|12|0" />
        <i3dMapping id="needleFuel_decal" node="0>0|5|6|12|0|0" />
        <i3dMapping id="needleDef" node="0>0|5|6|13|0" />
        <i3dMapping id="needleDef_decal" node="0>0|5|6|13|0|0" />
        <i3dMapping id="needleTemp01" node="0>0|5|6|14|0" />
        <i3dMapping id="needleTemp01_decal" node="0>0|5|6|14|0|0" />
        <i3dMapping id="needleTemp02" node="0>0|5|6|15|0" />
        <i3dMapping id="needleTemp02_decal" node="0>0|5|6|15|0|0" />
        <i3dMapping id="needleRpm" node="0>0|5|6|16|0" />
        <i3dMapping id="switchHazard_switch" node="0>0|5|6|17|0" />
        <i3dMapping id="switchHazard_decals" node="0>0|5|6|17|0|0" />
        <i3dMapping id="interiorGlow_decals2" node="0>0|5|6|18" />
        <i3dMapping id="iconBeaconLight_decals" node="0>0|5|6|19" />
        <i3dMapping id="worklightBackDecal" node="0>0|5|6|20" />
        <i3dMapping id="worklightFrontDecal" node="0>0|5|6|21" />
        <i3dMapping id="dashboardDisplay_Decals" node="0>0|5|6|22" />
        <i3dMapping id="attacherJointBackArmMainRefFrame" node="0>0|6|0" />
        <i3dMapping id="attacherJointBackArmMain" node="0>0|6|0|0" />
        <i3dMapping id="attacherJointBackArmMainLocalRef" node="0>0|6|0|0|0" />
        <i3dMapping id="attacherJointBackArmMainPartLeft" node="0>0|6|0|0|0|0" />
        <i3dMapping id="attacherJointBackArmMainPartRight" node="0>0|6|0|0|0|1" />
        <i3dMapping id="attacherJointBackArmMainHydraulicRef" node="0>0|6|0|0|1" />
        <i3dMapping id="attacherJointBackArmMainHydraulic" node="0>0|6|1" />
        <i3dMapping id="attacherJointBackArmMainHydraulicPunch" node="0>0|6|1|0" />
        <i3dMapping id="powerShaft07" node="0>0|6|2|0" />
        <i3dMapping id="powerShaft08" node="0>0|6|3|0" />
        <i3dMapping id="powerShaft09" node="0>0|6|4|0" />
        <i3dMapping id="exhaustParticle" node="0>0|7" />
        <i3dMapping id="componentJoint" node="0>0|8" />
        <i3dMapping id="exactFillRootNode" node="0>0|9|0" />
        <i3dMapping id="engineConfigDecal" node="0>0|10|0" />
        <i3dMapping id="config_weight_col" node="0>0|10|1" />
        <i3dMapping id="licensePlateBack" node="0>0|10|2" />
        <i3dMapping id="licensePlateFront" node="0>0|10|3" />
        <i3dMapping id="frontweight_holder" node="0>0|10|4" />
        <i3dMapping id="weight01" node="0>0|10|4|0" />
        <i3dMapping id="weight_vis" node="0>0|10|4|0|0" />
        <i3dMapping id="weight02" node="0>0|10|4|1" />
        <i3dMapping id="weight03" node="0>0|10|4|2" />
        <i3dMapping id="weight04" node="0>0|10|4|3" />
        <i3dMapping id="weight05" node="0>0|10|4|4" />
        <i3dMapping id="weight06" node="0>0|10|4|5" />
        <i3dMapping id="weight07" node="0>0|10|4|6" />
        <i3dMapping id="weight08" node="0>0|10|4|7" />
        <i3dMapping id="weight09" node="0>0|10|4|8" />
        <i3dMapping id="weight10" node="0>0|10|4|9" />
        <i3dMapping id="config_3point" node="0>0|10|5" />
        <i3dMapping id="attacherJointFrontRot" node="0>0|10|5|0" />
        <i3dMapping id="attacherJointFrontRot2" node="0>0|10|5|0|0" />
        <i3dMapping id="attacherJointFront" node="0>0|10|5|0|0|0" />
        <i3dMapping id="attacherJointFrontArmBottom" node="0>0|10|5|1" />
        <i3dMapping id="attacherJointFrontArmBottomTrans" node="0>0|10|5|1|0" />
        <i3dMapping id="referencePointFrontBottom" node="0>0|10|5|1|0|0" />
        <i3dMapping id="attacherJointFrontArmBottomHydraulicRef" node="0>0|10|5|1|0|1" />
        <i3dMapping id="lowerLinkLeft" node="0>0|10|5|1|0|3|0" />
        <i3dMapping id="lowerLinkRight" node="0>0|10|5|1|0|4|0" />
        <i3dMapping id="attacherJointFrontArmTop" node="0>0|10|5|2" />
        <i3dMapping id="trailerAttacherJointFront" node="0>0|10|5|3" />
        <i3dMapping id="ptoFront" node="0>0|10|5|4" />
        <i3dMapping id="hydraulicOut06" node="0>0|10|5|5|0" />
        <i3dMapping id="hydraulicIn06" node="0>0|10|5|5|1" />
        <i3dMapping id="electricFront" node="0>0|10|5|5|2" />
        <i3dMapping id="attacherJointFrontArmBottomHydraulic" node="0>0|10|5|7" />
        <i3dMapping id="attacherJointFrontArmBottomHydraulicPunch" node="0>0|10|5|7|0" />
        <i3dMapping id="config_weightPlate_col" node="0>0|10|6" />
        <i3dMapping id="config_3point_col" node="0>0|10|7" />
        <i3dMapping id="extensionLightLeftRot" node="0>0|10|8" />
        <i3dMapping id="extensionLightLeft" node="0>0|10|8|0" />
        <i3dMapping id="sideMarker01_left" node="0>0|10|8|0|0" />
        <i3dMapping id="turnLightLeftFront1" node="0>0|10|8|0|1" />
        <i3dMapping id="extensionLightRightRot" node="0>0|10|9" />
        <i3dMapping id="extensionLightRight" node="0>0|10|9|0" />
        <i3dMapping id="sideMarker01_right" node="0>0|10|9|0|0" />
        <i3dMapping id="turnLightRightFront1" node="0>0|10|9|0|1" />
        <i3dMapping id="hoses_hydraulic" node="0>1|2" />
        <i3dMapping id="axisFront" node="1>0" />
        <i3dMapping id="wheelFrontLeftRepr" node="1>0|0|0" />
        <i3dMapping id="wheelFrontLeft" node="1>0|0|0|0|0" />
        <i3dMapping id="fenderLeft" node="1>0|0|0|1|0" />
        <i3dMapping id="fenderLeft01" node="1>0|0|0|1|0|1" />
        <i3dMapping id="fenderLeft02" node="1>0|0|0|1|0|2" />
        <i3dMapping id="fenderLeft03" node="1>0|0|0|1|0|3" />
        <i3dMapping id="steeringBarFrontLeft" node="1>0|0|0|2" />
        <i3dMapping id="powerShaft01" node="1>0|0|0|3" />
        <i3dMapping id="powerShaft02" node="1>0|0|0|3|0" />
        <i3dMapping id="wheelFrontRightRepr" node="1>0|1|0" />
        <i3dMapping id="wheelFrontRight" node="1>0|1|0|0|0" />
        <i3dMapping id="fenderRight" node="1>0|1|0|1|0" />
        <i3dMapping id="fenderRight01" node="1>0|1|0|1|0|1" />
        <i3dMapping id="fenderRight02" node="1>0|1|0|1|0|2" />
        <i3dMapping id="fenderRight03" node="1>0|1|0|1|0|3" />
        <i3dMapping id="steeringBarFrontRight" node="1>0|1|0|2" />
        <i3dMapping id="powerShaft06" node="1>0|1|0|3" />
        <i3dMapping id="powerShaft05" node="1>0|1|0|3|0" />
        <i3dMapping id="steeringBarCenter" node="1>0|2" />
        <i3dMapping id="steeringBarFrontLeftRef" node="1>0|2|0" />
        <i3dMapping id="steeringBarFrontRightRef" node="1>0|2|1" />
        <i3dMapping id="powerShaft03" node="1>0|3" />
        <i3dMapping id="powerShaft02Ref" node="1>0|3|0" />
        <i3dMapping id="powerShaft04" node="1>0|4" />
    </i3dMappings>
</vehicle>
