<?xml version="1.0" encoding="utf-8" standalone="no"?>
<modDesc descVersion="92" xmlns:xsi="http://www.w3.org/2001/XMLSchema-instance" xsi:noNamespaceSchemaLocation="https://validation.gdn.giants-software.com/xml/fs25/modDesc.xsd">
    <author>GIANTS Software, Jeffro Mods</author>
    <version>1.0.0.0</version>
    <title>
        <en>Amazone ZATS3200 JM Custom</en>
    </title>

    <description>
<en><![CDATA[
Amazone ZATS3200
-Lime support
-Added extra capacities.

]]></en>
    </description>

    <iconFilename>store_zats3200.dds</iconFilename>

    <multiplayer supported="true"/>

    <storeItems>
        <storeItem xmlFilename="zats3200.xml"/>
    </storeItems>
</modDesc>