﻿<?xml version="1.0" encoding="utf-8" standalone="no"?>
<modDesc descVersion="93" xmlns:xsi="http://www.w3.org/2001/XMLSchema-instance" xsi:noNamespaceSchemaLocation="https://validation.gdn.giants-software.com/xml/fs25/modDesc.xsd">
    <author>Giants, Jeffro Mods</author>
    <version>1.0.0.0</version>
    <title>
        <en>Claas XERION 12 Edit</en>
    </title>
    <description>
<en><![CDATA[
Claas XERION 12 Edit

- Added in wider tire options for all.
- Added LSW tire option

- Added in more color options interior and exterior
-- Interior: wood grain (oak, cedar), leather, more
----Interior
----Seats
----Wheel/Armrest

-- Exterior: Matte black, matte gray, more
----Main body color
----Grills
----Rims

- Added HP options (stock HP left alone), change speed to 45mph
-----SR 520 at 520hp (60mph) ***Lower hood grill turn orange***
-----S Xtreme at 400hp (90mph) ***Lower hood grill turn red***

-Added window tint options (no tint, light tint, dark tint, darkest tint)

-Added option for fenders on/off

Have fun!
-Jeffro
]]></en>

    </description>
    <iconFilename>store_xerion12.dds</iconFilename>
    <multiplayer supported="true"/>
    <storeItems>
        <storeItem xmlFilename="xerion12.xml"/>
    </storeItems>
</modDesc>