﻿<?xml version="1.0" encoding="utf-8" standalone="no"?>
<modDesc descVersion="93" xmlns:xsi="http://www.w3.org/2001/XMLSchema-instance" xsi:noNamespaceSchemaLocation="https://validation.gdn.giants-software.com/xml/fs25/modDesc.xsd">
    <author>Giants, Jeffro Mods</author>
    <version>1.1.0.</version>
    <title>
        <en>Claas XERION 12 Edit</en>
    </title>
    <description>
<en><![CDATA[
Claas XERION 12 Edit

- Added in wider tire options
- Added Xtra Broad Crawler option
- Added LSW tire option

- Added in more color options interior and exterior
-- Interior: wood grain (oak, cedar), leather, more
----Interior
----Seats
----Steering Wheel

-- Exterior: Matte black, matte gray, more
----Main body color
----Roof
----Grills
----Rims

- Added HP options (stock HP left alone), change speed to 45mph
-----XERION 12.850 at 853hp (60mph)
-----XERION 12 XTREME at 1750hp (90mph)

- Added window tint options (no tint, light tint, dark tint, Limo tint)
- Added Sunstrip (Dark, Limo)


Have fun!
-Jeffro
]]></en>

    </description>
    <iconFilename>store_xerion12.dds</iconFilename>
    <multiplayer supported="true"/>
    <storeItems>
        <storeItem xmlFilename="xerion12.xml"/>
    </storeItems>
</modDesc>