﻿<?xml version="1.0" encoding="utf-8" standalone="no" ?>
<vehicle type="tractor" xmlns:xsi="http://www.w3.org/2001/XMLSchema-instance" xsi:noNamespaceSchemaLocation="../../../../shared/xml/schema/vehicle.xsd">
    <annotation>Copyright (C) GIANTS Software GmbH, All Rights Reserved.</annotation>

    <storeData>
        <name>ARION 470-410 CUSTOM</name>
        <specs>
            <power>90</power>
            <maxSpeed>40</maxSpeed>
        </specs>
        <functions>
            <function>$l10n_function_tractor</function>
            <function>$l10n_function_tractorFrontloader</function>
        </functions>
        <image>i3d/store_arion400.png</image>
        <price>91500</price>
        <lifetime>600</lifetime>
        <rotation>0</rotation>
        <brand>CLAAS</brand>
        <category>tractorsS</category>
        <shopTranslationOffset>0 0.003 0</shopTranslationOffset>
        <shopRotationOffset>1.098 0 0</shopRotationOffset>
        <vertexBufferMemoryUsage>4350208</vertexBufferMemoryUsage>
        <indexBufferMemoryUsage>1828096</indexBufferMemoryUsage>
        <textureMemoryUsage>2424832</textureMemoryUsage>
        <instanceVertexBufferMemoryUsage>0</instanceVertexBufferMemoryUsage>
        <instanceIndexBufferMemoryUsage>0</instanceIndexBufferMemoryUsage>
        <audioMemoryUsage>339669</audioMemoryUsage>
    </storeData>

    <base>
        <typeDesc>$l10n_typeDesc_tractor</typeDesc>
        <filename>i3d/arion400.i3d</filename>
        <sounds filename="$data/vehicles/claas/arion400/sounds/arion400.xml"/>
        <size width="2.55" length="4.25" height="2.85" lengthOffset="0.05"/>
        <components>
            <component centerOfMass="0 0.8 -1" solverIterationCount="10" mass="2170" />
            <component centerOfMass="0 0 0" solverIterationCount="25" mass="2000" />
            <joint component1="1" component2="2" node="componentJointAxle" rotLimit="0 0 5" rotLimitSpring="0 0 4000" rotLimitDamping="0 0 10" maxRotDriveForce="0 0 10" rotDriveRotation="0 0 0" rotDriveSpring="0 0 10" rotDriveDamping="0 0 10" breakable="false"/>
        </components>
        <schemaOverlay attacherJointPosition="0 0" name="VEHICLE" />
        <mapHotspot type="TRACTOR" />
    </base>

    <wheels>
        <wheelConfigurations tireCategories="TRACTOR">
            <wheelConfiguration name="$l10n_configuration_valueDefault" price="0" saveId="DEFAULT" numDynamicConfigurations="1">
                <wheels autoRotateBackSpeed="2.1">
                    <wheel dimensions="420_70R28" isLeft="true" hasTireTracks="true" hasParticles="true">
                        <physics rotSpeed="1" restLoad="1.3" repr="wheelFrontLeftReprPhys"  driveNode="wheelFrontLeft"  forcePointRatio="0.4" initialCompression="8" suspTravel="0.1" spring="15" damper="25" transRatio="1" xOffset="0.002" yOffset="0.025"/>
                        <steering node="steeringBar" nodeMinTransX="0.125" nodeMaxTransX="-0.125"/>
                        <fender node="wheelFrontLeftFender" rotMax="15"/>
                    </wheel>
                    <wheel dimensions="420_70R28" isLeft="false" hasTireTracks="true" hasParticles="true">
                        <physics rotSpeed="1" restLoad="1.3" repr="wheelFrontRightReprPhys" driveNode="wheelFrontRight" forcePointRatio="0.4" initialCompression="8" suspTravel="0.1" spring="15" damper="25" transRatio="1" xOffset="0.002" yOffset="0.025"/>
                        <fender node="wheelFrontRightFender" rotMin="-15"/>
                    </wheel>
                    <wheel dimensions="520_70R38" isLeft="true" hasTireTracks="true" hasParticles="true">
                        <physics rotSpeed="0" restLoad="1.4" repr="wheelBackLeft"  forcePointRatio="0.3" initialCompression="8" suspTravel="0.12" spring="40" damper="35" yOffset="0.04"/>
                    </wheel>
                    <wheel dimensions="520_70R38" isLeft="false" hasTireTracks="true" hasParticles="true">
                        <physics rotSpeed="0" restLoad="1.4" repr="wheelBackRight" forcePointRatio="0.3" initialCompression="8" suspTravel="0.12" spring="40" damper="35" yOffset="0.04"/>
                    </wheel>
                </wheels>
                <objectChange node="fendersSide" visibilityActive="false" visibilityInactive="false"/>
                <objectChange node="fendersBack" visibilityActive="false" visibilityInactive="false"/>
                <objectChange node="wheelFrontLeftFenderSmall"  visibilityActive="true"  visibilityInactive="false"/>
                <objectChange node="wheelFrontRightFenderSmall" visibilityActive="true"  visibilityInactive="false"/>
                <objectChange node="wheelFrontLeftFenderBroad"  visibilityActive="false" visibilityInactive="false"/>
                <objectChange node="wheelFrontRightFenderBroad" visibilityActive="false" visibilityInactive="false"/>
            </wheelConfiguration>
            <wheelConfiguration name="$l10n_configuration_valueWheelWeights" price="3000" saveId="WEIGHTS" numDynamicConfigurations="1">
                <wheels baseConfig="DEFAULT">
                    <wheel/>
                    <wheel/>
                    <wheel configId="weight3"/>
                    <wheel configId="weight3"/>
                </wheels>
            </wheelConfiguration>

            <wheelConfiguration name="$l10n_configuration_valueWheelBroad" price="2000" saveId="BROAD" numDynamicConfigurations="1">
                <wheels baseConfig="DEFAULT">
                    <wheel dimensions="480_65R28"/>
                    <wheel dimensions="480_65R28"/>
                    <wheel dimensions="600_65R38"/>
                    <wheel dimensions="600_65R38"/>
                </wheels>
                <objectChange node="wheelFrontLeftFenderSmall"  visibilityActive="false"  visibilityInactive="false"/>
                <objectChange node="wheelFrontRightFenderSmall" visibilityActive="false"  visibilityInactive="false"/>
                <objectChange node="fendersSide" visibilityActive="true" visibilityInactive="false"/>
                <objectChange node="fendersBack" visibilityActive="true" visibilityInactive="false"/>
                <objectChange node="wheelFrontLeftFenderBroad"  visibilityActive="true"  visibilityInactive="false"/>
                <objectChange node="wheelFrontRightFenderBroad" visibilityActive="true"  visibilityInactive="false"/>
            </wheelConfiguration>
            <wheelConfiguration name="$l10n_configuration_valueWheelBroadWeights" price="5000" saveId="BROAD_WEIGHTS" numDynamicConfigurations="1">
                <wheels baseConfig="BROAD">
                    <wheel/>
                    <wheel/>
                    <wheel configId="weight3"/>
                    <wheel configId="weight3"/>
                </wheels>
            </wheelConfiguration>

<!-- Added wheels -->
			 <wheelConfiguration name="$l10n_configuration_valueWheelBroad" price="2000" saveId="BROAD2" numDynamicConfigurations="1">
                <wheels baseConfig="DEFAULT">
                    <wheel dimensions="480_65R28"/>
                    <wheel dimensions="480_65R28"/>
                    <wheel dimensions="600_65R38"/>
                    <wheel dimensions="600_65R38"/>
                </wheels>
				<objectChange node="wheelFrontLeft" 		translationActive="0.07 0 0"							scaleActive="1.25 1.0 1.0"/>
				<objectChange node="wheelFrontRight" 		translationActive="-0.07 0 0"							scaleActive="1.25 1.0 1.0"/>
				<objectChange node="wheelBackLeft" 			translationActive="1.05 0.81 -1.19"						scaleActive="1.5 1.0 1.0"/>
				<objectChange node="wheelBackRight" 		translationActive="-1.05 0.81 -1.19"							scaleActive="1.5 1.0 1.0"/>
                <objectChange node="wheelFrontLeftFenderSmall"  visibilityActive="false"  visibilityInactive="false"/>
                <objectChange node="wheelFrontRightFenderSmall" visibilityActive="false"  visibilityInactive="false"/>
                <objectChange node="fendersSide" visibilityActive="true" visibilityInactive="false"/>
                <objectChange node="fendersBack" visibilityActive="true" visibilityInactive="false"/>
                <objectChange node="wheelFrontLeftFenderBroad"  visibilityActive="true"  visibilityInactive="false"/>
                <objectChange node="wheelFrontRightFenderBroad" visibilityActive="true"  visibilityInactive="false"/>
            </wheelConfiguration>
            <wheelConfiguration name="$l10n_configuration_valueWheelBroadWeights" price="5000" saveId="BROAD_WEIGHTS2" numDynamicConfigurations="1">
                <wheels baseConfig="BROAD2">
                    <wheel/>
                    <wheel/>
                    <wheel configId="weight3"/>
                    <wheel configId="weight3"/>
                </wheels>
            </wheelConfiguration>
			<wheelConfiguration name="$l10n_configuration_valueWheelBroad" price="2000" saveId="BROAD3" numDynamicConfigurations="1">
                <wheels baseConfig="DEFAULT" >
                    <wheel dimensions="520_60R28"/>
                    <wheel dimensions="520_60R28"/>
                    <wheel dimensions="710_60R38"/>
                    <wheel dimensions="710_60R38"/>
                </wheels>
                <objectChange node="wheelFrontLeft" 		translationActive="0.07 0 0"							scaleActive="1.25 1.0 1.0"/>
				<objectChange node="wheelFrontRight" 		translationActive="-0.07 0 0"							scaleActive="1.25 1.0 1.0"/>
				<objectChange node="wheelBackLeft" 			translationActive="1.05 0.71 -1.23"						scaleActive="1.5 1.0 1.0"/>
				<objectChange node="wheelBackRight" 		translationActive="-1.05 0.71 -1.23"							scaleActive="1.5 1.0 1.0"/>

				<objectChange node="wheelFrontLeftFenderSmall"  visibilityActive="false"  visibilityInactive="false"/>
                <objectChange node="wheelFrontRightFenderSmall" visibilityActive="false"  visibilityInactive="false"/>
                <objectChange node="fendersSide" visibilityActive="true" visibilityInactive="false"/>
                <objectChange node="fendersBack" visibilityActive="true" visibilityInactive="false"/>
                <objectChange node="wheelFrontLeftFenderBroad"  visibilityActive="true"  visibilityInactive="false"/>
                <objectChange node="wheelFrontRightFenderBroad" visibilityActive="true"  visibilityInactive="false"/>
            </wheelConfiguration>
			<wheelConfiguration name="$l10n_configuration_valueWheelBroadWeights" price="5000" saveId="BROAD_WEIGHTS3" numDynamicConfigurations="1">
                <wheels baseConfig="BROAD3" >
                    <wheel/>
                    <wheel/>
                    <wheel configId="weight3"/>
                    <wheel configId="weight3"/>
                </wheels>
            </wheelConfiguration>
<!-- Added wheels -->

            <wheelConfiguration name="$l10n_configuration_valueWheelNarrow" price="1000" saveId="NARROW" numDynamicConfigurations="1">
                <wheels baseConfig="DEFAULT" isCareWheelConfiguration="true">
                    <wheel dimensions="380_85R28 14_9R28"/>
                    <wheel dimensions="380_85R28 14_9R28"/>
                    <wheel dimensions="460_85R38 18_4R38"/>
                    <wheel dimensions="460_85R38 18_4R38"/>
                </wheels>
            </wheelConfiguration>
            <wheelConfiguration name="$l10n_configuration_valueTwinWheelsBackNarrow" price="3000" saveId="TWIN_BACK_NARROW" numDynamicConfigurations="1">
                <wheels baseConfig="NARROW">
                    <wheel/>
                    <wheel/>
                    <wheel>
                        <additionalWheel configId="dual" offset="0.25">
                            <connector filename="$data/shared/wheels/rims/dual001_2.xml"/>
                        </additionalWheel>
                    </wheel>
                    <wheel>
                        <additionalWheel configId="dual" offset="0.25">
                            <connector filename="$data/shared/wheels/rims/dual001_2.xml"/>
                        </additionalWheel>
                    </wheel>
                </wheels>

            </wheelConfiguration>
            <wheelConfiguration name="$l10n_configuration_valueTwinWheelsNarrow" price="6000" saveId="TWIN_ALL_NARROW" numDynamicConfigurations="1">
                <wheels baseConfig="NARROW" ackermannSteeringIndex="2">
                    <wheel>
                        <additionalWheel configId="dual" offset="0.25">
                            <connector filename="$data/shared/wheels/rims/dual001_2.xml"/>
                        </additionalWheel>
                    </wheel>
                    <wheel>
                        <additionalWheel configId="dual" offset="0.25">
                            <connector filename="$data/shared/wheels/rims/dual001_2.xml"/>
                        </additionalWheel>
                    </wheel>
                    <wheel>
                        <additionalWheel configId="dual" offset="0.25">
                            <connector filename="$data/shared/wheels/rims/dual001_2.xml"/>
                        </additionalWheel>
                    </wheel>
                    <wheel>
                        <additionalWheel configId="dual" offset="0.25">
                            <connector filename="$data/shared/wheels/rims/dual001_2.xml"/>
                        </additionalWheel>
                    </wheel>
                </wheels>
            </wheelConfiguration>

            <wheelConfiguration name="$l10n_configuration_valueTwinWheelsBack" price="5000" saveId="TWIN_BACK" numDynamicConfigurations="1">
            <tireCombination brand="NOKIAN" names="-"/>
                <wheels baseConfig="DEFAULT">
                    <wheel/>
                    <wheel/>
                    <wheel>
                        <additionalWheel configId="dual" offset="0.1">
                            <connector filename="$data/shared/wheels/rims/dual001_2.xml"/>
                        </additionalWheel>
                    </wheel>
                    <wheel>
                        <additionalWheel configId="dual" offset="0.1">
                            <connector filename="$data/shared/wheels/rims/dual001_2.xml"/>
                        </additionalWheel>
                    </wheel>
                </wheels>
            </wheelConfiguration>
            <wheelConfiguration name="$l10n_configuration_valueTwinWheelsAll" price="8000" saveId="TWIN_ALL" numDynamicConfigurations="1">
            <tireCombination brand="NOKIAN" names="-"/>
                <wheels baseConfig="DEFAULT" ackermannSteeringIndex="2">
                    <wheel>
                        <additionalWheel configId="dual" offset="0.1">
                            <connector filename="$data/shared/wheels/rims/dual001_2.xml"/>
                        </additionalWheel>
                    </wheel>
                    <wheel>
                        <additionalWheel configId="dual" offset="0.1">
                            <connector filename="$data/shared/wheels/rims/dual001_2.xml"/>
                        </additionalWheel>
                    </wheel>
                    <wheel>
                        <additionalWheel configId="dual" offset="0.1">
                            <connector filename="$data/shared/wheels/rims/dual001_2.xml"/>
                        </additionalWheel>
                    </wheel>
                    <wheel>
                        <additionalWheel configId="dual" offset="0.1">
                            <connector filename="$data/shared/wheels/rims/dual001_2.xml"/>
                        </additionalWheel>
                    </wheel>
                </wheels>
            </wheelConfiguration>

            <wheelConfiguration name="$l10n_configuration_valueWheelCommunal" price="1000" saveId="COMMUNAL" tireCategories="TRACTOR_COMMUNAL" numDynamicConfigurations="1">
                <wheels baseConfig="DEFAULT">
                    <wheel dimensions="480_65R28"/>
                    <wheel dimensions="480_65R28"/>
                    <wheel dimensions="600_65R38"/>
                    <wheel dimensions="600_65R38"/>
                </wheels>
            </wheelConfiguration>
        </wheelConfigurations>

        <rimMaterial materialTemplateName="CLAAS_RED1"/>
        <hubMaterial materialTemplateName="CLAAS_DARKGREY2"/>

        <hubs>
            <hub linkNode="wheelFrontLeft"  filename="$data/shared/wheels/hubs/hub_n10_17.xml" isLeft="true"  scale="0.25 0.33 0.33" offset="0.01"/>
            <hub linkNode="wheelFrontRight" filename="$data/shared/wheels/hubs/hub_n10_17.xml" isLeft="false" scale="0.25 0.33 0.33" offset="0.01"/>
            <hub linkNode="wheelBackLeft"   filename="$data/shared/wheels/hubs/hub_n8_2.xml"   isLeft="true"  scale="0.28 0.28 0.28" offset="0.003"/>
            <hub linkNode="wheelBackRight"  filename="$data/shared/wheels/hubs/hub_n8_2.xml"   isLeft="false" scale="0.28 0.28 0.28" offset="0.003"/>
        </hubs>

        <ackermannSteeringConfigurations>
            <ackermannSteering rotSpeed="40" rotMax="35" rotCenterWheel1="3" rotCenterWheel2="4" />
            <ackermannSteering rotSpeed="40" rotMax="26" rotCenterWheel1="3" rotCenterWheel2="4" />
        </ackermannSteeringConfigurations>
    </wheels>

    <speedRotatingParts>
        <speedRotatingPart node="wheelFrontLeftPart" wheelIndex="1"/>
        <speedRotatingPart node="wheelFrontLeftDriveShaft" wheelIndex="1" wheelScale="5" />
        <speedRotatingPart node="driveShaftLeft01" wheelIndex="1" wheelScale="5" />
        <speedRotatingPart node="driveShaftLeft02" wheelIndex="1" wheelScale="5" />
        <speedRotatingPart node="wheelFrontRightPart" wheelIndex="2"/>
        <speedRotatingPart node="wheelFrontRightDriveShaft" wheelIndex="2" wheelScale="5" />
        <speedRotatingPart node="driveShaftRight01" wheelIndex="2" wheelScale="5" />
        <speedRotatingPart node="driveShaftRight02" wheelIndex="2" wheelScale="5" />
    </speedRotatingParts>

    <lights>
        <states>
            <state lightTypes="0" />
            <state lightTypes="0 1" />
            <state lightTypes="0 1 2" />
        </states>

        <realLights>
            <low>
                <light node="frontLightLow" lightTypes="0" excludedLightTypes="2 3" />
                <light node="workLightBackLow" lightTypes="1"/>
                <light node="workLightFrontLow" lightTypes="2"/>
                <light node="highBeamLow" lightTypes="3" />
            </low>

            <high>
                <light node="frontLightHighTop" lightTypes="0" excludedLightTypes="2 3" isTopLight="true"/>
                <light node="frontLightHighBottom" lightTypes="0" excludedLightTypes="2 3" isBottomLight="true"/>
                <light node="licensePlateLightHigh" lightTypes="0"/>
                <light node="workLightBackHigh" lightTypes="1"/>
                <light node="workLightFrontHigh" lightTypes="2"/>
                <light node="highBeamHighTop" lightTypes="3" isTopLight="true"/>
                <light node="highBeamHighBottom" lightTypes="3" isBottomLight="true"/>
                <light node="backLightsHigh" lightTypes="0"/>
                <brakeLight node="backLightsHigh" />
                <turnLightLeft node="turnLightLeftFront" />
                <turnLightRight node="turnLightRightFront" />
                <interiorLight node="interiorScreenLight01"/>
                <interiorLight node="interiorScreenLight02"/>
            </high>
        </realLights>

        <staticLightCompounds>
            <staticLightCompound>
                <node node="arion400Lights_static" intensity="5"/>
                <node node="arion400LightsGlass_static" intensity="1"/>
                <node node="arion400LightsDefault_static" intensity="5" isBottomLight="true"/>
                <node node="arion400LightsGlassDefault_static" intensity="1" isBottomLight="true"/>
                <node node="arion400LightsHighBeam_static" intensity="5" isBottomLight="true"/>
                <node node="arion400LightsGlassHighBeam_static" intensity="1" isBottomLight="true"/>
                <node node="arion400LightsCabin_static" intensity="5"/>
                <node node="arion400LightsCabinGlass_static" intensity="1"/>
                <node node="arion400LightsLicensePlate_static" intensity="5"/>
                <node node="arion400LightsLicensePlateGlass_static" intensity="1"/>
            </staticLightCompound>
        </staticLightCompounds>

        <beaconLights>
            <beaconLight node="beaconLight08_01" filename="$data/shared/assets/beaconLights/lizard/beaconLight08.xml" mountType="SURFACE" variationName="ROTATE"/>
            <beaconLight node="beaconLight08_02" filename="$data/shared/assets/beaconLights/lizard/beaconLight08.xml" mountType="SURFACE" variationName="ROTATE"/>
        </beaconLights>

        <dashboards>
            <dashboard displayType="EMITTER" valueType="turnLightLeft" node="iconTurnLightLeft_decal" baseColor="SHARED_BLACK4" emitColor="GREEN" groups="MOTOR_ACTIVE"/>
            <dashboard displayType="EMITTER" valueType="turnLightRight" node="iconTurnLightRight_decal" baseColor="SHARED_BLACK4" emitColor="GREEN" groups="MOTOR_ACTIVE"/>
            <dashboard displayType="EMITTER" valueType="turnLightAny" node="iconTurnLightTrailer01_decal" baseColor="SHARED_BLACK4" emitColor="GREEN" groups="MOTOR_ACTIVE FRONT_ATTACHMENT"/>
            <dashboard displayType="EMITTER" valueType="turnLightAny" node="iconTurnLightTrailer02_decal" baseColor="SHARED_BLACK4" emitColor="GREEN" groups="MOTOR_ACTIVE BACK_ATTACHMENT"/>
            <dashboard displayType="EMITTER" valueType="turnLightHazard" node="iconTurnLightHazard_decal" intensity="0.3"/>
            <dashboard displayType="ROT" valueType="turnLight" node="leverTurnLight" minRot="15 0 0" maxRot="-15 0 0" doInterpolation="true" />
            <dashboard displayType="ROT" valueType="turnLightHazard" node="switchTurnLightHazard" minRot="0 0 0" maxRot="0 0 -25"/>

            <dashboard displayType="ROT" valueType="lightState" node="switchDefaultLight02" minRot="0 0 0" maxRot="0 0 -25" lightTypes="0"/>
            <dashboard displayType="ROT" valueType="lightState" node="switchWorkLightFront01" minRot="0 0 0" maxRot="0 0 -25" lightTypes="2"/>
            <dashboard displayType="ROT" valueType="lightState" node="switchWorkLightFront02" minRot="0 0 0" maxRot="0 0 -25" lightTypes="2"/>
            <dashboard displayType="ROT" valueType="lightState" node="switchWorkLightBack" minRot="0 0 0" maxRot="0 0 -25" lightTypes="1"/>
            <dashboard displayType="ROT" valueType="lightState" node="leverTurnLightHighBeam" minRot="0 0 0" maxRot="0 -15 0" lightTypes="3"/>

            <dashboard displayType="EMITTER" valueType="lightState" node="needleTemperature_decal" intensity="0.3" lightTypes="0" groups="MOTOR_ACTIVE"/>
            <dashboard displayType="EMITTER" valueType="lightState" node="needleRPM_decal" intensity="0.3" lightTypes="0" groups="MOTOR_ACTIVE"/>
            <dashboard displayType="EMITTER" valueType="lightState" node="needleFuel_decal" intensity="0.3" lightTypes="0" groups="MOTOR_ACTIVE"/>
            <dashboard displayType="EMITTER" valueType="lightState" node="iconDefaultLight02_decal" intensity="0.3" lightTypes="0" groups="MOTOR_ACTIVE"/>
            <dashboard displayType="EMITTER" valueType="lightState" node="iconHighBeam_decal" baseColor="SHARED_BLACK4" emitColor="BLUE" intensity="0.3" lightTypes="3" groups="MOTOR_ACTIVE"/>
            <dashboard displayType="EMITTER" valueType="lightState" node="iconWorkLightFront01_decal" intensity="0.3" lightTypes="2" groups="MOTOR_ACTIVE"/>
            <dashboard displayType="EMITTER" valueType="lightState" node="iconWorkLightFront02_decal" intensity="0.3" lightTypes="2" groups="MOTOR_ACTIVE"/>
            <dashboard displayType="EMITTER" valueType="lightState" node="iconWorkLightBack_decal" intensity="0.3" lightTypes="1" groups="MOTOR_ACTIVE"/>
            <dashboard displayType="EMITTER" valueType="beaconLight" node="iconBeaconLight_decal" intensity="0.3" groups="MOTOR_ACTIVE"/>
            <dashboard displayType="EMITTER" valueType="lightState" node="iconsSeat_decals" intensity="0.3" lightTypes="0" groups="MOTOR_ACTIVE"/>
            <dashboard displayType="EMITTER" valueType="lightState" node="iconsJoystick_decals" intensity="0.3" lightTypes="0" groups="MOTOR_ACTIVE"/>
        </dashboards>
    </lights>

    <licensePlates>
        <licensePlate node="licensePlateFront" position="FRONT" preferedType="SQUARISH" placementArea="0.25 0.25 0.15 0.25">
            <objectChange node="licensePlateHolderFront" visibilityActive="true" visibilityInactive="false"/>
        </licensePlate>
        <licensePlate node="licensePlateBack" position="BACK" preferedType="SQUARISH" placementArea="0.25 0.25 0.15 0.25">
            <objectChange node="licensePlateHolderBack" visibilityActive="true" visibilityInactive="false"/>
        </licensePlate>
    </licensePlates>

    <attacherJoints comboDuration="2">
        <attacherJoint node="attacherJointBack" upperRotationOffset="-0.11" lowerRotationOffset="-0.12" moveTime="2.5" comboTime="1">
            <distanceToGround lower="0.32" upper="1.10" />
            <rotationNode node="attacherJointBackRot" lowerRotation="-18 0 0" upperRotation="33 0 0" />
            <rotationNode2 node="attacherJointBackRot2" />
            <bottomArm rotationNode="attacherJointBackArmBottom" translationNode="attacherJointBackArmBottomTrans" referenceNode="referencePointBackBottom" zScale="-1" startRotation="-7 0 0" categoryRange="1 4">
                <armLeft node="attacherJointBackArmBottomLeft" referenceNode="attacherJointBackArmBottomLeftRef"/>
                <armRight node="attacherJointBackArmBottomRight" referenceNode="attacherJointBackArmBottomRightRef"/>
            </bottomArm>
            <topArm baseNode="attacherJointBackArmTop" filename="$data/shared/assets/upperLinks/walterscheidSO_65_660.xml" mountArmRotation="95 0 0" zScale="-1" materialTemplateName="CLAAS_DARKGREY2" materialTemplateName2="silverScratched" secondPartUseMainColor="false" decalMaterialTemplateName="SHARED_WHITE1"/>
            <schema position="1 0" rotation="0" invertX="false" />
            <visuals hide="trailerAttacherBack trailerAttacherBackLow"/>
            <additionalToolConnection id="SIDE_MOUNT" node="sideMountLinkage" />
        </attacherJoint>

        <attacherJoint node="attacherJointFront" upperRotationOffset="0.12" moveTime="2.5" comboTime="0">
            <distanceToGround lower="0.32" upper="1.10" />
            <rotationNode node="attacherJointFrontRot" lowerRotation="20.5 0 0" upperRotation="-35 0 0" />
            <rotationNode2 node="attacherJointFrontRot2" />
            <bottomArm rotationNode="attacherJointFrontArmBottom" translationNode="attacherJointFrontArmBottomTrans" referenceNode="referencePointFrontBottom" zScale="1" startRotation="-20 0 0" categoryRange="2"/>
            <topArm baseNode="attacherJointFrontArmTop" filename="$data/shared/assets/upperLinks/walterscheidSO_65_460.xml" zScale="1" materialTemplateName="CLAAS_DARKGREY2" materialTemplateName2="silverScratched" secondPartUseMainColor="false" toggleVisibility="true" decalMaterialTemplateName="SHARED_WHITE1"/>
            <schema position="1 0" rotation="0" invertX="true" />
            <objectChange node="lowerLinkLeft" rotationActive="0 0 0" rotationInactive="-60 0 0" />
            <objectChange node="lowerLinkRight" rotationActive="0 0 0" rotationInactive="-60 0 0" />
        </attacherJoint>

        <attacherJoint node="trailerAttacherJointBack" jointType="trailer" lowerRotLimit="25 65 50" allowsJointLimitMovement="false" comboTime="1">
            <distanceToGround lower="0.59" upper="1.11" />
            <transNode node="trailerAttacherBack" minY="0.573" maxY="1.087" height="0.25">
                <dependentBottomArm node="attacherJointBackArmBottom" threshold="0.7" rotation="35 0 0"/>
            </transNode>
            <schema position="1 0" rotation="0" invertX="false" />
            <visuals nodes="trailerAttacherBack" hide="trailerAttacherBackLow"/>
        </attacherJoint>

        <attacherJoint node="trailerAttacherJointBackLow" jointType="trailerLow" lowerRotLimit="25 55 50" lowerTransLimit="0 0 0" allowsJointLimitMovement="false" comboTime="1">
            <distanceToGround lower="0.60" upper="1.11" />
            <transNode node="trailerAttacherBackLow" minY="0.57" maxY="1.092">
                <dependentBottomArm node="attacherJointBackArmBottom" rotation="35 0 0"/>
            </transNode>
            <schema position="1 0" rotation="0" invertX="false" />
            <visuals nodes="trailerAttacherBackLow" hide="trailerAttacherBack"/>
            <steeringBars leftNode="steeringBarTrailerLeft" rightNode="steeringBarTrailerRight" />
        </attacherJoint>

        <attacherJoint node="trailerAttacherJointFront" jointType="trailer" lowerRotLimit="25 60 50" lowerTransLimit="0 0 0" allowsJointLimitMovement="false" comboTime="0">
            <schema position="1 0" rotation="0" invertX="true" />
            <objectChange node="lowerLinkLeft" visibilityActive="false" visibilityInactive="true" />
            <objectChange node="lowerLinkRight" visibilityActive="false" visibilityInactive="true" />
        </attacherJoint>
    </attacherJoints>

    <frontloaderConfigurations>
        <frontloaderConfiguration name="$l10n_ui_no" price="0"/>
        <frontloaderConfiguration name="Quicke" price="1500" displayBrand="QUICKE">
            <attacherJoint node="attacherJointFrontloaderQuicke" jointType="attachableFrontloader" lowerTransLimit="0 0 0" lowerRotLimit="0 0 0" moveTime="2" frontAxisLimitJoint="false">
                <schema position="0.8 0" rotation="0" invertX="true" />
            </attacherJoint>
            <objectChange node="consoleFrontloader" visibilityActive="true" visibilityInactive="false" />
            <objectChange node="frontloaderConsoleQuicke" visibilityActive="true" visibilityInactive="false" />
        </frontloaderConfiguration>
        <frontloaderConfiguration name="Hauer" price="1500" displayBrand="HAUER">
            <attacherJoint node="attacherJointFrontloaderHauer" jointType="attachableFrontloader" lowerTransLimit="0 0 0" lowerRotLimit="0 0 0" moveTime="2" frontAxisLimitJoint="false">
                <schema position="0.8 0" rotation="0" invertX="true" />
            </attacherJoint>
            <objectChange node="consoleFrontloader" visibilityActive="true" visibilityInactive="false" />
            <objectChange node="frontloaderConsoleHauer" visibilityActive="true" visibilityInactive="false" />
        </frontloaderConfiguration>
    </frontloaderConfigurations>

    <connectionHoses>
        <!-- back -->
        <target attacherJointIndices="1 3 4" type="hydraulicIn" node="hydraulicBackIn01">
            <objectChange node="hydraulicBackIn01_cover" rotationActive="-90 0 0" rotationInactive="0 0 0"/>
        </target>
        <target attacherJointIndices="1 3 4" type="hydraulicOut" node="hydraulicBackOut01">
            <objectChange node="hydraulicBackOut01_cover" rotationActive="-90 0 0" rotationInactive="0 0 0"/>
        </target>
        <target attacherJointIndices="1 3 4" type="hydraulicIn" node="hydraulicBackIn02">
            <objectChange node="hydraulicBackIn02_cover" rotationActive="-90 0 0" rotationInactive="0 0 0"/>
        </target>
        <target attacherJointIndices="1 3 4" type="hydraulicOut" node="hydraulicBackOut02">
            <objectChange node="hydraulicBackOut02_cover" rotationActive="-90 0 0" rotationInactive="0 0 0"/>
        </target>
        <target attacherJointIndices="1 3 4" type="hydraulicIn" node="hydraulicBackIn03">
            <objectChange node="hydraulicBackIn03_cover" rotationActive="-90 0 0" rotationInactive="0 0 0"/>
        </target>
        <target attacherJointIndices="1 3 4" type="hydraulicOut" node="hydraulicBackOut03">
            <objectChange node="hydraulicBackOut03_cover" rotationActive="-90 0 0" rotationInactive="0 0 0"/>
        </target>
        <target attacherJointIndices="1 3 4" type="hydraulicIn" node="hydraulicBackIn04">
            <objectChange node="hydraulicBackIn04_cover" rotationActive="-90 0 0" rotationInactive="0 0 0"/>
        </target>
        <target attacherJointIndices="1 3 4" type="hydraulicOut" node="hydraulicBackOut04">
            <objectChange node="hydraulicBackOut04_cover" rotationActive="-90 0 0" rotationInactive="0 0 0"/>
        </target>
        <target attacherJointIndices="1 3 4" type="electric" node="electricBack_socket" socket="electric"/>
        <target attacherJointIndices="1 3 4" type="isobus" node="isobus_socket" socket="isobus"/>
        <target attacherJointIndices="1 3 4" type="airDoubleRed" node="airRed_socket" socket="air_red"/>
        <target attacherJointIndices="1 3 4" type="airDoubleYellow" node="airYellow_socket" socket="air_yellow"/>

        <!-- front -->
        <target attacherJointIndices="2 5" type="hydraulicIn" node="hydraulicFrontIn01">
            <objectChange node="hydraulicFrontIn01_cover" rotationActive="-90 0 0" rotationInactive="0 0 0"/>
        </target>
        <target attacherJointIndices="2 5" type="hydraulicOut" node="hydraulicFrontOut01">
            <objectChange node="hydraulicFrontOut01_cover" rotationActive="-90 0 0" rotationInactive="0 0 0"/>
        </target>
        <target attacherJointIndices="2 5" type="hydraulicIn" node="hydraulicFrontIn02">
            <objectChange node="hydraulicFrontIn02_cover" rotationActive="-90 0 0" rotationInactive="0 0 0"/>
        </target>
        <target attacherJointIndices="2 5" type="electric" node="electricFront_socket" socket="electric"/>

        <toolConnectorHose mountingNode="rightPipe">
            <startTarget attacherJointIndices="2 5" type="TOOL_CONNECTOR_TOP_RIGHT" node="rightPipe_frontConnector"/>
            <endTarget attacherJointIndices="1 3 4" type="TOOL_CONNECTOR_TOP_RIGHT" node="rightPipe_backConnector"/>
        </toolConnectorHose>

        <toolConnectorHose mountingNode="bottomPipe01">
            <startTarget attacherJointIndices="2 5" type="TOOL_CONNECTOR_BOTTOM_01" node="bottomPipe01_frontConnector"/>
            <endTarget attacherJointIndices="1 3 4" type="TOOL_CONNECTOR_BOTTOM_01" node="bottomPipe01_backConnector"/>
        </toolConnectorHose>

        <toolConnectorHose mountingNode="bottomPipe02">
            <startTarget attacherJointIndices="2 5" type="TOOL_CONNECTOR_BOTTOM_02" node="bottomPipe02_frontConnector"/>
            <endTarget attacherJointIndices="1 3 4" type="TOOL_CONNECTOR_BOTTOM_02" node="bottomPipe02_backConnector"/>
        </toolConnectorHose>

        <toolConnectorHose mountingNode="bottomPipe03">
            <startTarget attacherJointIndices="2 5" type="TOOL_CONNECTOR_BOTTOM_03" node="bottomPipe03_frontConnector"/>
            <endTarget attacherJointIndices="1 3 4" type="TOOL_CONNECTOR_BOTTOM_03" node="bottomPipe03_backConnector"/>
        </toolConnectorHose>

        <toolConnectorHose mountingNode="bottomPipe04">
            <startTarget attacherJointIndices="2 5" type="TOOL_CONNECTOR_BOTTOM_04" node="bottomPipe04_frontConnector"/>
            <endTarget attacherJointIndices="1 3 4" type="TOOL_CONNECTOR_BOTTOM_04" node="bottomPipe04_backConnector"/>
        </toolConnectorHose>
    </connectionHoses>

    <powerTakeOffs>
        <output attacherJointIndices="1 3 4" outputNode="ptoBack">
            <dashboard displayType="EMITTER" valueType="state" node="iconPTOBack_decal" baseColor="SHARED_BLACK4" emitColor="YELLOW" intensity="0.3" groups="MOTOR_ACTIVE"/>
        </output>
        <output attacherJointIndices="2 5" outputNode="ptoFront">
            <dashboard displayType="EMITTER" valueType="state" node="iconPTOFront_decal" baseColor="SHARED_BLACK4" emitColor="YELLOW" intensity="0.3" groups="MOTOR_ACTIVE"/>
        </output>
    </powerTakeOffs>

    <enterable isTabbable="true">
        <enterReferenceNode node="arion400_main_component1" />
        <exitPoint node="exitPoint" />

        <cameras>
            <camera node="outdoorCamera" rotatable="true" rotateNode="outdoorCameraTarget" limit="true" useWorldXZRotation="true" rotMinX="-1.4" rotMaxX="1" transMin="3.6" transMax="40" translation="0 0 5.7" rotation="-20 180 0">
                <raycastNode node="cameraRaycastNode1"/>
                <raycastNode node="cameraRaycastNode2"/>
                <raycastNode node="cameraRaycastNode3"/>
            </camera>
            <camera node="indoorCamera" rotatable="true" limit="true" rotMinX="-1.1" rotMaxX="0.4" transMin="0" transMax="0" useMirror="true" isInside="true" shadowFocusBox="shadowFocusBox" suspensionNodeIndex="2"/>
        </cameras>

        <characterNode node="playerSkin" cameraMinDistance="0.5">
            <target ikChain="rightFoot" targetNode="playerRightFootTarget" />
            <target ikChain="leftFoot" targetNode="playerLeftFootTarget" />
            <target ikChain="rightArm" targetNode="playerRightHandTarget" poseId="narrowFingers"/>
            <target ikChain="leftArm" targetNode="playerLeftHandTarget" poseId="narrowFingers"/>
        </characterNode>

        <characterTargetNodeModifier node="playerRightFootTarget" transitionTime="0.1">
            <state node="playerRightFootTargetGas" referenceNode="pedalGas" directionReferenceNode="playerRightFootTargetGasRef" />
            <state node="playerRightFootTargetBrake" referenceNode="pedalBrake" />
        </characterTargetNodeModifier>

        <characterTargetNodeModifier node="playerLeftFootTarget" transitionTime="0.1">
            <state node="playerLeftFootTargetClutch" referenceNode="pedalClutch"/>
        </characterTargetNodeModifier>

        <mirrors>
            <mirror node="mirrorLeft_decal" prio="1" />
            <mirror node="mirrorRight" prio="1" />
            <mirror node="mirrorInterior_decal" prio="2" />
        </mirrors>

        <dashboards>
            <dashboard displayType="TEXT" valueType="time" node="numbersTime" textColor="0 0 0 1" textSize="0.011" textMask="00:00" font="DIGIT" textAlignment="CENTER" groups="MOTOR_ACTIVE"/>
        </dashboards>
    </enterable>

    <motorized>
        <consumerConfigurations>
            <consumerConfiguration>
                <consumer fillUnitIndex="1" usage="36" fillType="diesel" capacity="140"/> <!-- usage is per hour at max load and max rpm -->
                <consumer fillUnitIndex="2" usage="4.3" fillType="def" capacity="17"/> <!-- usage is per hour at max load and max rpm -->
                <consumer fillUnitIndex="3" usage="225" fillType="air" permanentConsumption="false" refillLitersPerSecond="300" refillCapacityPercentage="0.5"/> <!-- usage per second at full brake power -->
            </consumerConfiguration>
            <consumerConfiguration>
                <consumer fillUnitIndex="1" usage="40" fillType="diesel" capacity="140"/> <!-- usage is per hour at max load and max rpm -->
                <consumer fillUnitIndex="2" usage="4.7" fillType="def" capacity="17"/> <!-- usage is per hour at max load and max rpm -->
                <consumer fillUnitIndex="3" usage="225" fillType="air" permanentConsumption="false" refillLitersPerSecond="300" refillCapacityPercentage="0.5"/> <!-- usage per second at full brake power -->
            </consumerConfiguration>
            <consumerConfiguration>
                <consumer fillUnitIndex="1" usage="46" fillType="diesel"/> <!-- usage is per hour at max load and max rpm -->
                <consumer fillUnitIndex="2" usage="5.2" fillType="def"/> <!-- usage is per hour at max load and max rpm -->
                <consumer fillUnitIndex="3" usage="225" fillType="air" permanentConsumption="false" refillLitersPerSecond="300" refillCapacityPercentage="0.5"/> <!-- usage per second at full brake power -->
            </consumerConfiguration>
            <consumerConfiguration>
                <consumer fillUnitIndex="1" usage="50" fillType="diesel"/> <!-- usage is per hour at max load and max rpm -->
                <consumer fillUnitIndex="2" usage="5.6" fillType="def"/> <!-- usage is per hour at max load and max rpm -->
                <consumer fillUnitIndex="3" usage="225" fillType="air" permanentConsumption="false" refillLitersPerSecond="300" refillCapacityPercentage="0.5"/> <!-- usage per second at full brake power -->
            </consumerConfiguration>
            <consumerConfiguration>
                <consumer fillUnitIndex="1" usage="54" fillType="diesel"/> <!-- usage is per hour at max load and max rpm -->
                <consumer fillUnitIndex="2" usage="6.1" fillType="def"/> <!-- usage is per hour at max load and max rpm -->
                <consumer fillUnitIndex="3" usage="225" fillType="air" permanentConsumption="false" refillLitersPerSecond="300" refillCapacityPercentage="0.5"/> <!-- usage per second at full brake power -->
            </consumerConfiguration>
            <consumerConfiguration>
                <consumer fillUnitIndex="1" usage="58" fillType="diesel"/> <!-- usage is per hour at max load and max rpm -->
                <consumer fillUnitIndex="2" usage="6.6" fillType="def"/> <!-- usage is per hour at max load and max rpm -->
                <consumer fillUnitIndex="3" usage="225" fillType="air" permanentConsumption="false" refillLitersPerSecond="300" refillCapacityPercentage="0.5"/> <!-- usage per second at full brake power -->
            </consumerConfiguration>
            <consumerConfiguration>
                <consumer fillUnitIndex="1" usage="62" fillType="diesel"/> <!-- usage is per hour at max load and max rpm -->
                <consumer fillUnitIndex="2" usage="7.1" fillType="def"/> <!-- usage is per hour at max load and max rpm -->
                <consumer fillUnitIndex="3" usage="225" fillType="air" permanentConsumption="false" refillLitersPerSecond="300" refillCapacityPercentage="0.5"/> <!-- usage per second at full brake power -->
            </consumerConfiguration>
        </consumerConfigurations>

        <differentialConfigurations>
            <differentialConfiguration>
                <differentials>
                    <differential torqueRatio="0.5" maxSpeedRatio="1.5" wheelIndex1="1" wheelIndex2="2" />
                    <differential torqueRatio="0.5" maxSpeedRatio="1.6" wheelIndex1="3" wheelIndex2="4" />
                    <differential torqueRatio="0.5" maxSpeedRatio="1.3" differentialIndex1="1" differentialIndex2="2" />
                </differentials>
            </differentialConfiguration>
        </differentialConfigurations>

        <motorConfigurations>
            <motorConfiguration name="ARION 410" hp="90" price="0" consumerConfigurationIndex="1">
                <motor torqueScale="0.38" minRpm="850" maxRpm="2200" maxForwardSpeed="42" maxBackwardSpeed="42" brakeForce="3.7" lowBrakeForceScale="0.1" dampingRateScale="0.17">
                    <torque normRpm="0.45" torque="0.9"/>
                    <torque normRpm="0.5" torque="0.97"/>
                    <torque normRpm="0.59" torque="1"/>
                    <torque normRpm="0.72" torque="1"/>
                    <torque normRpm="0.86" torque="0.88"/>
                    <torque normRpm="1" torque="0.72"/>
                </motor>
                <transmission autoGearChangeTime="0.0" gearChangeTime="0.0" startGearThreshold="0.7" axleRatio="0.96" name="$l10n_info_transmission_manualWithPowerShiftGroups">
                    <directionChange useGear="false" useGroup="false" changeTime="0.3"/>
                    <groups type="POWERSHIFT" changeTime="0.1">
                        <group ratio="0.09" name="A"/>
                        <group ratio="0.24" name="B"/>
                        <group ratio="0.44" name="C"/>
                        <group ratio="1.00" name="D" isDefault="true"/>
                    </groups>

                    <forwardGear maxSpeed="21.0"/>
                    <forwardGear maxSpeed="25.0"/>
                    <forwardGear maxSpeed="29.5"/>
                    <forwardGear maxSpeed="36.0"/>
                    <forwardGear maxSpeed="41.0"/>
                    <forwardGear maxSpeed="50.0"/>
                </transmission>

                <objectChange node="engineConfig410_decal" visibilityActive="true" visibilityInactive="false"/>
            </motorConfiguration>

            <motorConfiguration name="ARION 420" hp="100" price="6000"  consumerConfigurationIndex="2">
                <motor torqueScale="0.422" dampingRateScale="0.2"/>
                <objectChange node="engineConfig420_decal" visibilityActive="true" visibilityInactive="false"/>
            </motorConfiguration>
            <motorConfiguration name="ARION 430" hp="115" price="15000" consumerConfigurationIndex="3">
                <motor torqueScale="0.485" dampingRateScale="0.25"/>
                <objectChange node="engineConfig430_decal" visibilityActive="true" visibilityInactive="false"/>
            </motorConfiguration>
            <motorConfiguration name="ARION 440" hp="125" price="21000" consumerConfigurationIndex="4">
                <motor torqueScale="0.527" dampingRateScale="0.3"/>
                <objectChange node="engineConfig440_decal" visibilityActive="true" visibilityInactive="false"/>
            </motorConfiguration>
            <motorConfiguration name="ARION 450" hp="135" price="27000" consumerConfigurationIndex="5">
                <motor torqueScale="0.57" dampingRateScale="0.33"/>
                <objectChange node="engineConfig450_decal" visibilityActive="true" visibilityInactive="false"/>
            </motorConfiguration>
            <motorConfiguration name="ARION 460" hp="145" price="33000" consumerConfigurationIndex="6">
                <motor torqueScale="0.612" dampingRateScale="0.36"/>
                <objectChange node="engineConfig460_decal" visibilityActive="true" visibilityInactive="false"/>
            </motorConfiguration>
            <motorConfiguration name="ARION 470" hp="155" price="39000" consumerConfigurationIndex="7">
                <motor torqueScale="0.654" dampingRateScale="0.4"/>
                <objectChange node="engineConfig470_decal" visibilityActive="true" visibilityInactive="false"/>
            </motorConfiguration>
        </motorConfigurations>

        <exhaustEffects>
            <exhaustEffect node="exhaustParticle" filename="$data/effects/exhaust/exhaust.i3d" minRpmColor="0.9 0.9 0.9 0.1" maxRpmColor="0.9 0.9 0.9 0.4" minRpmScale="0.05" maxRpmScale="0.5" />
        </exhaustEffects>

        <motorStartDuration>3000</motorStartDuration>

        <dashboards>
            <dashboard displayType="ANIMATION" valueType="rpm" animName="needleRpmAnimation" minValueAnim="0" maxValueAnim="2200" doInterpolation="true" interpolationSpeed="0.9" groups="MOTOR_ACTIVE"/>
            <dashboard displayType="TEXT" valueType="speed" node="numbersSpeed01" textColor="0 0 0 1" textSize="0.013" textMask="00.0" font="DIGIT" groups="MOTOR_ACTIVE"/>
            <dashboard displayType="TEXT" valueType="speed" node="numbersSpeed02" textColor="0 0 0 1" textSize="0.01" textMask="00.0" font="GENERIC" groups="MOTOR_ACTIVE"/>
            <dashboard displayType="TEXT" valueType="rpm"   node="numbersRPM"   textColor="0 0 0 1" textSize="0.01" textMask="0000" font="DIGIT" textAlignment="CENTER" groups="MOTOR_ACTIVE"/>
            <dashboard displayType="TEXT" valueType="gearGroup" node="numbersGearGroup" textColor="0 0 0 1" textSize="0.024" textMask="0" textAlignment="CENTER" font="GENERIC" groups="MOTOR_ACTIVE"/>
            <dashboard displayType="TEXT" valueType="gear"      node="numbersGear" textColor="0 0 0 1" textSize="0.024" textMask="0" textAlignment="CENTER" font="GENERIC" groups="MOTOR_ACTIVE"/>
            <dashboard displayType="EMITTER" valueType="directionForward" node="iconMovingDirectionForward_decal" baseColor="SHARED_BLACK4" emitColor="GREEN" intensity="0.3" groups="MOTOR_ACTIVE"/>
            <dashboard displayType="EMITTER" valueType="directionNeutral" node="iconMovingDirectionNeutral_decal" baseColor="SHARED_BLACK4" emitColor="ORANGE" intensity="0.3" groups="MOTOR_ACTIVE"/>
            <dashboard displayType="EMITTER" valueType="directionBackward" node="iconMovingDirectionBackward_decal" baseColor="SHARED_BLACK4" emitColor="GREEN" intensity="0.3" groups="MOTOR_ACTIVE"/>
            <dashboard displayType="ROT" valueType="movingDirection" node="leverMovingDirection" minRot="15 0 0" maxRot="-15 0 0" doInterpolation="true" interpolationSpeed="0.01" groups="MOTOR_ACTIVE"/>
            <dashboard displayType="ROT" valueType="motorTemperature" node="needleTemperature" minRot="0 0 0" maxRot="0 0 -87.5" doInterpolation="true" interpolationSpeed="0.008" groups="MOTOR_ACTIVE"/>
            <dashboard displayType="MULTI_STATE" valueType="ignitionState" node="keyIgnition" doInterpolation="true" groups="MOTOR_ACTIVE">
                <state value="0" rotation="0 0 0"/>
                <state value="1" rotation="0 0 -90"/>
                <state value="2" rotation="0 0 -30"/>
            </dashboard>
        </dashboards>
    </motorized>

    <drivable>
        <steeringWheel node="steeringWheel" indoorRotation="540" outdoorRotation="30" />

        <dashboards>
            <dashboard displayType="ROT" valueType="accelerationAxis" node="pedalGas" minRot="0 0 0" maxRot="-15 0 0" doInterpolation="true" groups="MOTOR_ACTIVE"/>
            <dashboard displayType="ROT" valueType="decelerationAxis" node="pedalBrake" minRot="0 0 0" maxRot="-11 0 0" doInterpolation="true" groups="MOTOR_ACTIVE"/>
        </dashboards>
    </drivable>

    <animations>
        <animation name="needleRpmAnimation">
            <part node="needleRPM" startTime="0" endTime="6" startRot="0 0 0" endRot="0 0 0"/>
            <part node="needleRPM" startTime="6" endTime="8" startRot="0 0 0" endRot="0 0 -10"/>
            <part node="needleRPM" startTime="8" endTime="22" startRot="0 0 -10" endRot="0 0 -92"/>
        </animation>
        <animation name="wiperFrontAnimation">
            <part node="wiperFrontArm01" startTime="0.0" endTime="0.5" startRot="0 0 0" endRot="0 0 87" />
            <part node="wiperFrontArm02" startTime="0.0" endTime="0.5" startRot="0 0 0" endRot="0 -3.5 0" />
            <part node="wiperFront" startTime="0.0" endTime="0.5" startRot="0 0 0" endRot="0 -1 0" />
            <part node="wiperFrontArm01" startTime="0.5" endTime="1.0" startRot="0 0 87" endRot="0 0 179" />
            <part node="wiperFrontArm02" startTime="0.5" endTime="1.0" startRot="0 -3.5 0" endRot="0 0 0" />
            <part node="wiperFront" startTime="0.5" endTime="1.0" startRot="0 -1 0" endRot="0 0 0" />

            <sound template="wiper1" startTime="0" endTime="1" direction="1"   volumeScale="1.0" pitchScale="0.8" fadeOut="0.1" linkNode="wiperFront"/>
            <sound template="wiper2" startTime="0" endTime="1" direction="-1"  volumeScale="1.0" pitchScale="0.8" fadeOut="0.1" linkNode="wiperFront"/>
        </animation>
        <animation name="wiperBackAnimation">
            <part node="wiperBackArm01" startTime="0.0" endTime="0.5" startRot="0 0 0" endRot="0 0 70" />
            <part node="wiperBackArm02" startTime="0.0" endTime="0.5" startRot="0 0 0" endRot="0 -2.75 0" />
            <part node="wiperBack" startTime="0.0" endTime="0.5" startRot="0 0 0" endRot="0 -5.5 0" />
            <part node="wiperBackArm01" startTime="0.5" endTime="1.0" startRot="0 0 70" endRot="0 0 115" />
            <part node="wiperBackArm02" startTime="0.5" endTime="1.0" startRot="0 -2.75 0" endRot="0 1 0" />
            <part node="wiperBack" startTime="0.5" endTime="1.0" startRot="0 -5.5 0" endRot="0 -5.4 0" />

            <sound template="wiper1" startTime="0" endTime="1" direction="1"   volumeScale="1.0" pitchScale="1.0" fadeOut="0.1" linkNode="wiperBack"/>
            <sound template="wiper2" startTime="0" endTime="1" direction="-1"  volumeScale="1.0" pitchScale="1.0" fadeOut="0.1" linkNode="wiperBack"/>
        </animation>
    </animations>

    <cylindered>
        <movingTools>
            <movingTool node="attacherJointBackArmBottom">
                <dependentPart node="mainArmBack" />
                <dependentPart node="attacherJointBackArmBottomLeftPart" />
                <dependentPart node="attacherJointBackArmBottomRightPart" />
            </movingTool>
            <movingTool node="attacherJointFrontArmBottom">
                <dependentPart node="hydraulicFront" />
            </movingTool>
        </movingTools>

        <movingParts>
            <!-- attacher -->
            <movingPart node="mainArmBack" localReferencePoint="mainArmBackLocalRef" referencePoint="mainArmBackRef" referenceFrame="mainArmBackRefFrame">
                <dependentPart node="attacherJointBackArmMainPartLeft" />
                <dependentPart node="attacherJointBackArmMainPartRight" />
                <dependentPart node="hydraulicMainArm" />
            </movingPart>
            <movingPart node="attacherJointBackArmMainPartLeft" referencePoint="attacherJointBackArmMainPartLeftRef" referenceFrame="attacherJointBackArmMainPartLeftRef" />
            <movingPart node="attacherJointBackArmBottomLeftPart" referencePoint="attacherJointBackArmBottomLeftPartRef" referenceFrame="attacherJointBackArmBottomLeftPartRef">
                <translatingPart node="attacherJointBackArmBottomLeftPartPunch" />
            </movingPart>
            <movingPart node="attacherJointBackArmMainPartRight" referencePoint="attacherJointBackArmMainPartRightRef" referenceFrame="attacherJointBackArmMainPartRightRef" />
            <movingPart node="attacherJointBackArmBottomRightPart" referencePoint="attacherJointBackArmBottomRightPartRef" referenceFrame="attacherJointBackArmBottomRightPartRef">
                <translatingPart node="attacherJointBackArmBottomRightPartPunch" />
            </movingPart>
            <movingPart node="hydraulicMainArm" referencePoint="hydraulicMainArmRef" referenceFrame="hydraulicMainArmRef">
                <translatingPart node="hydraulicMainArmPunch" />
            </movingPart>

            <movingPart node="hydraulicFront" referencePoint="hydraulicFrontRef" referenceFrame="hydraulicFrontRef">
                <translatingPart node="hydraulicFrontPunch" />
            </movingPart>

            <!-- wheels -->
            <movingPart node="wheelFrontLeftRepr" referenceFrame="wheelFrontLeftReprPhys" limitedAxis="2" isActiveDirty="true" maxUpdateDistance="250">
                <dependentPart node="wheelFrontLeftUpperArmRotNode"/>
                <dependentPart node="steeringBarLeft" maxUpdateDistance="75"/>
                <dependentPart node="driveShaftLeft02Orient" maxUpdateDistance="35"/>
            </movingPart>
            <movingPart node="wheelFrontLeftUpperArmRotNode" referenceFrame="wheelFrontLeftReprPhys" doDirectionAlignment="false" doRotationAlignment="true" rotMultiplier="-1"/>
            <movingPart node="steeringBarLeft" referencePoint="steeringBarLeftRef" referenceFrame="steeringBarLeftRef" scaleZ="true"/>
            <movingPart node="driveShaftLeft02Orient" referencePoint="driveShaftLeft02OrientRef" referenceFrame="driveShaftLeft02OrientRef"/>

            <movingPart node="wheelFrontRightRepr" referenceFrame="wheelFrontRightReprPhys" isActiveDirty="true" maxUpdateDistance="250">
                <dependentPart node="wheelFrontRightUpperArmRotNode" />
                <dependentPart node="steeringBarRight" maxUpdateDistance="75"/>
                <dependentPart node="driveShaftRight02Orient" maxUpdateDistance="35"/>
            </movingPart>
            <movingPart node="wheelFrontRightUpperArmRotNode" referenceFrame="wheelFrontRightReprPhys" doDirectionAlignment="false" doRotationAlignment="true" rotMultiplier="-1"/>
            <movingPart node="steeringBarRight" referencePoint="steeringBarRightRef" referenceFrame="steeringBarRightRef" scaleZ="true"/>
            <movingPart node="driveShaftRight02Orient" referencePoint="driveShaftRight02OrientRef" referenceFrame="driveShaftRight02OrientRef"/>

            <movingPart node="wheelFrontLeftUpperArm" referencePoint="wheelFrontLeftUpperArmRef" referenceFrame="wheelFrontLeftUpperArmRefFrame" limitedAxis="1" isActiveDirty="true" maxUpdateDistance="220">
                <dependentPart node="wheelFrontLeftBottomArm"/>
            </movingPart>
            <movingPart node="wheelFrontLeftBottomArm" localReferencePoint="wheelFrontLeftWheelBase" referencePoint="wheelFrontLeftWheelBaseRef" referenceFrame="wheelFrontLeftBottomArmRefFrame" limitedAxis="1">
                <dependentPart node="wheelFrontLeftWheelBase"/>
                <dependentPart node="wheelFrontLeftDriveShaftOrient" maxUpdateDistance="75"/>
                <dependentPart node="wheelFrontLeftHydraulic" maxUpdateDistance="75"/>
            </movingPart>
            <movingPart node="wheelFrontLeftWheelBase" referencePoint="wheelFrontLeftWheelBaseRef" referenceFrame="wheelFrontLeftWheelBaseRef"/>
            <movingPart node="wheelFrontLeftDriveShaftOrient" referencePoint="wheelFrontLeftDriveShaftRef" referenceFrame="wheelFrontLeftDriveShaftRef"/>
            <movingPart node="wheelFrontLeftHydraulic" referencePoint="wheelFrontLeftHydraulicRef" referenceFrame="wheelFrontLeftHydraulicRef">
                <translatingPart node="wheelFrontLeftHydraulicPunch"/>
            </movingPart>

            <movingPart node="wheelFrontRightUpperArm" referencePoint="wheelFrontRightUpperArmRef" referenceFrame="wheelFrontRightUpperArmRefFrame" limitedAxis="1" isActiveDirty="true" maxUpdateDistance="220">
                <dependentPart node="wheelFrontRightBottomArm"/>
            </movingPart>
            <movingPart node="wheelFrontRightBottomArm" localReferencePoint="wheelFrontRightWheelBase" referencePoint="wheelFrontRightWheelBaseRef" referenceFrame="wheelFrontRightBottomArmRefFrame" limitedAxis="1">
                <dependentPart node="wheelFrontRightWheelBase"/>
                <dependentPart node="wheelFrontRightDriveShaftOrient" maxUpdateDistance="75"/>
                <dependentPart node="wheelFrontRightHydraulic" maxUpdateDistance="75"/>
            </movingPart>
            <movingPart node="wheelFrontRightWheelBase" referencePoint="wheelFrontRightWheelBaseRef" referenceFrame="wheelFrontRightWheelBaseRefFrame" limitedAxis="1"/>
            <movingPart node="wheelFrontRightDriveShaftOrient" referencePoint="wheelFrontRightDriveShaftRef" referenceFrame="wheelFrontRightDriveShaftRef"/>
            <movingPart node="wheelFrontRightHydraulic" referencePoint="wheelFrontRightHydraulicRef" referenceFrame="wheelFrontRightHydraulicRef">
                <translatingPart node="wheelFrontRightHydraulicPunch"/>
            </movingPart>

            <!-- cabin -->
            <movingPart node="cabinSuspensionAlignArm" referencePoint="cabinSuspensionAlignArmRef" referenceFrame="cabinSuspensionAlignArmRef" isActiveDirty="true" maxUpdateDistance="50">
                <dependentPart node="cabinSuspensionDamper"/>
            </movingPart>
            <movingPart node="cabinSuspensionDamper" referencePoint="cabinSuspensionDamperRef" referenceFrame="cabinSuspensionDamperRef">
                <translatingPart node="cabinSuspensionDamperPunch"/>
            </movingPart>
        </movingParts>

        <dashboards>
            <dashboard displayType="ROT" valueType="movingTool" node="joystick" rotAxis="1" minRot="-15" maxRot="15" axis="AXIS_FRONTLOADER_ARM" attacherJointIndex="6" doInterpolation="true" groups="MOTOR_ACTIVE"/>
            <dashboard displayType="ROT" valueType="movingTool" node="joystick" rotAxis="3" minRot="-15" maxRot="15" axis="AXIS_FRONTLOADER_TOOL" attacherJointIndex="6" doInterpolation="true" groups="MOTOR_ACTIVE"/>
        </dashboards>
    </cylindered>

    <suspensions>
        <suspension node="cabin" weight="400" minRotation="-5 0 -5" maxRotation="5 0 5" suspensionParametersX="200 17" suspensionParametersZ="200 17" />
        <suspension node="seat" weight="150" minTranslation="-0.05 -0.1 0.0" maxTranslation="0.05 0.15 0.0" suspensionParametersX="20 4" suspensionParametersY="5 1" suspensionParametersZ="20 4" />
        <suspension useCharacterTorso="true" weight="90" minRotation="0 -5 -5" maxRotation="0 5 5" suspensionParametersY="7 1" suspensionParametersZ="7 1" />
    </suspensions>

    <wipers>
        <wiper animName="wiperFrontAnimation">
            <state animSpeed="0.7" animPause="2.0" />
            <state animSpeed="0.7" animPause="0.0" />
            <state animSpeed="1.2" animPause="0.0" />
        </wiper>
        <wiper animName="wiperBackAnimation">
            <state animSpeed="1.0" animPause="2.0" />
        </wiper>

        <dashboards>
            <dashboard displayType="MULTI_STATE" valueType="state" node="leverWiper" doInterpolation="true">
                <state value="0" rotation="0 0 0"/>
                <state value="1" rotation="0 10 0"/>
                <state value="2" rotation="0 20 0"/>
            </dashboard>
            <dashboard displayType="MULTI_STATE" valueType="state" node="leverWiperPart" doInterpolation="true">
                <state value="0" rotation="0 0 0"/>
                <state value="1" rotation="45 0 0"/>
                <state value="2" rotation="45 0 0"/>
            </dashboard>
        </dashboards>
    </wipers>

    <fillUnit>
        <fillUnitConfigurations>
            <fillUnitConfiguration>
                <fillUnits>
                    <fillUnit unitTextOverride="$l10n_unit_literShort" showOnHud="false" showInShop="false" fillTypes="diesel" capacity="190">
                        <exactFillRootNode node="exactFillRootNode" />
                        <dashboard displayType="ROT" valueType="fillLevel" node="needleFuel" rotAxis="3" minRot="0" maxRot="-80.5" doInterpolation="true" interpolationSpeed="0.3" groups="MOTOR_ACTIVE"/>
                    </fillUnit>
                    <fillUnit unitTextOverride="$l10n_unit_literShort" showOnHud="false" showInShop="false" showOnInfoHud="false" fillTypes="def" capacity="22" >
                        <dashboard displayType="SLIDER" valueType="fillLevelPct" node="sliderDef_decal" intensity="0.3" groups="MOTOR_ACTIVE"/>
                    </fillUnit>
                    <fillUnit unitTextOverride="$l10n_unit_literShort" showOnHud="false" showInShop="false" showOnInfoHud="false" fillTypes="air" capacity="3000">
                        <dashboard displayType="SLIDER" valueType="fillLevel" node="sliderAir_decal" minValueSlider="0" maxValueSlider="3000" intensity="0.3" groups="MOTOR_ACTIVE"/>
                    </fillUnit>
                </fillUnits>
            </fillUnitConfiguration>
        </fillUnitConfigurations>
    </fillUnit>

    <dashboard>
        <groups>
            <group name="MOTOR_STARTING" isMotorStarting="true"/>
            <group name="MOTOR_RUNNING" isMotorStarting="false" isMotorRunning="true"/>
            <group name="MOTOR_ACTIVE" isMotorStarting="true" isMotorRunning="true"/>
            <group name="BACK_ATTACHMENT" attacherJointNodes="attacherJointBack trailerAttacherJointBack trailerAttacherJointBack"/>
            <group name="FRONT_ATTACHMENT" attacherJointNodes="attacherJointFront trailerAttacherJointFront"/>
        </groups>

        <default>
            <dashboard displayType="EMITTER" node="mainDashboard01_decal" intensity="0.2" groups="MOTOR_ACTIVE"/>
            <dashboard displayType="EMITTER" node="mainDashboard02_decal" intensity="0.2" groups="MOTOR_ACTIVE"/>
            <dashboard displayType="EMITTER" node="displayMain_decal" idleValue="-1" intensity="0.3" groups="MOTOR_ACTIVE"/>
            <dashboard displayType="EMITTER" node="displaySide_decals" idleValue="-1" intensity="0.3" groups="MOTOR_ACTIVE"/>
            <dashboard displayType="EMITTER" node="iconsStarting_decals" intensity="0.3" baseColor="SHARED_BLACK4" groups="MOTOR_STARTING"/>
            <dashboard displayType="EMITTER" node="iconDefault_decals" intensity="0" baseColor="SHARED_BLACK4" emitColor="SHARED_BLACK4" groups="MOTOR_ACTIVE"/>
        </default>
    </dashboard>

    <ai>
        <agent frontWheelNodes="wheelFrontLeft wheelFrontRight"/>
        <collisionTrigger useSize="true"/>
    </ai>

    <foliageBending>
        <bendingNode wheelIndices="1 2" minZ="0.45" maxZ="2.2" yOffset="0.5"/>
        <bendingNode minX="-1.15" maxX="1.15" minZ="-0.3" maxZ="0.45" yOffset="0.5" />
        <bendingNode wheelIndices="3 4" minZ="-2.1" maxZ="-0.3" yOffset="0.5"/>
    </foliageBending>

    <wearable wearDuration="480" workMultiplier="5" fieldMultiplier="2"/>
    <washable dirtDuration="90" washDuration="1" workMultiplier="3" fieldMultiplier="2"/>

    <designConfigurations title="Matte Elite" isYesNoOption="true">
        <designConfiguration name="$l10n_configuration_valueNo"/>
        <designConfiguration name="$l10n_configuration_valueYes" price="-10000">
            <!-- Exterior -->
			<material materialSlotName="arion400_externalbody" materialTemplateName="DEUTZ_BLACK2" />
			<material materialSlotName="arion400_roof" materialTemplateName="DEUTZ_BLACK2" />
			<material materialSlotName="external_plastics" materialTemplateName="DEUTZ_BLACK2" />
			<material materialSlotName="arion400_grill1" materialTemplateName="SHARED_RED1" />
			<material materialSlotName="arion400_grill2" materialTemplateName="SHARED_RED1" />
			<!-- <material materialSlotName="arion400_grill3" materialTemplateName="SHARED_RED1" /> -->
            <!-- Interior -->
			<material materialSlotName="arion400Interior_seats" materialTemplateName="leather2Brown" />
			<material materialSlotName="arion400Interior_pillarplastics" materialTemplateName="DEUTZ_BLACK2"/>
			<material materialSlotName="arion400Interior_plastics1" materialTemplateName="wood2Oak"/>
			<material materialSlotName="arion400Interior_roof1" materialTemplateName="DEUTZ_BLACK2" materialTemplateUseColorOnly="true"/>
            <!-- Frame -->
			<material materialSlotName="external_metalparts" materialTemplateName="RIM_CONFIGURATION_BLACK"/>
			<material materialSlotName="external_plastics" materialTemplateName="DEUTZ_BLACK2"/>
			<material materialSlotName="arion400_chassie1" materialTemplateName="RIM_CONFIGURATION_BLACK"/>
			<material materialSlotName="frontloaderConsoleQuicke" materialTemplateName="RIM_CONFIGURATION_BLACK"/>
			<material materialSlotName="frontloaderConsoleHauer" materialTemplateName="RIM_CONFIGURATION_BLACK"/>
			<material materialSlotName="arion400_chassie2" materialTemplateName="RIM_CONFIGURATION_BLACK"/>
        </designConfiguration>
    </designConfigurations>

	<baseColorConfigurations useDefaultColors="true" price="0" title="$l10n_configuration_baseColor" >
        <baseColorConfiguration materialTemplateName="FENDT_OLDGREEN1" price="5000"/>
		<baseColorConfiguration name="Matte Black" materialTemplateName="VALTRA_BLACK1" />
		<baseColorConfiguration name="Matte Black 2" materialTemplateName="DEUTZ_BLACK2" />
		<baseColorConfiguration name="Matte Grey" materialTemplateName="VALTRA_GREY2" />
		<baseColorConfiguration name="Matte Green" materialTemplateName="DEUTZ_MATTGREEN" />
		<baseColorConfiguration name="Chrome" materialTemplateName="RIM_CONFIGURATION_CHROME" />
        <material materialSlotName="arion400_externalbody" />
    </baseColorConfigurations>

	<designColorConfigurations useDefaultColors="true" price="0" title="Roof">
        <designColorConfiguration name="Matte Black" materialTemplateName="VALTRA_BLACK1" />
		<designColorConfiguration name="Matte Black 2" materialTemplateName="DEUTZ_BLACK2" />
		<designColorConfiguration name="Matte Grey" materialTemplateName="VALTRA_GREY2" />
		<designColorConfiguration name="Matte Green" materialTemplateName="DEUTZ_MATTGREEN" />
		<designColorConfiguration name="Chrome" materialTemplateName="RIM_CONFIGURATION_CHROME" />
        <material materialSlotName="arion400_roof" />
    </designColorConfigurations>

	<designColor2Configurations useDefaultColors="true" price="0" title="Interior Plastics">
        <designColor2Configuration name="Matte Black" materialTemplateName="VALTRA_BLACK1" />
		<designColor2Configuration name="Matte Black 2" materialTemplateName="DEUTZ_BLACK2" />
		<designColor2Configuration name="Matte Grey" materialTemplateName="VALTRA_GREY2" />
		<designColor2Configuration name="Matte Green" materialTemplateName="DEUTZ_MATTGREEN" />
        <designColor2Configuration name="Wood 1" materialTemplateName="wood2" />
        <designColor2Configuration name="Wood 2" materialTemplateName="wood1" />
        <designColor2Configuration name="Wood Oak" materialTemplateName="wood2Oak" />
        <designColor2Configuration name="Wood Cedar" materialTemplateName="wood1Cedar" />
		<designColor2Configuration name="Brown Leather" materialTemplateName="leather1Brown"/>
		<designColor2Configuration name="Brown Leather 2" materialTemplateName="leather2Brown" />
		<designColor2Configuration name="Gray Leather" materialTemplateName="leather3GrayDark"  />
		<designColor2Configuration name="Gray Leater 2" materialTemplateName="perforatedSynthetic2Black" />
        <material materialSlotName="arion400Interior_pillarplastics" />
        <material materialSlotName="arion400Interior_plastics1" />
        <material materialSlotName="arion400Interior_roof1" />
    </designColor2Configurations>

	<designColor3Configurations useDefaultColors="true" price="0" title="Floor and Console">
        <designColor3Configuration name="Matte Black" materialTemplateName="VALTRA_BLACK1" />
		<designColor3Configuration name="Matte Black 2" materialTemplateName="DEUTZ_BLACK2" />
		<designColor3Configuration name="Matte Grey" materialTemplateName="VALTRA_GREY2" />
		<designColor3Configuration name="Matte Green" materialTemplateName="DEUTZ_MATTGREEN" />
        <designColor2Configuration name="Wood 1" materialTemplateName="wood2" />
        <designColor2Configuration name="Wood 2" materialTemplateName="wood1" />
        <designColor2Configuration name="Wood Oak" materialTemplateName="wood2Oak" />
        <designColor2Configuration name="Wood Cedar" materialTemplateName="wood1Cedar" />
		<designColor3Configuration name="Brown Leather" materialTemplateName="leather1Brown"/>
		<designColor3Configuration name="Brown Leather 2" materialTemplateName="leather2Brown" />
		<designColor3Configuration name="Gray Leather" materialTemplateName="leather3GrayDark"  />
		<designColor3Configuration name="Gray Leater 2" materialTemplateName="perforatedSynthetic2Black" />
        <material materialSlotName="arion400Interior_plastics2" />
    </designColor3Configurations>

	<designColor4Configurations price="0" title="Seats">
        <designColor4Configuration name="Brown Leather" materialTemplateName="leather1Brown"/>
		<designColor4Configuration name="Brown Leather 2" materialTemplateName="leather2Brown" />
		<designColor4Configuration name="Gray Leather" materialTemplateName="leather3GrayDark"  />
		<designColor4Configuration name="Gray Leater 2" materialTemplateName="perforatedSynthetic2Black" />
        <material materialSlotName="arion400Interior_seats" />
    </designColor4Configurations>

    <rimColorConfigurations useDefaultColors="true" price="0">
		<rimColorConfiguration name="Matte Black" materialTemplateName="VALTRA_BLACK1" />
		<rimColorConfiguration name="Matte Black 2" materialTemplateName="DEUTZ_BLACK2" />
		<rimColorConfiguration name="Matte Grey" materialTemplateName="VALTRA_GREY2" />
		<rimColorConfiguration name="Matte Green" materialTemplateName="DEUTZ_MATTGREEN" />
		<rimColorConfiguration materialTemplateName="FENDT_RED1"/>
		<rimColorConfiguration materialTemplateName="RIM_CONFIGURATION_BLACK" />
		<rimColorConfiguration name="Chrome" materialTemplateName="RIM_CONFIGURATION_CHROME" />
    </rimColorConfigurations>

    <i3dMappings>
        <i3dMapping id="arion400_main_component1" node="0>" />
        <i3dMapping id="arion400_vis" node="0>0" />
        <i3dMapping id="wheelBackLeft" node="0>0|0|0" />
        <i3dMapping id="wheelBackRight" node="0>0|0|1" />
        <i3dMapping id="outdoorCameraTarget" node="0>0|1|0" />
        <i3dMapping id="outdoorCamera" node="0>0|1|0|0" />
        <i3dMapping id="indoorCamera" node="0>0|1|1" />
        <i3dMapping id="cameraRaycastNode1" node="0>0|1|2" />
        <i3dMapping id="cameraRaycastNode2" node="0>0|1|3" />
        <i3dMapping id="cameraRaycastNode3" node="0>0|1|4" />
        <i3dMapping id="shadowFocusBox" node="0>0|1|5" />
        <i3dMapping id="redRound_01_03" node="0>0|2|0|0" />
        <i3dMapping id="redRound_01_04" node="0>0|2|0|1" />
        <i3dMapping id="arion400Lights_static" node="0>0|2|1|0" />
        <i3dMapping id="arion400LightsGlass_static" node="0>0|2|1|1" />
        <i3dMapping id="arion400LightsDefault_static" node="0>0|2|1|2" />
        <i3dMapping id="arion400LightsGlassDefault_static" node="0>0|2|1|3" />
        <i3dMapping id="arion400LightsHighBeam_static" node="0>0|2|1|4" />
        <i3dMapping id="arion400LightsGlassHighBeam_static" node="0>0|2|1|5" />
        <i3dMapping id="frontLightLow" node="0>0|2|2|0" />
        <i3dMapping id="highBeamLow" node="0>0|2|2|1" />
        <i3dMapping id="frontLightHighBottom" node="0>0|2|2|2" />
        <i3dMapping id="highBeamHighBottom" node="0>0|2|2|3" />
        <i3dMapping id="exitPoint" node="0>0|3" />
        <i3dMapping id="exhaustParticle" node="0>0|4" />
        <i3dMapping id="cabin" node="0>0|5" />
        <i3dMapping id="steeringWheel" node="0>0|5|0|0|0" />
        <i3dMapping id="playerLeftHandTarget" node="0>0|5|0|0|0|0" />
        <i3dMapping id="numbersSpeed01" node="0>0|5|0|1|0|0" />
        <i3dMapping id="numbersTime" node="0>0|5|0|1|0|1" />
        <i3dMapping id="numbersRPM" node="0>0|5|0|1|0|2" />
        <i3dMapping id="leverMovingDirection" node="0>0|5|0|1|1|0|0" />
        <i3dMapping id="leverTurnLightHighBeam" node="0>0|5|0|1|1|1|0" />
        <i3dMapping id="leverTurnLight" node="0>0|5|0|1|1|1|0|0" />
        <i3dMapping id="leverWiper" node="0>0|5|0|1|1|2|0" />
        <i3dMapping id="leverWiperPart" node="0>0|5|0|1|1|2|0|0" />
        <i3dMapping id="sliderDef_decal" node="0>0|5|0|1|2|0" />
        <i3dMapping id="sliderAir_decal" node="0>0|5|0|1|2|1" />
        <i3dMapping id="iconTurnLightLeft_decal" node="0>0|5|0|1|3|0" />
        <i3dMapping id="iconTurnLightRight_decal" node="0>0|5|0|1|3|1" />
        <i3dMapping id="iconTurnLightTrailer01_decal" node="0>0|5|0|1|3|2" />
        <i3dMapping id="iconTurnLightTrailer02_decal" node="0>0|5|0|1|3|3" />
        <i3dMapping id="iconMovingDirectionForward_decal" node="0>0|5|0|1|3|4" />
        <i3dMapping id="iconMovingDirectionNeutral_decal" node="0>0|5|0|1|3|5" />
        <i3dMapping id="iconMovingDirectionBackward_decal" node="0>0|5|0|1|3|6" />
        <i3dMapping id="iconHighBeam_decal" node="0>0|5|0|1|3|7" />
        <i3dMapping id="iconsStarting_decals" node="0>0|5|0|1|3|8" />
        <i3dMapping id="iconDefault_decals" node="0>0|5|0|1|3|9" />
        <i3dMapping id="iconPTOBack_decal" node="0>0|5|0|1|3|10" />
        <i3dMapping id="iconPTOFront_decal" node="0>0|5|0|1|3|11" />
        <i3dMapping id="needleRPM" node="0>0|5|0|1|4|0|0" />
        <i3dMapping id="needleRPM_decal" node="0>0|5|0|1|4|0|0|0" />
        <i3dMapping id="needleTemperature" node="0>0|5|0|1|4|1|0" />
        <i3dMapping id="needleTemperature_decal" node="0>0|5|0|1|4|1|0|0" />
        <i3dMapping id="needleFuel" node="0>0|5|0|1|4|2|0" />
        <i3dMapping id="needleFuel_decal" node="0>0|5|0|1|4|2|0|0" />
        <i3dMapping id="displayMain_decal" node="0>0|5|0|1|5|0" />
        <i3dMapping id="mainDashboard01_decal" node="0>0|5|0|1|5|1" />
        <i3dMapping id="mainDashboard02_decal" node="0>0|5|0|1|5|2" />
        <i3dMapping id="seat" node="0>0|5|1" />
        <i3dMapping id="iconsSeat_decals" node="0>0|5|1|0|0" />
        <i3dMapping id="joystick" node="0>0|5|1|1|0" />
        <i3dMapping id="playerRightHandTarget" node="0>0|5|1|1|0|0" />
        <i3dMapping id="iconsJoystick_decals" node="0>0|5|1|1|0|1" />
        <i3dMapping id="playerSkin" node="0>0|5|1|2" />
        <i3dMapping id="beaconLight08_01" node="0>0|5|2|0|0" />
        <i3dMapping id="beaconLight08_02" node="0>0|5|2|0|1" />
        <i3dMapping id="redRound_01_01" node="0>0|5|2|0|2" />
        <i3dMapping id="redRound_01_02" node="0>0|5|2|0|3" />
        <i3dMapping id="arion400LightsCabin_static" node="0>0|5|2|1|0" />
        <i3dMapping id="arion400LightsCabinGlass_static" node="0>0|5|2|1|1" />
        <i3dMapping id="frontLightHighTop" node="0>0|5|2|2|0" />
        <i3dMapping id="highBeamHighTop" node="0>0|5|2|2|1" />
        <i3dMapping id="interiorScreenLight01" node="0>0|5|2|2|2" />
        <i3dMapping id="interiorScreenLight02" node="0>0|5|2|2|3" />
        <i3dMapping id="workLightFrontLow" node="0>0|5|2|3|0" />
        <i3dMapping id="workLightFrontHigh" node="0>0|5|2|3|1" />
        <i3dMapping id="workLightBackLow" node="0>0|5|2|3|2" />
        <i3dMapping id="workLightBackHigh" node="0>0|5|2|3|3" />
        <i3dMapping id="backLightsHigh" node="0>0|5|2|4|0" />
        <i3dMapping id="turnLightLeftFront" node="0>0|5|2|5|0" />
        <i3dMapping id="turnLightRightFront" node="0>0|5|2|5|1" />
        <i3dMapping id="pedalClutch" node="0>0|5|3|0|0" />
        <i3dMapping id="playerLeftFootTargetClutch" node="0>0|5|3|0|0|0" />
        <i3dMapping id="pedalBrake" node="0>0|5|3|0|1" />
        <i3dMapping id="playerRightFootTargetBrake" node="0>0|5|3|0|1|0" />
        <i3dMapping id="pedalGas" node="0>0|5|3|0|2" />
        <i3dMapping id="playerRightFootTargetGasRef" node="0>0|5|3|0|2|0" />
        <i3dMapping id="playerRightFootTargetGas" node="0>0|5|3|0|3" />
        <i3dMapping id="switchTurnLightHazard" node="0>0|5|3|1|0|0" />
        <i3dMapping id="iconTurnLightHazard_decal" node="0>0|5|3|1|0|0|0" />
        <i3dMapping id="switchBeaconLight" node="0>0|5|3|1|1|0" />
        <i3dMapping id="iconBeaconLight_decal" node="0>0|5|3|1|1|0|0" />
        <i3dMapping id="switchWorkLightBack" node="0>0|5|3|1|2|0" />
        <i3dMapping id="iconWorkLightBack_decal" node="0>0|5|3|1|2|0|0" />
        <i3dMapping id="switchWorkLightFront01" node="0>0|5|3|1|3|0" />
        <i3dMapping id="iconWorkLightFront01_decal" node="0>0|5|3|1|3|0|0" />
        <i3dMapping id="switchWorkLightFront02" node="0>0|5|3|1|4|0" />
        <i3dMapping id="iconWorkLightFront02_decal" node="0>0|5|3|1|4|0|0" />
        <i3dMapping id="switchDefaultLight02" node="0>0|5|3|1|5|0" />
        <i3dMapping id="iconDefaultLight02_decal" node="0>0|5|3|1|5|0|0" />
        <i3dMapping id="displaySide_decals" node="0>0|5|3|2|0" />
        <i3dMapping id="numbersSpeed02" node="0>0|5|3|3|0" />
        <i3dMapping id="numbersGear" node="0>0|5|3|3|1" />
        <i3dMapping id="numbersGearGroup" node="0>0|5|3|3|2" />
        <i3dMapping id="keyIgnition" node="0>0|5|3|4|0" />
        <i3dMapping id="playerLeftFootTarget" node="0>0|5|4|0" />
        <i3dMapping id="playerRightFootTarget" node="0>0|5|4|1" />
        <i3dMapping id="wiperFrontArm01" node="0>0|5|5|0|0" />
        <i3dMapping id="wiperFrontArm02" node="0>0|5|5|0|0|0|0" />
        <i3dMapping id="wiperFront" node="0>0|5|5|0|0|0|0|0|0" />
        <i3dMapping id="wiperBackArm01" node="0>0|5|5|1|0" />
        <i3dMapping id="wiperBackArm02" node="0>0|5|5|1|0|0|0" />
        <i3dMapping id="wiperBack" node="0>0|5|5|1|0|0|0|0|0" />
        <i3dMapping id="mirrorLeft_decal" node="0>0|5|6|0" />
        <i3dMapping id="mirrorRight" node="0>0|5|6|1" />
        <i3dMapping id="mirrorInterior_decal" node="0>0|5|6|2" />
        <i3dMapping id="fendersSide" node="0>0|5|7|0|0" />
        <i3dMapping id="fendersBack" node="0>0|5|7|0|1" />
        <i3dMapping id="licensePlateHolderBack" node="0>0|5|7|1" />
        <i3dMapping id="licensePlateBack" node="0>0|5|7|1|0" />
        <i3dMapping id="arion400LightsLicensePlate_static" node="0>0|5|7|1|1|0|0" />
        <i3dMapping id="arion400LightsLicensePlateGlass_static" node="0>0|5|7|1|1|0|1" />
        <i3dMapping id="licensePlateLightHigh" node="0>0|5|7|1|1|1" />
        <i3dMapping id="iconsCabin_decals" node="0>0|5|8|9" />
        <i3dMapping id="cabinSuspensionDamperRef" node="0>0|5|9" />
        <i3dMapping id="cabinSuspensionAlignArmRef" node="0>0|5|10" />
        <i3dMapping id="attacherJointBackRot" node="0>0|6|0|0" />
        <i3dMapping id="attacherJointBackRot2" node="0>0|6|0|0|0" />
        <i3dMapping id="attacherJointBack" node="0>0|6|0|0|0|0" />
        <i3dMapping id="attacherJointBackArmBottom" node="0>0|6|0|1" />
        <i3dMapping id="attacherJointBackArmBottomTrans" node="0>0|6|0|1|0" />
        <i3dMapping id="attacherJointBackArmBottomLeft" node="0>0|6|0|1|0|0" />
        <i3dMapping id="attacherJointBackArmMainPartLeftRef" node="0>0|6|0|1|0|0|0" />
        <i3dMapping id="attacherJointBackArmBottomLeftPartRef" node="0>0|6|0|1|0|0|1" />
        <i3dMapping id="attacherJointBackArmBottomLeftRef" node="0>0|6|0|1|0|0|2" />
        <i3dMapping id="attacherJointBackArmBottomRight" node="0>0|6|0|1|0|1" />
        <i3dMapping id="attacherJointBackArmMainPartRightRef" node="0>0|6|0|1|0|1|0" />
        <i3dMapping id="attacherJointBackArmBottomRightPartRef" node="0>0|6|0|1|0|1|1" />
        <i3dMapping id="attacherJointBackArmBottomRightRef" node="0>0|6|0|1|0|1|2" />
        <i3dMapping id="referencePointBackBottom" node="0>0|6|0|1|0|2" />
        <i3dMapping id="mainArmBackRef" node="0>0|6|0|1|0|3" />
        <i3dMapping id="attacherJointBackArmTop" node="0>0|6|0|2" />
        <i3dMapping id="attacherJointFrontRot" node="0>0|6|0|3" />
        <i3dMapping id="attacherJointFrontRot2" node="0>0|6|0|3|0" />
        <i3dMapping id="attacherJointFront" node="0>0|6|0|3|0|0" />
        <i3dMapping id="attacherJointFrontArmBottom" node="0>0|6|0|4" />
        <i3dMapping id="attacherJointFrontArmBottomTrans" node="0>0|6|0|4|0" />
        <i3dMapping id="lowerLinkLeft" node="0>0|6|0|4|0|0|0" />
        <i3dMapping id="lowerLinkRight" node="0>0|6|0|4|0|1|0" />
        <i3dMapping id="referencePointFrontBottom" node="0>0|6|0|4|0|2" />
        <i3dMapping id="hydraulicFrontRef" node="0>0|6|0|4|0|3" />
        <i3dMapping id="attacherJointFrontArmTop" node="0>0|6|0|5" />
        <i3dMapping id="sideMountLinkage" node="0>0|6|0|6" />
        <i3dMapping id="trailerAttacherBack" node="0>0|6|1|0" />
        <i3dMapping id="trailerAttacherJointBack" node="0>0|6|1|0|0" />
        <i3dMapping id="trailerAttacherBackLow" node="0>0|6|1|1" />
        <i3dMapping id="trailerAttacherJointBackLow" node="0>0|6|1|1|0" />
        <i3dMapping id="steeringBarTrailerLeft" node="0>0|6|1|1|1" />
        <i3dMapping id="steeringBarTrailerRight" node="0>0|6|1|1|2" />
        <i3dMapping id="trailerAttacherJointFront" node="0>0|6|1|2" />
        <i3dMapping id="ptoFront" node="0>0|6|2|0" />
        <i3dMapping id="ptoBack" node="0>0|6|2|1" />
        <i3dMapping id="hydraulicBackIn01" node="0>0|6|3|0" />
        <i3dMapping id="hydraulicBackIn01_cover" node="0>0|6|3|0|0|0" />
        <i3dMapping id="hydraulicBackOut01" node="0>0|6|3|1" />
        <i3dMapping id="hydraulicBackOut01_cover" node="0>0|6|3|1|0|0" />
        <i3dMapping id="hydraulicBackIn02" node="0>0|6|3|2" />
        <i3dMapping id="hydraulicBackIn02_cover" node="0>0|6|3|2|0|0" />
        <i3dMapping id="hydraulicBackOut02" node="0>0|6|3|3" />
        <i3dMapping id="hydraulicBackOut02_cover" node="0>0|6|3|3|0|0" />
        <i3dMapping id="hydraulicBackIn03" node="0>0|6|3|4" />
        <i3dMapping id="hydraulicBackIn03_cover" node="0>0|6|3|4|0|0" />
        <i3dMapping id="hydraulicBackOut03" node="0>0|6|3|5" />
        <i3dMapping id="hydraulicBackOut03_cover" node="0>0|6|3|5|0|0" />
        <i3dMapping id="hydraulicBackIn04" node="0>0|6|3|6" />
        <i3dMapping id="hydraulicBackIn04_cover" node="0>0|6|3|6|0|0" />
        <i3dMapping id="hydraulicBackOut04" node="0>0|6|3|7" />
        <i3dMapping id="hydraulicBackOut04_cover" node="0>0|6|3|7|1|0" />
        <i3dMapping id="airYellow_socket" node="0>0|6|3|8" />
        <i3dMapping id="airRed_socket" node="0>0|6|3|9" />
        <i3dMapping id="electricBack_socket" node="0>0|6|3|10" />
        <i3dMapping id="isobus_socket" node="0>0|6|3|11" />
        <i3dMapping id="hydraulicFrontIn01" node="0>0|6|3|12" />
        <i3dMapping id="hydraulicFrontIn01_cover" node="0>0|6|3|12|0|0" />
        <i3dMapping id="hydraulicFrontOut01" node="0>0|6|3|13" />
        <i3dMapping id="hydraulicFrontOut01_cover" node="0>0|6|3|13|0|0" />
        <i3dMapping id="hydraulicFrontIn02" node="0>0|6|3|14" />
        <i3dMapping id="hydraulicFrontIn02_cover" node="0>0|6|3|14|0|0" />
        <i3dMapping id="electricFront_socket" node="0>0|6|3|15" />
        <i3dMapping id="rightPipe" node="0>0|6|3|16" />
        <i3dMapping id="rightPipe_frontConnector" node="0>0|6|3|16|0" />
        <i3dMapping id="rightPipe_backConnector" node="0>0|6|3|16|1" />
        <i3dMapping id="bottomPipe01" node="0>0|6|3|17|0" />
        <i3dMapping id="bottomPipe01_frontConnector" node="0>0|6|3|17|0|0" />
        <i3dMapping id="bottomPipe01_backConnector" node="0>0|6|3|17|0|1" />
        <i3dMapping id="bottomPipe02" node="0>0|6|3|17|1" />
        <i3dMapping id="bottomPipe02_frontConnector" node="0>0|6|3|17|1|0" />
        <i3dMapping id="bottomPipe02_backConnector" node="0>0|6|3|17|1|1" />
        <i3dMapping id="bottomPipe03" node="0>0|6|3|17|2" />
        <i3dMapping id="bottomPipe03_frontConnector" node="0>0|6|3|17|2|0" />
        <i3dMapping id="bottomPipe03_backConnector" node="0>0|6|3|17|2|1" />
        <i3dMapping id="bottomPipe04" node="0>0|6|3|17|3" />
        <i3dMapping id="bottomPipe04_frontConnector" node="0>0|6|3|17|3|0" />
        <i3dMapping id="bottomPipe04_backConnector" node="0>0|6|3|17|3|1" />
        <i3dMapping id="consoleFrontloader" node="0>0|6|4|0" />
        <i3dMapping id="frontloaderConsoleQuicke" node="0>0|6|4|1" />
        <i3dMapping id="attacherJointFrontloaderQuicke" node="0>0|6|4|1|0" />
        <i3dMapping id="frontloaderConsoleHauer" node="0>0|6|4|2" />
        <i3dMapping id="attacherJointFrontloaderHauer" node="0>0|6|4|2|0" />
        <i3dMapping id="exactFillRootNode" node="0>0|7|0" />
        <i3dMapping id="mainArmBackRefFrame" node="0>0|8|0" />
        <i3dMapping id="mainArmBack" node="0>0|8|0|0" />
        <i3dMapping id="mainArmBackLocalRef" node="0>0|8|0|0|0" />
        <i3dMapping id="attacherJointBackArmMainPartLeft" node="0>0|8|0|0|0|0" />
        <i3dMapping id="attacherJointBackArmMainPartRight" node="0>0|8|0|0|0|1" />
        <i3dMapping id="hydraulicMainArmRef" node="0>0|8|0|0|1" />
        <i3dMapping id="attacherJointBackArmBottomLeftPart" node="0>0|8|1" />
        <i3dMapping id="attacherJointBackArmBottomLeftPartPunch" node="0>0|8|1|0" />
        <i3dMapping id="attacherJointBackArmBottomRightPart" node="0>0|8|2" />
        <i3dMapping id="attacherJointBackArmBottomRightPartPunch" node="0>0|8|2|0" />
        <i3dMapping id="hydraulicMainArm" node="0>0|8|3" />
        <i3dMapping id="hydraulicMainArmPunch" node="0>0|8|3|0" />
        <i3dMapping id="hydraulicFront" node="0>0|8|4" />
        <i3dMapping id="hydraulicFrontPunch" node="0>0|8|4|0" />
        <i3dMapping id="cabinSuspensionAlignArm" node="0>0|8|5" />
        <i3dMapping id="cabinSuspensionDamper" node="0>0|8|6" />
        <i3dMapping id="cabinSuspensionDamperPunch" node="0>0|8|6|0" />
        <i3dMapping id="licensePlateHolderFront" node="0>0|9|0" />
        <i3dMapping id="licensePlateFront" node="0>0|9|0|0" />
        <i3dMapping id="engineConfig410_decal" node="0>0|9|1|0" />
        <i3dMapping id="engineConfig420_decal" node="0>0|9|1|1" />
        <i3dMapping id="engineConfig430_decal" node="0>0|9|1|2" />
        <i3dMapping id="engineConfig440_decal" node="0>0|9|1|3" />
        <i3dMapping id="engineConfig450_decal" node="0>0|9|1|4" />
        <i3dMapping id="engineConfig460_decal" node="0>0|9|1|5" />
        <i3dMapping id="engineConfig470_decal" node="0>0|9|1|6" />
        <i3dMapping id="componentJointAxle" node="0>0|11" />
        <i3dMapping id="arion400_axle_component2" node="1>" />
        <i3dMapping id="wheelFrontLeftReprPhys" node="1>0|0|0|0" />
        <i3dMapping id="wheelFrontLeft" node="1>0|0|0|0|0|0" />
        <i3dMapping id="wheelFrontLeftUpperArmRotNode" node="1>0|0|0|0|1" />
        <i3dMapping id="wheelFrontLeftUpperArmRef" node="1>0|0|0|0|1|0" />
        <i3dMapping id="wheelFrontRightReprPhys" node="1>0|0|1|0" />
        <i3dMapping id="wheelFrontRight" node="1>0|0|1|0|0|0" />
        <i3dMapping id="wheelFrontRightUpperArmRotNode" node="1>0|0|1|0|1" />
        <i3dMapping id="wheelFrontRightUpperArmRef" node="1>0|0|1|0|1|0" />
        <i3dMapping id="wheelFrontLeftUpperArmRefFrame" node="1>0|1|0" />
        <i3dMapping id="wheelFrontLeftUpperArm" node="1>0|1|0|0" />
        <i3dMapping id="wheelFrontLeftWheelBaseRef" node="1>0|1|0|0|0" />
        <i3dMapping id="wheelFrontLeftBottomArmRefFrame" node="1>0|1|1" />
        <i3dMapping id="wheelFrontLeftBottomArm" node="1>0|1|1|0" />
        <i3dMapping id="wheelFrontLeftWheelBase" node="1>0|1|1|0|0" />
        <i3dMapping id="wheelFrontLeftRepr" node="1>0|1|1|0|0|0|0" />
        <i3dMapping id="wheelFrontLeftFender" node="1>0|1|1|0|0|0|0|0|0" />
        <i3dMapping id="wheelFrontLeftFenderSmall" node="1>0|1|1|0|0|0|0|0|0|0" />
        <i3dMapping id="wheelFrontLeftFenderBroad" node="1>0|1|1|0|0|0|0|0|0|1" />
        <i3dMapping id="driveShaftLeft02OrientRef" node="1>0|1|1|0|0|0|0|1" />
        <i3dMapping id="wheelFrontLeftPart" node="1>0|1|1|0|0|0|0|2" />
        <i3dMapping id="steeringBarLeft" node="1>0|1|1|0|0|0|0|3" />
        <i3dMapping id="driveShaftLeft01" node="1>0|1|1|0|0|1" />
        <i3dMapping id="driveShaftLeft02Orient" node="1>0|1|1|0|0|1|0" />
        <i3dMapping id="driveShaftLeft02" node="1>0|1|1|0|0|1|0|0|0" />
        <i3dMapping id="wheelFrontLeftDriveShaftRef" node="1>0|1|1|0|0|2" />
        <i3dMapping id="wheelFrontLeftHydraulicRef" node="1>0|1|1|0|0|3" />
        <i3dMapping id="wheelFrontLeftHydraulic" node="1>0|1|2" />
        <i3dMapping id="wheelFrontLeftHydraulicPunch" node="1>0|1|2|0" />
        <i3dMapping id="wheelFrontLeftDriveShaftOrient" node="1>0|1|3" />
        <i3dMapping id="wheelFrontLeftDriveShaft" node="1>0|1|3|0|0" />
        <i3dMapping id="wheelFrontRightUpperArmRefFrame" node="1>0|1|4" />
        <i3dMapping id="wheelFrontRightUpperArm" node="1>0|1|4|0" />
        <i3dMapping id="wheelFrontRightWheelBaseRef" node="1>0|1|4|0|0" />
        <i3dMapping id="wheelFrontRightBottomArmRefFrame" node="1>0|1|5" />
        <i3dMapping id="wheelFrontRightBottomArm" node="1>0|1|5|0" />
        <i3dMapping id="wheelFrontRightWheelBaseRefFrame" node="1>0|1|5|0|0" />
        <i3dMapping id="wheelFrontRightWheelBase" node="1>0|1|5|0|0|0" />
        <i3dMapping id="wheelFrontRightRepr" node="1>0|1|5|0|0|0|0|0" />
        <i3dMapping id="wheelFrontRightFender" node="1>0|1|5|0|0|0|0|0|0" />
        <i3dMapping id="wheelFrontRightFenderSmall" node="1>0|1|5|0|0|0|0|0|0|0" />
        <i3dMapping id="wheelFrontRightFenderBroad" node="1>0|1|5|0|0|0|0|0|0|1" />
        <i3dMapping id="driveShaftRight02OrientRef" node="1>0|1|5|0|0|0|0|0|1" />
        <i3dMapping id="wheelFrontRightPart" node="1>0|1|5|0|0|0|0|0|2" />
        <i3dMapping id="steeringBarRight" node="1>0|1|5|0|0|0|0|0|3" />
        <i3dMapping id="driveShaftRight01" node="1>0|1|5|0|0|0|1" />
        <i3dMapping id="driveShaftRight02Orient" node="1>0|1|5|0|0|0|1|0" />
        <i3dMapping id="driveShaftRight02" node="1>0|1|5|0|0|0|1|0|0|0" />
        <i3dMapping id="wheelFrontRightDriveShaftRef" node="1>0|1|5|0|0|0|2" />
        <i3dMapping id="wheelFrontRightHydraulicRef" node="1>0|1|5|0|0|0|3" />
        <i3dMapping id="wheelFrontRightDriveShaftOrient" node="1>0|1|6" />
        <i3dMapping id="wheelFrontRightDriveShaft" node="1>0|1|6|0|0" />
        <i3dMapping id="wheelFrontRightHydraulic" node="1>0|1|7" />
        <i3dMapping id="wheelFrontRightHydraulicPunch" node="1>0|1|7|0" />
        <i3dMapping id="steeringBar" node="1>0|2" />
        <i3dMapping id="steeringBarLeftRef" node="1>0|2|0" />
        <i3dMapping id="steeringBarRightRef" node="1>0|2|1" />
    </i3dMappings>
</vehicle>
