﻿<?xml version="1.0" encoding="utf-8" standalone="no"?>
<modDesc descVersion="92" xmlns:xsi="http://www.w3.org/2001/XMLSchema-instance" xsi:noNamespaceSchemaLocation="https://validation.gdn.giants-software.com/xml/fs25/modDesc.xsd">
    <author>Giants, Jeffro Modding</author>
    <version>1.0.0.0</version>
    <title>
        <en>Claas Arion 400 CUSTOM</en>
    </title>
    <description>
<en><![CDATA[
- Added wide tire options
- Added color options
]]></en>

    </description>
    <iconFilename>i3d/store_arion400.dds</iconFilename>
    <multiplayer supported="true"/>
    <storeItems>
        <storeItem xmlFilename="arion400.xml"/>
    </storeItems>
</modDesc>