﻿<?xml version="1.0" encoding="utf-8" standalone="no"?>
<modDesc descVersion="92" xmlns:xsi="http://www.w3.org/2001/XMLSchema-instance" xsi:noNamespaceSchemaLocation="https://validation.gdn.giants-software.com/xml/fs25/modDesc.xsd">
    <author>Giants, Jeffro Modding</author>
    <version>1.0.0.0</version>
    <title>
        <en>McCormick X8 VT-Drive Custom</en>
    </title>
    <description>
<en><![CDATA[
- Added in wider BKT tires (Broad2) 
- Added in more color options
]]></en>

    </description>
    <iconFilename>store_x8VTDrive.dds</iconFilename>
    <multiplayer supported="true"/>
    <storeItems>
        <storeItem xmlFilename="x8VTDrive.xml"/>
    </storeItems>
</modDesc>