﻿<?xml version="1.0" encoding="utf-8" standalone="no"?>
<modDesc descVersion="93" xmlns:xsi="http://www.w3.org/2001/XMLSchema-instance" xsi:noNamespaceSchemaLocation="https://validation.gdn.giants-software.com/xml/fs25/modDesc.xsd">
    <author>Giants, Jeffro Mods </author>
    <version>1.1.0.0</version>
    <title>
        <en>MF Series5700S Edit</en>
    </title>
    <description>
<en><![CDATA[
MF Series5700S Edit

- Added in wider tire options for all.
- Added LSW tire option

- Added in more color options interior and exterior
--- Interior: wood grain (oak, cedar), leather, more
--- Exterior: Matte black, matte gray, more

- Added HP options (stock HP left alone), change speed to 35mph
-----MF 5713 RS at 195hp (60mph) ***Hood decals turn orange***
-----MF 5713 Xtreme at 400hp (70mph) ***Hood decals turn red***

-Added window tint options (no tint, light tint, dark tint, darkest tint)

Have fun!
-Jeffro
]]></en>

    </description>
    <iconFilename>store_series5700S.dds</iconFilename>
    <multiplayer supported="true"/>
    <storeItems>
        <storeItem xmlFilename="series5700S.xml"/>
    </storeItems>
</modDesc>