﻿<?xml version="1.0" encoding="utf-8" standalone="no" ?>
<vehicle type="tractor" xmlns:xsi="http://www.w3.org/2001/XMLSchema-instance" xsi:noNamespaceSchemaLocation="../../../../shared/xml/schema/vehicle.xsd">
    <annotation>Copyright (C) GIANTS Software GmbH, All Rights Reserved.</annotation>

    <storeData>
        <name>MF 5700 S Custom</name>
        <specs>
            <power>95</power>
            <maxSpeed>40</maxSpeed>
        </specs>
        <functions>
            <function>$l10n_function_tractor</function>
        </functions>
        <storePacks>
            <storePack>STARTER_FORAGE</storePack>
        </storePacks>
        <image>store_series5700S.dds</image>
        <price>92500</price>
        <lifetime>600</lifetime>
        <rotation>0</rotation>
        <brand>MASSEYFERGUSON</brand>
        <category>tractorsS</category>
        <shopTranslationOffset>0 -0.031 0</shopTranslationOffset>
        <shopRotationOffset>0.707 0 0</shopRotationOffset>
        <vertexBufferMemoryUsage>3597824</vertexBufferMemoryUsage>
        <indexBufferMemoryUsage>1518336</indexBufferMemoryUsage>
        <textureMemoryUsage>1703936</textureMemoryUsage>
        <instanceVertexBufferMemoryUsage>0</instanceVertexBufferMemoryUsage>
        <instanceIndexBufferMemoryUsage>0</instanceIndexBufferMemoryUsage>
        <audioMemoryUsage>429350</audioMemoryUsage>
    </storeData>

    <base>
        <typeDesc>$l10n_typeDesc_tractor</typeDesc>
        <filename>i3d/series5700S.i3d</filename>
        <sounds filename="$data/vehicles/masseyFerguson/series5700S/sounds/series5700S.xml"/>
        <size width="2.3" length="4.2" height="3" lengthOffset="0.1"/>
        <components>
            <component centerOfMass="0 0.95 -0.78" solverIterationCount="20" mass="2120" />
            <component centerOfMass="0 0 0" solverIterationCount="25" mass="1800" />
            <joint component1="1" component2="2" node="axisJoint" rotLimit="0 0 10" rotLimitSpring="0 0 4000" rotLimitDamping="0 0 20" maxRotDriveForce="0 0 10" rotDriveRotation="0 0 0" rotDriveSpring="0 0 20" rotDriveDamping="0 0 20" breakable="false"/>
        </components>
        <schemaOverlay attacherJointPosition="0 0" name="VEHICLE" />
        <mapHotspot type="TRACTOR" />
    </base>

    <wheels>
        <wheelConfigurations tireCategories="TRACTOR">
            <wheelConfiguration name="$l10n_configuration_valueDefault" price="0" saveId="DEFAULT" numDynamicConfigurations="1" isDefault="true">
                <wheels autoRotateBackSpeed="2.3">
                    <wheel dimensions="420_70R28" isLeft="true" hasTireTracks="true" hasParticles="true">
                        <physics rotSpeed="1" restLoad="1.2" repr="wheelFrontLeftReprPhys" driveNode="wheelFrontLeft" forcePointRatio="0.3" initialCompression="6" suspTravel="0.12" spring="34" transRatio="1" damper="45" yOffset="0.062"/>
                        <fender node="fenderLeft" rotMax="20"/>
                        <steering node="steeringBar" nodeMinTransX="0.11" nodeMaxTransX="-0.11"/>
                    </wheel>
                    <wheel dimensions="420_70R28" isLeft="false" hasTireTracks="true" hasParticles="true">
                        <physics rotSpeed="1" restLoad="1.2" repr="wheelFrontRightReprPhys" driveNode="wheelFrontRight" forcePointRatio="0.3" initialCompression="6" suspTravel="0.12" spring="34" transRatio="1" damper="45" yOffset="0.062"/>
                        <fender node="fenderRight" rotMin="-20"/>
                    </wheel>
                    <wheel dimensions="520_70R38" isLeft="true" hasTireTracks="true" hasParticles="true">
                        <physics rotSpeed="0" restLoad="1.2" repr="wheelBackLeft" forcePointRatio="0.3" initialCompression="6" suspTravel="0.12" spring="33" damper="45" yOffset="0.04"/>
                    </wheel>
                    <wheel dimensions="520_70R38" isLeft="false" hasTireTracks="true" hasParticles="true">
                        <physics rotSpeed="0" restLoad="1.2" repr="wheelBackRight" forcePointRatio="0.3" initialCompression="6" suspTravel="0.12" spring="33" damper="45" yOffset="0.04"/>
                    </wheel>
                </wheels>
            </wheelConfiguration>
            <wheelConfiguration name="$l10n_configuration_valueWheelWeights" price="3000" saveId="WEIGHTS" numDynamicConfigurations="1">
                <wheels baseConfig="DEFAULT">
                    <wheel/>
                    <wheel/>
                    <wheel configId="weight3"/>
                    <wheel configId="weight3"/>
                </wheels>
            </wheelConfiguration>

            <wheelConfiguration name="$l10n_configuration_valueWheelBroad" price="2000" saveId="BROAD" numDynamicConfigurations="1">
                <wheels baseConfig="DEFAULT" ackermannSteeringIndex="2">
                    <wheel dimensions="480_65R28"/>
                    <wheel dimensions="480_65R28"/>
                    <wheel dimensions="600_65R38"/>
                    <wheel dimensions="600_65R38"/>
                </wheels>
            </wheelConfiguration>
            <wheelConfiguration name="$l10n_configuration_valueWheelBroadWeights" price="5000" saveId="BROAD_WEIGHTS" numDynamicConfigurations="1">
                <wheels baseConfig="BROAD" ackermannSteeringIndex="2">
                    <wheel/>
                    <wheel/>
                    <wheel configId="weight3"/>
                    <wheel configId="weight3"/>
                </wheels>
            </wheelConfiguration>

			<!-- ===========ADDED TIRES============ -->
			<wheelConfiguration name="Broad X1" price="0" saveId="BROAD2" numDynamicConfigurations="1">
                <wheels baseConfig="DEFAULT" ackermannSteeringIndex="2">
                    <wheel dimensions="480_65R28"/>
                    <wheel dimensions="480_65R28"/>
                    <wheel dimensions="600_65R38"/>
                    <wheel dimensions="600_65R38"/>
                </wheels>
				<objectChange node="wheelFrontLeft" 			scaleActive="1.25 1.0 1.0"/>
				<objectChange node="wheelFrontRight" 		scaleActive="1.25 1.0 1.0"/>
				<objectChange node="wheelBackLeft" 			scaleActive="1.5 1.0 1.0"/>
				<objectChange node="wheelBackRight" 		scaleActive="1.5 1.0 1.0"/>
            </wheelConfiguration>
            <wheelConfiguration name="Broad X1 w/ Weights" price="0" numDynamicConfigurations="1">
                <wheels baseConfig="BROAD2" ackermannSteeringIndex="2">
                    <wheel/>
                    <wheel/>
                    <wheel configId="weight3"/>
                    <wheel configId="weight3"/>
                </wheels>
            </wheelConfiguration>

			<wheelConfiguration name="Broad X2" price="0" saveId="BROAD3" numDynamicConfigurations="1">
                <wheels baseConfig="DEFAULT" ackermannSteeringIndex="2">
                    <wheel dimensions="540_65R28"/>
                    <wheel dimensions="540_65R28"/>
                    <wheel dimensions="650_65R38"/>
                    <wheel dimensions="650_65R38"/>
                </wheels>
				<objectChange node="wheelFrontLeft" 			scaleActive="1.25 1.0 1.0"/>
				<objectChange node="wheelFrontRight" 		scaleActive="1.25 1.0 1.0"/>
				<objectChange node="wheelBackLeft" 		translationActive="0.96 0.82 -1.15"		scaleActive="1.5 1.0 1.0"/>
				<objectChange node="wheelBackRight" 	translationActive="-0.96 0.82 -1.15"		scaleActive="1.5 1.0 1.0"/>
            </wheelConfiguration>
            <wheelConfiguration name="Broad X2 w/ Weights" price="0" numDynamicConfigurations="1">
                <wheels baseConfig="BROAD3" ackermannSteeringIndex="2">
                    <wheel/>
                    <wheel/>
                    <wheel configId="weight3"/>
                    <wheel configId="weight3"/>
                </wheels>
            </wheelConfiguration>

            <wheelConfiguration name="LSW 850/1400" price="10500" brand="LIZARD" saveId="LSW">
                <wheels autoRotateBackSpeed="2.3">
                    <wheel filename="LSW_1400_850/LSW_850.xml" isLeft="true" hasTireTracks="true" hasParticles="true">
                        <physics rotSpeed="1" restLoad="1.2" repr="wheelFrontLeftReprPhys" driveNode="wheelFrontLeft" forcePointRatio="0.3" initialCompression="50" suspTravel="0.12" spring="34" transRatio="1" damper="45" yOffset="0.062" />
                        <fender node="fenderLeft" rotMax="20" />
                        <steering node="steeringBar" nodeMinTransX="0.11" nodeMaxTransX="-0.11" />
                    </wheel>
                    <wheel filename="LSW_1400_850/LSW_850.xml" isLeft="false" hasTireTracks="true" hasParticles="true">
                        <physics rotSpeed="1" restLoad="1.2" repr="wheelFrontRightReprPhys" driveNode="wheelFrontRight" forcePointRatio="0.3" initialCompression="50" suspTravel="0.12" spring="34" transRatio="1" damper="45" yOffset="0.062" />
                        <fender node="fenderRight" rotMin="-20" />
                    </wheel>
                    <wheel filename="LSW_1400_850/LSW_1400.xml" isLeft="true" hasTireTracks="true" hasParticles="true">
                        <physics rotSpeed="0" restLoad="1.2" repr="wheelBackLeft" forcePointRatio="0.3" initialCompression="45" suspTravel="0.12" spring="33" damper="45" yOffset="0.04" />
                    </wheel>
                    <wheel filename="LSW_1400_850/LSW_1400.xml" isLeft="false" hasTireTracks="true" hasParticles="true">
                        <physics rotSpeed="0" restLoad="1.2" repr="wheelBackRight" forcePointRatio="0.3" initialCompression="45" suspTravel="0.12" spring="33" damper="45" yOffset="0.04" />
                    </wheel>
                </wheels>
                <objectChange node="wheelFrontLeft"     translationActive="0.01 -0.05 0"         scaleActive="1.0 1.0 1.0" />
                <objectChange node="wheelFrontRight"    translationActive="-0.01 -0.05 0"        scaleActive="1.0 1.0 1.0" />
                <objectChange node="wheelBackLeft"      translationActive="1.06 0.75 -1.17"     scaleActive="0.90 0.95 0.95" />
                <objectChange node="wheelBackRight"     translationActive="-1.06 0.75 -1.17"    scaleActive="0.90 0.95 0.95" />
                <objectChange node="fenderLeft" visibilityActive="false" />
                <objectChange node="fenderRight" visibilityActive="false" />
            </wheelConfiguration>
			<!-- ===========ADDED TIRES============ -->

            <wheelConfiguration name="$l10n_configuration_valueWheelNarrow" price="1000" saveId="NARROW" numDynamicConfigurations="1">
                <wheels baseConfig="DEFAULT" isCareWheelConfiguration="true">
                    <wheel dimensions="270_95R32"/>
                    <wheel dimensions="270_95R32"/>
                    <wheel dimensions="300_95R46"/>
                    <wheel dimensions="300_95R46"/>
                </wheels>
            </wheelConfiguration>
            <wheelConfiguration name="$l10n_configuration_valueTwinWheelsBackNarrow" price="3000" saveId="TWIN_BACK_NARROW" numDynamicConfigurations="1">
                <wheels baseConfig="NARROW">
                    <wheel/>
                    <wheel/>
                    <wheel>
                        <additionalWheel configId="dual" offset="0.25">
                            <connector filename="$data/shared/wheels/rims/dual001_2.xml"/>
                        </additionalWheel>
                    </wheel>
                    <wheel>
                        <additionalWheel configId="dual" offset="0.25">
                            <connector filename="$data/shared/wheels/rims/dual001_2.xml"/>
                        </additionalWheel>
                    </wheel>
                </wheels>

            </wheelConfiguration>
            <wheelConfiguration name="$l10n_configuration_valueTwinWheelsNarrow" price="6000" saveId="TWIN_ALL_NARROW" numDynamicConfigurations="1">
                <wheels baseConfig="NARROW" ackermannSteeringIndex="3">
                    <wheel>
                        <additionalWheel configId="dual" offset="0.25">
                            <connector filename="$data/shared/wheels/rims/dual001_2.xml"/>
                        </additionalWheel>
                    </wheel>
                    <wheel>
                        <additionalWheel configId="dual" offset="0.25">
                            <connector filename="$data/shared/wheels/rims/dual001_2.xml"/>
                        </additionalWheel>
                    </wheel>
                    <wheel>
                        <additionalWheel configId="dual" offset="0.25">
                            <connector filename="$data/shared/wheels/rims/dual001_2.xml"/>
                        </additionalWheel>
                    </wheel>
                    <wheel>
                        <additionalWheel configId="dual" offset="0.25">
                            <connector filename="$data/shared/wheels/rims/dual001_2.xml"/>
                        </additionalWheel>
                    </wheel>
                </wheels>
            </wheelConfiguration>

            <wheelConfiguration name="$l10n_configuration_valueTwinWheelsBack" price="5000" saveId="TWIN_BACK" numDynamicConfigurations="1">
            <tireCombination brand="NOKIAN" names="-"/>
                <wheels baseConfig="DEFAULT">
                    <wheel/>
                    <wheel/>
                    <wheel>
                        <additionalWheel configId="dual" offset="0.1">
                            <connector filename="$data/shared/wheels/rims/dual001_2.xml"/>
                        </additionalWheel>
                    </wheel>
                    <wheel>
                        <additionalWheel configId="dual" offset="0.1">
                            <connector filename="$data/shared/wheels/rims/dual001_2.xml"/>
                        </additionalWheel>
                    </wheel>
                </wheels>
            </wheelConfiguration>
            <wheelConfiguration name="$l10n_configuration_valueTwinWheelsAll" price="8000" saveId="TWIN_ALL" numDynamicConfigurations="1">
            <tireCombination brand="NOKIAN" names="-"/>
                <wheels baseConfig="DEFAULT" ackermannSteeringIndex="3">
                    <wheel>
                        <additionalWheel configId="dual" offset="0.1">
                            <connector filename="$data/shared/wheels/rims/dual001_2.xml"/>
                        </additionalWheel>
                    </wheel>
                    <wheel>
                        <additionalWheel configId="dual" offset="0.1">
                            <connector filename="$data/shared/wheels/rims/dual001_2.xml"/>
                        </additionalWheel>
                    </wheel>
                    <wheel>
                        <additionalWheel configId="dual" offset="0.1">
                            <connector filename="$data/shared/wheels/rims/dual001_2.xml"/>
                        </additionalWheel>
                    </wheel>
                    <wheel>
                        <additionalWheel configId="dual" offset="0.1">
                            <connector filename="$data/shared/wheels/rims/dual001_2.xml"/>
                        </additionalWheel>
                    </wheel>
                </wheels>
            </wheelConfiguration>

            <wheelConfiguration name="$l10n_configuration_valueWheelCommunal" price="1000" saveId="COMMUNAL" tireCategories="TRACTOR_COMMUNAL" numDynamicConfigurations="1">
                <wheels baseConfig="DEFAULT">
                    <wheel dimensions="480_65R28"/>
                    <wheel dimensions="480_65R28"/>
                    <wheel dimensions="600_65R38"/>
                    <wheel dimensions="600_65R38"/>
                </wheels>
            </wheelConfiguration>
        </wheelConfigurations>

        <rimMaterial materialTemplateName="SHARED_BLACK0"/>
        <additionalMaterial materialTemplateName="SHARED_BLACK0"/>
        <hubMaterial materialTemplateName="SHARED_BLACK0" />

        <hubs>
            <hub linkNode="wheelFrontLeft"  filename="$data/shared/wheels/hubs/hub_n8_4.xml" isLeft="true"  scale="0.25 0.25 0.25" />
            <hub linkNode="wheelFrontRight" filename="$data/shared/wheels/hubs/hub_n8_4.xml" isLeft="false" scale="0.25 0.25 0.25" />
            <hub linkNode="wheelBackLeft"   filename="$data/shared/wheels/hubs/hub_n8_3.xml" isLeft="true"  scale="0.25 0.25 0.25" />
            <hub linkNode="wheelBackRight"  filename="$data/shared/wheels/hubs/hub_n8_3.xml" isLeft="false" scale="0.25 0.25 0.25" />
        </hubs>

        <ackermannSteeringConfigurations>
            <ackermannSteering rotSpeed="40" rotMax="35" rotCenterWheel1="3" rotCenterWheel2="4" />
            <ackermannSteering rotSpeed="40" rotMax="32" rotCenterWheel1="3" rotCenterWheel2="4" />
            <ackermannSteering rotSpeed="40" rotMax="26" rotCenterWheel1="3" rotCenterWheel2="4" />
        </ackermannSteeringConfigurations>
    </wheels>

    <speedRotatingParts>
        <speedRotatingPart node="driveShaftLeft01"  wheelIndex="1" wheelScale="5"/>
        <speedRotatingPart node="driveShaftLeft02"  wheelIndex="1" wheelScale="5"/>
        <speedRotatingPart node="driveShaftRight01" wheelIndex="2" wheelScale="5"/>
        <speedRotatingPart node="driveShaftRight02" wheelIndex="2" wheelScale="5"/>
    </speedRotatingParts>

    <lights>
        <states>
            <state lightTypes="0" />
            <state lightTypes="0 1" />
            <state lightTypes="0 1 2" />
        </states>

        <sharedLight linkNode="plateNumberLight01" filename="$data/shared/assets/lights/lizard/plateNumberLight01.xml" lightTypes="0"/>
        <sharedLight linkNode="plateNumberLight02" filename="$data/shared/assets/lights/lizard/plateNumberLight01.xml" lightTypes="0"/>

        <realLights>
            <low>
                <light node="frontLightLow"     lightTypes="0" excludedLightTypes="2 3"/>
                <light node="workLightBackLow"  lightTypes="1"/>
                <light node="workLightFrontLow" lightTypes="2"/>
                <light node="highBeamLow"       lightTypes="3"/>
            </low>
            <high>
                <light          node="frontLightHighBottom"  lightTypes="0" isBottomLight="true" excludedLightTypes="2 3"/>
                <light          node="highBeamHightTop"      lightTypes="0" isTopLight="true"    excludedLightTypes="2 3"/>
                <light          node="licensePlateLightHigh" lightTypes="0"/>
                <light          node="backLightsHigh"        lightTypes="0"/>
                <light          node="workLightBackHigh"     lightTypes="1"/>
                <light          node="workLightFrontHigh"    lightTypes="2"/>
                <light          node="highBeamHighBottom"    lightTypes="3" isBottomLight="true"/>
                <light          node="frontLightHighTop"     lightTypes="3" isTopLight="true"/>
                <brakeLight     node="backLightsHigh" />
                <turnLightLeft  node="turnLightLeftFront" />
                <turnLightRight node="turnLightRightFront" />
                <interiorLight  node="interiorScreenLight" intensityScale="0.1"/>
            </high>
        </realLights>

        <staticLightCompounds>
            <staticLightCompound>
                <node node="lights_static"           intensity="5"/>
                <node node="lightsGlass_static"      intensity="1"/>
                <node node="lightsCabin_static"      intensity="5"/>
                <node node="lightsCabinGlass_static" intensity="1"/>
            </staticLightCompound>
        </staticLightCompounds>

         <beaconLights>
             <beaconLight node="beaconLight07_01" filename="$data/shared/assets/beaconLights/lizard/beaconLight07.xml" />
             <beaconLight node="beaconLight07_02" filename="$data/shared/assets/beaconLights/lizard/beaconLight07.xml" />
         </beaconLights>

        <dashboards>
            <dashboard displayType="EMITTER" valueType="lightState"      node="cabinLight_decals"            intensity="0.2"                           lightTypes="0" groups="MOTOR_ACTIVE"/>
            <dashboard displayType="EMITTER" valueType="turnLightHazard" node="hazardlight_decals"                           baseColor="DARK_GREY"                    groups="MOTOR_ACTIVE"/>
            <dashboard displayType="EMITTER" valueType="turnLightLeft"   node="turnlightLeft01_decals"       intensity="100" baseColor="DARK_GREY"                    groups="MOTOR_ACTIVE"/>
            <dashboard displayType="EMITTER" valueType="turnLightRight"  node="turnlightRight01_decals"      intensity="100" baseColor="DARK_GREY"                    groups="MOTOR_ACTIVE"/>
            <dashboard displayType="EMITTER" valueType="lightState"      node="worklightBackLight_decals"    intensity="0.2"                           lightTypes="1" groups="MOTOR_ACTIVE"/>
            <dashboard displayType="EMITTER" valueType="lightState"      node="worklightFrontLight_decals"   intensity="0.2"                           lightTypes="2" groups="MOTOR_ACTIVE"/>
            <dashboard displayType="EMITTER" valueType="beaconLight"     node="beaconlight_decals"           intensity="0.2"                           lightTypes="2" groups="MOTOR_ACTIVE"/>
            <dashboard displayType="EMITTER" valueType="turnLightAny"    node="turnLightAttachment02_decals" intensity="0.2" baseColor="RIM_CONFIGURATION_BLACK"                groups="MOTOR_ACTIVE FRONT_ATTACHMENT"/>
            <dashboard displayType="EMITTER" valueType="turnLightAny"    node="turnLightAttachment01_decals" intensity="0.2" baseColor="RIM_CONFIGURATION_BLACK"                groups="MOTOR_ACTIVE BACK_ATTACHMENT"/>

            <dashboard displayType="ROT" valueType="turnLightHazard" node="switchHazardLight" minRot="0 0 0"  maxRot="0 0 -10" doInterpolation="true" />
            <dashboard displayType="ROT" valueType="lightState"      node="leverHighBeam"     minRot="0 0 0"  maxRot="0 0 10"  doInterpolation="true" lightTypes="3"/>
            <dashboard displayType="ROT" valueType="turnLight"       node="leverTurnLight"    minRot="0 10 0" maxRot="0 -10 0" doInterpolation="true" />
        </dashboards>
    </lights>

    <attacherJoints comboDuration="2">
        <attacherJoint node="attacherJointBack" upperRotationOffset="0.53" lowerRotationOffset="0.53" moveTime="2.5" comboTime="1">
            <distanceToGround lower="0.32" upper="1.15" />
            <rotationNode node="attacherJointBackRot" lowerRotation="-21 0 0" upperRotation="35 0 0" />
            <rotationNode2 node="attacherJointBackRot2" />
            <bottomArm rotationNode="attacherJointBackArmBottom" translationNode="attacherJointBackArmBottomTrans" referenceNode="referencePointBackBottom" zScale="-1" startRotation="-15 0 0" categoryRange="1 4" defaultCategory="2" >
                <armLeft node="attacherJointBackArmBottomLeft" referenceNode="attacherJointBackArmBottomLeftRef"/>
                <armRight node="attacherJointBackArmBottomRight" referenceNode="attacherJointBackArmBottomRightRef"/>
            </bottomArm>
            <topArm baseNode="attacherJointBackArmTop" filename="$data/shared/assets/upperLinks/walterscheidHO_90_600.xml" zScale="-1" materialTemplateName="RIM_CONFIGURATION_BLACK"/>
            <schema position="1 0" rotation="0" invertX="false" />
            <visuals hide="trailerLowNode trailerAttacherNode"/>
            <additionalToolConnection id="SIDE_MOUNT" node="sideMountLinkage" />
            <objectChange node="attacherJointBackArmTopBolt" rotationActive="-60 0 0" rotationInactive="0 0 0"/>
        </attacherJoint>
        <attacherJoint node="attacherJointFront" upperRotationOffset="-0.57" lowerRotationOffset="-0.57" moveTime="2.5" comboTime="0">
            <distanceToGround lower="0.32" upper="0.99" />
            <rotationNode node="attacherJointFrontRot" lowerRotation="22 0 0" upperRotation="-40 0 0" />
            <rotationNode2 node="attacherJointFrontRot2" />
            <bottomArm rotationNode="attacherJointFrontArmBottom" translationNode="bottomLinkFront" referenceNode="referencePointFrontBottom" zScale="1" startRotation="-37.259 0 0" categoryRange="2"/>
            <topArm baseNode="attacherJointFrontArmTop" filename="$data/shared/assets/upperLinks/walterscheidSO_65_460.xml" zScale="1" toggleVisibility="true" materialTemplateName="RIM_CONFIGURATION_BLACK"/>
            <schema position="1 0" rotation="0" invertX="true" />
            <objectChange node="bottomLinkFrontLeftPart" rotationActive="0 0 -57.137" rotationInactive="0 0 0"/>
            <objectChange node="bottomLinkFrontRightPart" rotationActive="0 0 57.137" rotationInactive="0 0 0"/>
        </attacherJoint>
        <attacherJoint node="trailerAttacherJointBack" jointType="trailer" lowerRotLimit="25 65 50" allowsJointLimitMovement="false" comboTime="1">
            <distanceToGround lower="0.60" upper="1.07" />
            <transNode node="trailerAttacherNode" minY="0.61" maxY="1.081" height="0.25">
                <dependentBottomArm node="attacherJointBackArmBottom" threshold="0.65" rotation="35 0 0"/>
            </transNode>
            <schema position="1 0" rotation="0" invertX="false" />
            <visuals nodes="trailerAttacherNode" hide="trailerLowNode"/>
        </attacherJoint>
        <attacherJoint node="trailerAttacherJointBackLow" jointType="trailerLow" lowerRotLimit="25 60 50" lowerTransLimit="0 0 0" allowsJointLimitMovement="false" comboTime="1">
            <distanceToGround lower="0.58" upper="1.10" />
            <transNode node="trailerLowNode" minY="0.6" maxY="1.114">
                <dependentBottomArm node="attacherJointBackArmBottom" rotation="35 0 0"/>
            </transNode>
            <schema position="1 0" rotation="0" invertX="false" />
            <visuals nodes="trailerLowNode" hide="trailerAttacherNode"/>
            <steeringBars leftNode="trailerSteeringLeftRef" rightNode="trailerSteeringRightRef" />
        </attacherJoint>
        <attacherJoint node="trailerAttacherJointFront" jointType="trailer" lowerRotLimit="25 45 50" lowerTransLimit="0 0 0" allowsJointLimitMovement="false" comboTime="0">
            <schema position="1 0" rotation="0" invertX="true" />
            <objectChange node="bottomLinkFrontLeftPart" visibilityActive="false" visibilityInactive="true" />
            <objectChange node="bottomLinkFrontRightPart" visibilityActive="false" visibilityInactive="true" />
        </attacherJoint>
    </attacherJoints>

    <frontloaderConfigurations>
        <frontloaderConfiguration name="$l10n_ui_no" price="0"/>
        <frontloaderConfiguration name="Quicke" price="1500" displayBrand="QUICKE">
            <attacherJoint node="attacherJointFrontloader" jointType="attachableFrontloader" lowerTransLimit="0 0 0" lowerRotLimit="0 0 0" moveTime="2" frontAxisLimitJoint="false">
                <schema position="0.8 0" rotation="0" invertX="true" />
            </attacherJoint>
            <objectChange node="frontloaderConsoleQuicke" visibilityActive="true" visibilityInactive="false" />
        </frontloaderConfiguration>
    </frontloaderConfigurations>

    <connectionHoses>
        <target attacherJointIndices="1 3 4" type="airDoubleRed"    node="airDoubleStorage" socket="air_red"/>
        <target attacherJointIndices="1 3 4" type="airDoubleYellow" node="airDoubleControl" socket="air_yellow"/>
        <target attacherJointIndices="1 3 4" type="electric"        node="electricBack"     socket="electric"/>
        <target attacherJointIndices="2 5"   type="electric"        node="electricFront"    socket="electric"/>
        <target attacherJointIndices="1 3 4" type="isobus"          node="isobusBack"       socket="isobus"/>

        <target attacherJointIndices="1 3 4" type="hydraulicIn" node="hydraulic01_in">
            <objectChange node="hydraulic01_in_cover" rotationActive="0 0 -100" rotationInactive="0 0 0"/>
        </target>
        <target attacherJointIndices="1 3 4" type="hydraulicOut" node="hydraulic01_out">
            <objectChange node="hydraulic01_out_cover" rotationActive="0 0 -100" rotationInactive="0 0 0"/>
        </target>
        <target attacherJointIndices="1 3 4" type="hydraulicIn" node="hydraulic02_in">
            <objectChange node="hydraulic02_in_cover" rotationActive="0 0 -100" rotationInactive="0 0 0"/>
        </target>
        <target attacherJointIndices="1 3 4" type="hydraulicOut" node="hydraulic02_out">
            <objectChange node="hydraulic02_out_cover" rotationActive="0 0 -100" rotationInactive="0 0 0"/>
        </target>
        <target attacherJointIndices="1 3 4" type="hydraulicIn" node="hydraulic03_in">
            <objectChange node="hydraulic03_in_cover" rotationActive="0 0 -100" rotationInactive="0 0 0"/>
        </target>
        <target attacherJointIndices="1 3 4" type="hydraulicOut" node="hydraulic03_out">
            <objectChange node="hydraulic03_out_cover" rotationActive="0 0 -100" rotationInactive="0 0 0"/>
        </target>
        <target attacherJointIndices="1 3 4" type="hydraulicIn" node="hydraulic04_in">
            <objectChange node="hydraulic04_in_cover" rotationActive="0 0 -100" rotationInactive="0 0 0"/>
        </target>
        <target attacherJointIndices="1 3 4" type="hydraulicOut" node="hydraulic04_out">
            <objectChange node="hydraulic04_out_cover" rotationActive="0 0 -100" rotationInactive="0 0 0"/>
        </target>

        <toolConnectorHose mountingNode="rightPipe">
            <startTarget attacherJointIndices="2 5"   type="TOOL_CONNECTOR_TOP_RIGHT" node="rightPipe_frontConnector"/>
            <endTarget   attacherJointIndices="1 3 4" type="TOOL_CONNECTOR_TOP_RIGHT" node="rightPipe_backConnector"/>
        </toolConnectorHose>

        <toolConnectorHose mountingNode="bottomPipe01">
            <startTarget attacherJointIndices="2 5"   type="TOOL_CONNECTOR_BOTTOM_01" node="bottomPipe01_frontConnector"/>
            <endTarget   attacherJointIndices="1 3 4" type="TOOL_CONNECTOR_BOTTOM_01" node="bottomPipe01_backConnector"/>
        </toolConnectorHose>

        <toolConnectorHose mountingNode="bottomPipe02">
            <startTarget attacherJointIndices="2 5"   type="TOOL_CONNECTOR_BOTTOM_02" node="bottomPipe02_frontConnector"/>
            <endTarget   attacherJointIndices="1 3 4" type="TOOL_CONNECTOR_BOTTOM_02" node="bottomPipe02_backConnector"/>
        </toolConnectorHose>

        <toolConnectorHose mountingNode="bottomPipe03">
            <startTarget attacherJointIndices="2 5"   type="TOOL_CONNECTOR_BOTTOM_03" node="bottomPipe03_frontConnector"/>
            <endTarget   attacherJointIndices="1 3 4" type="TOOL_CONNECTOR_BOTTOM_03" node="bottomPipe03_backConnector"/>
        </toolConnectorHose>

        <toolConnectorHose mountingNode="bottomPipe04">
            <startTarget attacherJointIndices="2 5"   type="TOOL_CONNECTOR_BOTTOM_04" node="bottomPipe04_frontConnector"/>
            <endTarget   attacherJointIndices="1 3 4" type="TOOL_CONNECTOR_BOTTOM_04" node="bottomPipe04_backConnector"/>
        </toolConnectorHose>
    </connectionHoses>

    <powerTakeOffs>
        <output attacherJointIndices="1 3 4" outputNode="ptoBack">
            <dashboard displayType="EMITTER" valueType="state" node="ptoBack_decals" idleValue="-1" intensity="0.2" groups="MOTOR_ACTIVE"/>
        </output>
        <output attacherJointIndices="2 5" outputNode="ptoFront">
            <dashboard displayType="EMITTER" valueType="state" node="ptoFront_decals" idleValue="-1" intensity="0.2" groups="MOTOR_ACTIVE"/>
        </output>
    </powerTakeOffs>

    <enterable isTabbable="true" >
        <enterReferenceNode node="series5700S_main_component1" />
        <exitPoint node="exitPoint" />

        <cameras>
            <camera node="outdoorCamera1" rotatable="true" rotateNode="outdoorCameraTarget" limit="true" useWorldXZRotation="true" rotMinX="-1.4" rotMaxX="1" transMin="3.5" transMax="40" translation="0 0 5.65" rotation="-20 180 0">
                <raycastNode node="cameraRaycastNode1"/>
                <raycastNode node="cameraRaycastNode2"/>
                <raycastNode node="cameraRaycastNode3"/>
            </camera>
            <camera node="indoorCamera1" rotatable="true" limit="true" rotMinX="-1.1" rotMaxX="0.4" transMin="0" transMax="0" useMirror="true" isInside="true" shadowFocusBox="shadowFocusBox" suspensionNodeIndex="2" />
        </cameras>

        <characterNode node="playerSkin" cameraMinDistance="0.5" >
            <target ikChain="rightFoot" targetNode="playerRightFootTarget" />
            <target ikChain="leftFoot"  targetNode="playerLeftFootTarget" />
            <target ikChain="rightArm"  targetNode="playerRightHandTarget" poseId="narrowFingers"/>
            <target ikChain="leftArm"   targetNode="playerLeftHandTarget" />
        </characterNode>

        <characterTargetNodeModifier node="playerRightFootTarget" transitionTime="0.1" >
            <state node="playerRightFootTargetGas"   referenceNode="gasPedal" directionReferenceNode="playerRightFootTargetGasRef" />
            <state node="playerRightFootTargetBrake" referenceNode="brakePedal" />
        </characterTargetNodeModifier>

        <characterTargetNodeModifier node="playerRightHandTarget" transitionTime="0.1" poseId="wideFingers">
            <state node="playerRightHandTargetFrontloaderJoystick" referenceNode="frontloaderJoystick"   poseId="narrowFingers"/>
        </characterTargetNodeModifier>

        <mirrors>
            <mirror node="mirrorDecal01" prio="1" />
            <mirror node="mirrorDecal02" prio="1" />
            <mirror node="mirrorDecal03" prio="2" />
        </mirrors>

        <dashboards>
            <dashboard displayType="TEXT" valueType="time" node="numbersTime" textColor="1 1 1 1" textSize="0.005" textMask="00:00"   font="GENERIC" textAlignment="CENTER" groups="MOTOR_ACTIVE"/>
        </dashboards>
    </enterable>

    <licensePlates>
        <licensePlate node="licensePlateNodeFront" position="FRONT" preferedType="SQUARISH"  placementArea="0.27 0.27 0.26 0.27"/>
        <licensePlate node="licensePlateNodeBack"  position="BACK"  preferedType="ELONGATED" placementArea="0.06 0.26 0.06 0.26"/>
    </licensePlates>

    <motorized>
        <consumerConfigurations>
            <consumerConfiguration>
                <consumer fillUnitIndex="1" usage="38"  fillType="diesel" />  <!-- usage is per hour at max load and max rpm -->
                <consumer fillUnitIndex="2" usage="5.2" fillType="def" />     <!-- usage is per hour at max load and max rpm -->
                <consumer fillUnitIndex="3" usage="250" fillType="air" permanentConsumption="false" refillLitersPerSecond="350" refillCapacityPercentage="0.5" /> <!-- usage per second at full brake power -->
            </consumerConfiguration>
            <consumerConfiguration>
                <consumer fillUnitIndex="1" usage="40"  fillType="diesel" />  <!-- usage is per hour at max load and max rpm -->
                <consumer fillUnitIndex="2" usage="5.4" fillType="def" />     <!-- usage is per hour at max load and max rpm -->
                <consumer fillUnitIndex="3" usage="250" fillType="air" permanentConsumption="false" refillLitersPerSecond="350" refillCapacityPercentage="0.5" /> <!-- usage per second at full brake power -->
            </consumerConfiguration>
            <consumerConfiguration>
                <consumer fillUnitIndex="1" usage="44"  fillType="diesel" />  <!-- usage is per hour at max load and max rpm -->
                <consumer fillUnitIndex="2" usage="5.9" fillType="def" />     <!-- usage is per hour at max load and max rpm -->
                <consumer fillUnitIndex="3" usage="250" fillType="air" permanentConsumption="false" refillLitersPerSecond="350" refillCapacityPercentage="0.5" /> <!-- usage per second at full brake power -->
            </consumerConfiguration>
            <consumerConfiguration>
                <consumer fillUnitIndex="1" usage="48"  fillType="diesel" />  <!-- usage is per hour at max load and max rpm -->
                <consumer fillUnitIndex="2" usage="6.5" fillType="def" />     <!-- usage is per hour at max load and max rpm -->
                <consumer fillUnitIndex="3" usage="250" fillType="air" permanentConsumption="false" refillLitersPerSecond="350" refillCapacityPercentage="0.5" /> <!-- usage per second at full brake power -->
            </consumerConfiguration>
            <consumerConfiguration>
                <consumer fillUnitIndex="1" usage="52"  fillType="diesel" />  <!-- usage is per hour at max load and max rpm -->
                <consumer fillUnitIndex="2" usage="7.1" fillType="def" />     <!-- usage is per hour at max load and max rpm -->
                <consumer fillUnitIndex="3" usage="250" fillType="air" permanentConsumption="false" refillLitersPerSecond="350" refillCapacityPercentage="0.5" /> <!-- usage per second at full brake power -->
            </consumerConfiguration>
        </consumerConfigurations>

        <differentialConfigurations>
            <differentialConfiguration>
                <differentials>
                    <differential torqueRatio="0.5" maxSpeedRatio="1.5" wheelIndex1="1" wheelIndex2="2" /> <!-- front left-right -->
                    <differential torqueRatio="0.5" maxSpeedRatio="1.6" wheelIndex1="3" wheelIndex2="4" /> <!-- back left-right -->
                    <differential torqueRatio="0.5" maxSpeedRatio="1.3" differentialIndex1="1" differentialIndex2="2" /> <!-- front-back -->
                </differentials>
            </differentialConfiguration>
        </differentialConfigurations>

        <motorConfigurations>
            <motorConfiguration name="MF 5709 S" price="0" hp="95" consumerConfigurationIndex="1">
                <motor torqueScale="0.402" minRpm="850" maxRpm="2500" maxForwardSpeed="73" maxBackwardSpeed="42" brakeForce="3.2" lowBrakeForceScale="0.1" dampingRateScale="0.2">
                    <torque normRpm="0.45" torque="0.9"/>
                    <torque normRpm="0.50" torque="0.97"/>
                    <torque normRpm="0.59" torque="1"/>
                    <torque normRpm="0.72" torque="1"/>
                    <torque normRpm="0.86" torque="0.88"/>
                    <torque normRpm="1.00" torque="0.72"/>
                </motor>
                <transmission minForwardGearRatio="8.3" maxForwardGearRatio="320" minBackwardGearRatio="12.3" maxBackwardGearRatio="320" name="$l10n_info_transmission_cvt"/>
            </motorConfiguration>
            <motorConfiguration name="MF 5710 S" price="5000" hp="100" consumerConfigurationIndex="2">
                <motor torqueScale="0.423" dampingRateScale="0.25"/>
                <objectChange node="engineConfig_decal" shaderParameter="offsetUV" shaderParameterActive="0 -0.165 0 0" interpolation="false"/>
            </motorConfiguration>
            <motorConfiguration name="MF 5711 S" price="7500" hp="110" consumerConfigurationIndex="3">
                <motor torqueScale="0.466" dampingRateScale="0.3"/>
                <objectChange node="engineConfig_decal" shaderParameter="offsetUV" shaderParameterActive="0 -0.330 0 0" interpolation="false"/>
            </motorConfiguration>
            <motorConfiguration name="MF 5712 S" price="12500" hp="120" consumerConfigurationIndex="4">
                <motor torqueScale="0.508" dampingRateScale="0.35"/>
                <objectChange node="engineConfig_decal" shaderParameter="offsetUV" shaderParameterActive="0 -0.495 0 0" interpolation="false"/>
            </motorConfiguration>
            <motorConfiguration name="MF 5713 S" price="17500" hp="130" consumerConfigurationIndex="4">
                <motor torqueScale="1.55" dampingRateScale="1.0"/>
                <objectChange node="engineConfig_decal" shaderParameter="offsetUV" shaderParameterActive="0 -0.660 0 0" interpolation="false"/>
            </motorConfiguration>
            <!-- ==================================== Added Options ==================================== -->
			<motorConfiguration name="MF 5713 RS" price="17500" hp="195" consumerConfigurationIndex="4">
                <motor torqueScale="4.55" dampingRateScale="1.0" brakeForce="5.2" maxForwardSpeed="97" />
                <objectChange node="engineConfig_decal" shaderParameter="offsetUV" shaderParameterActive="0 -0.660 0 0" interpolation="false"/>
                <material node="0>0|10|3" materialSlotName="hooddecals_S_massyferguson_mat" materialTemplateName="ALPEGO_ORANGE1" materialTemplateUseColorOnly="true" />
                <material node="0>0|10|4" materialSlotName="hooddecals_modelnumber_mat" materialTemplateName="ALPEGO_ORANGE1" materialTemplateUseColorOnly="true" />
            </motorConfiguration>
            <motorConfiguration name="MF 5713 Xtreme" price="-17500" hp="400" consumerConfigurationIndex="4">
                <motor torqueScale="8.55" dampingRateScale="1.0" brakeForce="15.2" maxForwardSpeed="113"/>
                <objectChange node="engineConfig_decal" shaderParameter="offsetUV" shaderParameterActive="0 -0.660 0 0" interpolation="false" />
                <material node="0>0|10|3" materialSlotName="hooddecals_S_massyferguson_mat" materialTemplateName="CASEIH_RED1" materialTemplateUseColorOnly="true" />
                <material node="0>0|10|4" materialSlotName="hooddecals_modelnumber_mat" materialTemplateName="CASEIH_RED1" materialTemplateUseColorOnly="true" />
            </motorConfiguration>
            <!-- ==================================== Added Options ==================================== -->
        </motorConfigurations>

        <exhaustEffects>
            <exhaustEffect node="exhaustParticle" filename="$data/effects/exhaust/exhaust.i3d" minRpmColor="0.9 0.9 0.9 0.1" maxRpmColor="0.1 0.1 0.1 0.4" minRpmScale="0.05" maxRpmScale="0.5" />
        </exhaustEffects>

        <motorStartDuration>2500</motorStartDuration>

        <dashboards>
            <dashboard displayType="SLIDER"    valueType="motorTemperature"  node="tempBar_decal" minValueSlider="10" maxValueSlider="120"                                       groups="MOTOR_ACTIVE"/>
            <dashboard displayType="ROT"       valueType="rpm"               node="needleRPM" minRot="0" maxRot="-210" rotAxis="3" doInterpolation="true" interpolationSpeed="2" groups="MOTOR_ACTIVE"/>
            <dashboard displayType="TEXT"      valueType="speed"             node="numbersSpeed" textColor="1 1 1 1" textMask="00.0" textSize="0.012" font="DIGIT"               groups="MOTOR_ACTIVE"/>
            <dashboard displayType="TEXT"      valueType="gear"              node="numbersGear"  textColor="1 1 1 1" textMask="0"    textSize="0.023" font="DIGIT"               groups="MOTOR_ACTIVE"/>
            <dashboard displayType="EMITTER"   valueType="directionForward"  node="iconForward_decals"                     intensity="1" emitColor="FENDT_ORANGE1"               groups="MOTOR_ACTIVE"/>
            <dashboard displayType="EMITTER"   valueType="directionBackward" node="iconBackward_decals"                    intensity="1"                                         groups="MOTOR_ACTIVE"/>

            <dashboard displayType="MULTI_STATE" valueType="ignitionState" node="keyIgnition" doInterpolation="true" groups="MOTOR_ACTIVE">
                <state value="0" rotation="0 0 0"/>
                <state value="1" rotation="0 0 -110"/>
                <state value="2" rotation="0 0 -80"/>
            </dashboard>
        </dashboards>

        <animationNodes>
            <animationNode node="fanEngine"    rotSpeed="-400"  rotAxis="3" turnOnFadeTime="2" turnOffFadeTime="1"/>
            <animationNode node="engineRoll01" rotSpeed="-1000" rotAxis="3" turnOnFadeTime="2" turnOffFadeTime="1"/>
            <animationNode node="engineRoll02" rotSpeed="-1500" rotAxis="3" turnOnFadeTime="2" turnOffFadeTime="1"/>
            <animationNode node="engineRoll03" rotSpeed="-1500" rotAxis="3" turnOnFadeTime="2" turnOffFadeTime="1"/>
            <animationNode node="engineRoll04" rotSpeed="-1000" rotAxis="3" turnOnFadeTime="2" turnOffFadeTime="1"/>
            <animationNode node="engineRoll05" rotSpeed="-1500" rotAxis="3" turnOnFadeTime="2" turnOffFadeTime="1"/>
            <animationNode node="engineRoll06" rotSpeed="-1000" rotAxis="3" turnOnFadeTime="2" turnOffFadeTime="1"/>
            <animationNode node="engineRoll07" rotSpeed="-1500" rotAxis="3" turnOnFadeTime="2" turnOffFadeTime="1"/>
        </animationNodes>
    </motorized>

    <drivable>
        <steeringWheel node="steeringWheel" indoorRotation="540" outdoorRotation="30" />

        <dashboards>
            <dashboard displayType="ROT"     valueType="accelerationAxis"    node="gasPedal"               minRot="0 0 0"  maxRot="-12 0 0" doInterpolation="true" groups="MOTOR_ACTIVE"/>
            <dashboard displayType="ROT"     valueType="decelerationAxis"    node="brakePedal"             minRot="0 0 0"  maxRot="-15 0 0" doInterpolation="true" groups="MOTOR_ACTIVE"/>
            <dashboard displayType="ROT"     valueType="movingDirection"     node="leverDirectionSelector" minRot="18 0 0" maxRot="-18 0 0" doInterpolation="true" groups="MOTOR_ACTIVE"/>
            <dashboard displayType="EMITTER" valueType="cruiseControlActive" node="cruiseControl_decals"                   intensity="0.2"                         groups="MOTOR_ACTIVE"/>
        </dashboards>
    </drivable>

    <animations>
        <animation name="wiperFrontAnimation">
            <part node="wiperFront" startTime="0.0" endTime="0.5" startRot="0 0 0"        endRot="0 -0.638 -90"/>
            <part node="wiperFront" startTime="0.5" endTime="1.0" startRot="0 -0.638 -90" endRot="0 0 -180"/>
        </animation>
        <animation name="wiperBackAnimation">
          <part node="wiperBack" startTime="0" endTime="1" startRot="0 0 0" endRot="0 0 -90" tangentType="spline"/>
        </animation>
    </animations>
    <cylindered>
        <movingTools>
            <movingTool node="attacherJointFrontArmBottom">
                <dependentPart node="bottomLinkFrontHydraulic"/>
            </movingTool>

            <movingTool node="attacherJointBackArmBottom">
                <dependentPart node="attacherJointBackArmMain"/>
                <dependentPart node="attacherJointBackArmBottomLeftPart"/>
                <dependentPart node="attacherJointBackArmBottomRightPart"/>
            </movingTool>
        </movingTools>

        <movingParts>
            <!-- attacherJoints -->
            <movingPart node="bottomLinkFrontHydraulic" referencePoint="bottomLinkFrontHydraulicRef" referenceFrame="bottomLinkFrontHydraulicRef">
                <translatingPart node="bottomLinkFrontHydraulicPunch" />
            </movingPart>

            <movingPart node="attacherJointBackArmMain" referencePoint="attacherJointBackArmMainPartRef" localReferencePoint="attacherJointBackArmMainPartLocalRef" referenceFrame="attacherJointBackArmMainRefFrame" limitedAxis="1">
                <dependentPart node="attacherJointBackArmMainHydraulic"/>
                <dependentPart node="attacherJointBackArmMainPartLeft"/>
                <dependentPart node="attacherJointBackArmMainPartRight"/>
            </movingPart>
            <movingPart node="attacherJointBackArmMainHydraulic" referencePoint="attacherJointBackArmMainHydraulicRef" referenceFrame="attacherJointBackArmMainHydraulicRef" isActiveDirty="true" maxUpdateDistance="10">
                <translatingPart node="attacherJointBackArmMainHydraulicPunch" />
            </movingPart>

            <movingPart node="attacherJointBackArmMainPartLeft" referencePoint="attacherJointBackArmMainPartLeftRef" referenceFrame="attacherJointBackArmMainPartLeftRef" />
            <movingPart node="attacherJointBackArmBottomLeftPart" referencePoint="attacherJointBackArmBottomLeftPartRef" referenceFrame="attacherJointBackArmBottomLeftPartRef">
                <translatingPart node="attacherJointBackArmBottomLeftPartPunch" />
            </movingPart>
            <movingPart node="attacherJointBackArmMainPartRight" referencePoint="attacherJointBackArmMainPartRightRef" referenceFrame="attacherJointBackArmMainPartRightRef" />
            <movingPart node="attacherJointBackArmBottomRightPart" referencePoint="attacherJointBackArmBottomRightPartRef" referenceFrame="attacherJointBackArmBottomRightPartRef">
                <translatingPart node="attacherJointBackArmBottomRightPartPunch" />
            </movingPart>

            <!-- cabin -->
            <movingPart node="cabinDamperLeft"  referencePoint="cabinDamperLeftRef"  referenceFrame="cabinDamperLeftRef"  isActiveDirty="true" maxUpdateDistance="10"/>
            <movingPart node="cabinSpringLeft"  referencePoint="cabinSpringLeftRef"  referenceFrame="cabinSpringLeftRef"  isActiveDirty="true" maxUpdateDistance="10" scaleZ="true"/>
            <movingPart node="cabinDamperRight" referencePoint="cabinDamperRightRef" referenceFrame="cabinDamperRightRef" isActiveDirty="true" maxUpdateDistance="10"/>
            <movingPart node="cabinSpringRight" referencePoint="cabinSpringRightRef" referenceFrame="cabinSpringRightRef" isActiveDirty="true" maxUpdateDistance="10" scaleZ="true"/>

            <!-- wheels -->
            <movingPart node="wheelFrontLeftRepr" referenceFrame="wheelFrontLeftReprPhys" limitedAxis="2" isActiveDirty="true" maxUpdateDistance="250">
                <dependentPart node="wheelFrontLeftReprOrient"/>
            </movingPart>
            <movingPart node="wheelFrontLeftReprOrient" referenceFrame="wheelFrontLeftReprPhys" doDirectionAlignment="false" doRotationAlignment="true" rotMultiplier="-1"/>

            <movingPart node="wheelFrontRightRepr" referenceFrame="wheelFrontRightReprPhys" limitedAxis="2" isActiveDirty="true" maxUpdateDistance="250">
                <dependentPart node="wheelFrontRightReprOrient"/>
            </movingPart>
            <movingPart node="wheelFrontRightReprOrient" referenceFrame="wheelFrontRightReprPhys" doDirectionAlignment="false" doRotationAlignment="true" rotMultiplier="-1"/>

            <movingPart node="axleAlignNode" referencePoint="axleAlignNodeRef" referenceFrame="axleAlignNodeRefFrame" limitedAxis="1" isActiveDirty="true" maxUpdateDistance="300">
                <dependentPart node="frontAxleFrame"/>
                <dependentPart node="frontAxle"/>
            </movingPart>
            <movingPart node="frontAxleFrame" referencePoint="frontAxleFrameRef" referenceFrame="frontAxleFrameRefFrame" limitedAxis="1">
                <dependentPart node="hydraulicFrontAxle" maxUpdateDistance="40" />
            </movingPart>
            <movingPart node="frontAxle" referenceFrame="axleAlignNode" limitedAxis="1"/>

            <movingPart node="hydraulicFrontAxle" referencePoint="hydraulicFrontAxleRef" referenceFrame="hydraulicFrontAxleRef">
                <translatingPart node="hydraulicFrontAxlePunch" />
            </movingPart>
            <movingPart node="steeringBarFrontLeft"  referencePoint="steeringBarFrontLeftRef"  referenceFrame="steeringBarFrontLeftRef"  isActiveDirty="true" maxUpdateDistance="20" scaleZ="true"/>
            <movingPart node="steeringBarFrontRight" referencePoint="steeringBarFrontRightRef" referenceFrame="steeringBarFrontRightRef" isActiveDirty="true" maxUpdateDistance="20" scaleZ="true"/>
        </movingParts>

        <dashboards>
            <dashboard displayType="ROT" valueType="movingTool" node="frontloaderJoystick" rotAxis="1" minRot="-20" maxRot="20" axis="AXIS_FRONTLOADER_ARM"  attacherJointIndex="6" doInterpolation="true" groups="MOTOR_ACTIVE"/>
            <dashboard displayType="ROT" valueType="movingTool" node="frontloaderJoystick" rotAxis="3" minRot="-20" maxRot="20" axis="AXIS_FRONTLOADER_TOOL" attacherJointIndex="6" doInterpolation="true" groups="MOTOR_ACTIVE"/>
        </dashboards>
    </cylindered>

    <wipers>
        <wiper animName="wiperFrontAnimation" >
          <state animSpeed="0.7" animPause="1.0" />
          <state animSpeed="0.7" animPause="0.0" />
          <state animSpeed="1.0" animPause="0.0" />
        </wiper>
        <wiper animName="wiperBackAnimation" >
            <state animSpeed="1.0" animPause="2.0" />
        </wiper>

        <dashboards>
            <dashboard displayType="MULTI_STATE" valueType="state" node="leverWiper" doInterpolation="true">
                <state value="0" rotation="0 0 0"/>
                <state value="1" rotation="0 0 60"/>
                <state value="2" rotation="0 0 90"/>
            </dashboard>
        </dashboards>
    </wipers>

    <suspensions>
        <suspension node="cabin"             weight="200" minRotation="-5 0 -5"            maxRotation="5 0 5"            suspensionParametersX="200 17" suspensionParametersZ="200 17" />
        <suspension node="seat"              weight="150" minTranslation="-0.05 -0.15 0.0" maxTranslation="0.05 0.15 0.0" suspensionParametersX="20 4"   suspensionParametersY="5 1" suspensionParametersZ="20 4" />
        <suspension useCharacterTorso="true" weight="90"  minRotation="0 -5 -5"            maxRotation="0 5 5"            suspensionParametersY="7 1"    suspensionParametersZ="7 1" />
    </suspensions>

    <fillUnit>
        <fillUnitConfigurations>
            <fillUnitConfiguration>
                <fillUnits>
                    <fillUnit unitTextOverride="$l10n_unit_literShort" showOnHud="false" showInShop="false" fillTypes="diesel" capacity="180" >
                        <exactFillRootNode node="exactFillRootNode" />
                        <dashboard displayType="SLIDER" valueType="fillLevel" node="fuel_decal" groups="MOTOR_ACTIVE"/>
                    </fillUnit>
                    <fillUnit unitTextOverride="$l10n_unit_literShort" showOnHud="false" showInShop="false" showOnInfoHud="false" fillTypes="def" capacity="25" >
                        <dashboard displayType="SLIDER" valueType="fillLevel" node="def_decal" groups="MOTOR_ACTIVE"/>
                    </fillUnit>
                    <fillUnit unitTextOverride="$l10n_unit_literShort" showOnHud="false" showInShop="false" showOnInfoHud="false" fillTypes="air" capacity="3000" >
                        <dashboard displayType="SLIDER" valueType="fillLevel" node="air_decal" groups="MOTOR_ACTIVE"/>
                    </fillUnit>
                </fillUnits>
            </fillUnitConfiguration>
        </fillUnitConfigurations>
    </fillUnit>

    <dashboard>
        <groups>
            <group name="ENTERED"           isEntered="true"/>
            <group name="MOTOR_STARTING"    isMotorStarting="true"/>
            <group name="MOTOR_ACTIVE"      isMotorStarting="true"  isMotorRunning="true"/>
            <group name="MOTOR_ONLY_ACTIVE" isMotorStarting="false" isMotorRunning="true"/>
            <group name="BACK_ATTACHMENT"   attacherJointIndices="1 3 4"/>
            <group name="FRONT_ATTACHMENT"  attacherJointIndices="2 5"/>
        </groups>

        <default>
            <dashboard displayType="EMITTER"    node="starting_decals"   idleValue="-1" intensity="0.1" groups="MOTOR_STARTING" />
            <dashboard displayType="EMITTER"    node="alwayaOn_decals"   idleValue="-1" intensity="0.1" groups="MOTOR_ACTIVE" />
            <dashboard displayType="EMITTER"    node="dashboard_decals2" idleValue="0"  intensity="0.1" groups="MOTOR_ACTIVE" />
            <dashboard displayType="VISIBILITY" node="dashboardBars"                                    groups="MOTOR_ACTIVE" />
        </default>
    </dashboard>

    <ai>
        <agent frontWheelNodes="wheelFrontLeft wheelFrontRight"/>
        <collisionTrigger useSize="true"/>
    </ai>

    <foliageBending>
        <bendingNode wheelIndices="1 2" minZ="0.75" maxZ="2.15" yOffset="0.55"/>
        <bendingNode minX="-1.1" maxX="1.1" minZ="-0.2" maxZ="0.75" yOffset="0.55" />
        <bendingNode wheelIndices="3 4" minZ="-1.98" maxZ="-0.2" yOffset="0.55"/>
    </foliageBending>

	<!-- ==================================== Added Options ==================================== -->
    <design2Configurations title="Front Fender Visible">
        <design2Configuration name="Yes" isSelectable="true">
            <objectChange node="fenderLeft" visibilityActive="true" />
            <objectChange node="fenderRight" visibilityActive="true" />
        </design2Configuration>
        <design2Configuration name="No" isSelectable="true">
            <objectChange node="fenderLeft" visibilityActive="false" />
            <objectChange node="fenderRight" visibilityActive="false" />
        </design2Configuration>
    </design2Configurations>

    <design3Configurations> <!-- Hard set items black -->
        <design3Configuration>
            <material materialSlotName="series5700S_frame1" materialTemplateName="SHARED_BLACK0" materialTemplateUseColorOnly="true" />
            <material materialSlotName="series5700S_chassieexternals" materialTemplateName="SHARED_BLACK0" materialTemplateUseColorOnly="true" />
            <material materialSlotName="MASSEYFERGUSON_quickeFront_mat" materialTemplateName="SHARED_BLACK0" materialTemplateUseColorOnly="true" />
            <material materialSlotName="MASSEYFERGUSON_quickeArms_mat" materialTemplateName="SHARED_BLACK0" materialTemplateUseColorOnly="true" />
        </design3Configuration>
    </design3Configurations>

    <design4Configurations title="Window Tint" >
        <design4Configuration name="No Tint" isSelectable="true">
            <objectChange node="windowL1_default" visibilityActive="true"  />
            <objectChange node="windowL1_tint1" visibilityActive="false"  />
            <objectChange node="windowL1_tint2" visibilityActive="false"  />

            <objectChange node="windowL2_default" visibilityActive="true"  />
            <objectChange node="windowL2_tint1" visibilityActive="false"  />
            <objectChange node="windowL2_tint2" visibilityActive="false" />

            <objectChange node="windowR1_default" visibilityActive="true"  />
            <objectChange node="windowR1_tint1" visibilityActive="false" />
            <objectChange node="windowR1_tint2" visibilityActive="false"  />

            <objectChange node="windowR2_default" visibilityActive="true"  />
            <objectChange node="windowR2_tint1" visibilityActive="false"  />
            <objectChange node="windowR2_tint2" visibilityActive="false"  />

            <objectChange node="windowBack_default" visibilityActive="true"  />
            <objectChange node="windowBack_tint1" visibilityActive="false"  />
            <objectChange node="windowBack_tint2" visibilityActive="false"  />
        </design4Configuration>
        <design4Configuration name="Light Tint" isSelectable="true">
            <objectChange node="windowL1_default" visibilityActive="false"  />
            <objectChange node="windowL1_tint1" visibilityActive="true"  />
            <objectChange node="windowL1_tint2" visibilityActive="false"  />

            <objectChange node="windowL2_default" visibilityActive="false"  />
            <objectChange node="windowL2_tint1" visibilityActive="true"  />
            <objectChange node="windowL2_tint2" visibilityActive="false"  />

            <objectChange node="windowR1_default" visibilityActive="false"  />
            <objectChange node="windowR1_tint1" visibilityActive="true"  />
            <objectChange node="windowR1_tint2" visibilityActive="false"  />

            <objectChange node="windowR2_default" visibilityActive="false"  />
            <objectChange node="windowR2_tint1" visibilityActive="true"  />
            <objectChange node="windowR2_tint2" visibilityActive="false"  />

            <objectChange node="windowBack_default" visibilityActive="false"  />
            <objectChange node="windowBack_tint1" visibilityActive="true"  />
            <objectChange node="windowBack_tint2" visibilityActive="false"  />
        </design4Configuration>
        <design4Configuration name="Dark Tint" isSelectable="true">
            <objectChange node="windowL1_default" visibilityActive="false"  />
            <objectChange node="windowL1_tint1" visibilityActive="false"  />
            <objectChange node="windowL1_tint2" visibilityActive="true"  />

            <objectChange node="windowL2_default" visibilityActive="false"  />
            <objectChange node="windowL2_tint1" visibilityActive="false"  />
            <objectChange node="windowL2_tint2" visibilityActive="true"  />

            <objectChange node="windowR1_default" visibilityActive="false"  />
            <objectChange node="windowR1_tint1" visibilityActive="false"  />
            <objectChange node="windowR1_tint2" visibilityActive="true"  />

            <objectChange node="windowR2_default" visibilityActive="false"  />
            <objectChange node="windowR2_tint1" visibilityActive="false"  />
            <objectChange node="windowR2_tint2" visibilityActive="true"  />

            <objectChange node="windowBack_default" visibilityActive="false"  />
            <objectChange node="windowBack_tint1" visibilityActive="false"  />
            <objectChange node="windowBack_tint2" visibilityActive="true"  />
        </design4Configuration>
        <design4Configuration name="Darkest Tint" isSelectable="true">
            <objectChange node="windowL1_default" visibilityActive="false"  />
            <objectChange node="windowL1_tint1" visibilityActive="true"  />
            <objectChange node="windowL1_tint2" visibilityActive="true"  />

            <objectChange node="windowL2_default" visibilityActive="false"  />
            <objectChange node="windowL2_tint1" visibilityActive="true"  />
            <objectChange node="windowL2_tint2" visibilityActive="true"  />

            <objectChange node="windowR1_default" visibilityActive="false"  />
            <objectChange node="windowR1_tint1" visibilityActive="true"  />
            <objectChange node="windowR1_tint2" visibilityActive="true"  />

            <objectChange node="windowR2_default" visibilityActive="false"  />
            <objectChange node="windowR2_tint1" visibilityActive="true"  />
            <objectChange node="windowR2_tint2" visibilityActive="true"  />

            <objectChange node="windowBack_default" visibilityActive="false"  />
            <objectChange node="windowBack_tint1" visibilityActive="true"  />
            <objectChange node="windowBack_tint2" visibilityActive="true"  />
        </design4Configuration>
    </design4Configurations>

    <baseColorConfigurations title="Main Body Color" useDefaultColors="true" price="0" defaultColorMaterialTemplateName="calibratedMatPaint">
        <baseColorConfiguration name="Matte Black" color="0.0 0.0 0.0" isDefault="true" isMat="true" />
        <baseColorConfiguration name="Dark Matte Red" color="0.047 0.00 0.00" uiColor="0.047 0.00 0.00" isMat="true" />
        <baseColorConfiguration name="Matte Silver" materialTemplateName="VALTRA_GREY2" isMat="true" />
        <baseColorConfiguration name="Matte Green" materialTemplateName="DEUTZ_MATTGREEN" isMat="true" />
        <baseColorConfiguration name="Chrome" materialTemplateName="RIM_CONFIGURATION_CHROME" />
        <material materialSlotName="MASSEYFERGUSON_RED_mat" />
    </baseColorConfigurations>

    <designColorConfigurations title="External Roof" useDefaultColors="true" price="0"  defaultColorIndex="1" defaultColorMaterialTemplateName="calibratedMatPaint" >
        <designColorConfiguration name="Matte Black" color="0.0 0.0 0.0" isMat="true" />
        <designColorConfiguration name="Matte Silver" materialTemplateName="VALTRA_GREY2" isMat="true"  />
        <designColorConfiguration name="Matte Green" materialTemplateName="DEUTZ_MATTGREEN" isMat="true" />
        <designColorConfiguration name="Chrome" materialTemplateName="RIM_CONFIGURATION_CHROME" />
        <material materialSlotName="MASSEYFERGUSON_ROOF_mat" />
    </designColorConfigurations>

    <designColor2Configurations title="Grills" useDefaultColors="true" price="0" defaultColorMaterialTemplateName="calibratedMatPaint">
        <designColor2Configuration name="Matte Black" color="0.0 0.0 0.0"  />
        <designColor2Configuration name="Matte Silver" materialTemplateName="VALTRA_GREY2" />
        <designColor2Configuration name="Dark Red" color="0.047 0.00 0.00" uiColor="0.047 0.00 0.00" isMat="true" isDefault="true" />
        <designColor2Configuration name="Chrome" materialTemplateName="RIM_CONFIGURATION_CHROME" />
        <material materialSlotName="series7710_grillA_mat" >
            <textures diffuse="diffuse_white.dds"  />
        </material>
        <material materialSlotName="series7710_grillB_mat" >
            <textures diffuse="diffuse_white.dds"  />
        </material>
        <material materialSlotName="series7710_grillC_mat">
            <textures diffuse="diffuse_white.dds" />
        </material>
        <material materialSlotName="series7710_grillD_mat">
            <textures diffuse="diffuse_white.dds" />
        </material>
    </designColor2Configurations>

    <designColor3Configurations title="Interior" useDefaultColors="true" price="0" defaultColorMaterialTemplateName="calibratedMatPaint">
        <designColor3Configuration name="Matte Black" color="0.0 0.0 0.0" isDefault="true" />
        <designColor3Configuration name="Brown Leather" materialTemplateName="leather1Brown" />
        <designColor3Configuration name="Dark Brown Leather" color="0.0300 0.0200 0.0100" />
        <designColor3Configuration name="Gray Leather" materialTemplateName="leather3GrayDark" />
        <designColor3Configuration name="Wood Oak" materialTemplateName="wood2Oak"  />
        <designColor3Configuration name="Wood Cedar" materialTemplateName="wood1Cedar" />
        <material materialSlotName="Interior_plastics1" />
    </designColor3Configurations>

    <designColor4Configurations title="Seat/Armrest" useDefaultColors="true" price="0" defaultColorMaterialTemplateName="calibratedMatPaint">
        <designColor4Configuration name="Fabric Gray" materialTemplateName="fabric3Gray" />
        <designColor4Configuration name="Matte Black" color="0.0 0.0 0.0" />
        <designColor4Configuration name="Brown Leather" materialTemplateName="leather1Brown" />
        <designColor4Configuration name="Dark Brown Leather" color="0.0300 0.0200 0.0100" isDefault="true" />
        <designColor4Configuration name="Gray Leather" materialTemplateName="leather3GrayDark" />
        <material materialSlotName="Interior_seat_steeringwheel" />
    </designColor4Configurations>

    <rimColorConfigurations useDefaultColors="true" price="0" defaultColorMaterialTemplateName="calibratedMatPaint">
        <rimColorConfiguration materialTemplateName="RIM_DEFAULT" />
        <rimColorConfiguration name="Matte Black" color="0.0 0.0 0.0" />
        <rimColorConfiguration name="Matte Silver" materialTemplateName="VALTRA_GREY2" />
        <rimColorConfiguration name="CHROME" materialTemplateName="RIM_CONFIGURATION_CHROME" />
    </rimColorConfigurations>
    <!-- ==================================== Added Options ==================================== -->

    <wearable wearDuration="480" workMultiplier="5" fieldMultiplier="2"/>
    <washable dirtDuration="90"  workMultiplier="3" fieldMultiplier="2" washDuration="1"/>

    <i3dMappings>
        <!-- I3D Additions -->
        <i3dMapping id="windowL1_default" node="0>0|7|8|1" />
        <i3dMapping id="windowL1_tint1" node="0>0|7|8|2" />
        <i3dMapping id="windowL1_tint2" node="0>0|7|8|3" />
        <i3dMapping id="windowL2_default" node="0>0|7|8|11" />
        <i3dMapping id="windowL2_tint1" node="0>0|7|8|12" />
        <i3dMapping id="windowL2_tint2" node="0>0|7|8|13" />
        <i3dMapping id="windowR1_default" node="0>0|7|8|5" />
        <i3dMapping id="windowR1_tint1" node="0>0|7|8|6" />
        <i3dMapping id="windowR1_tint2" node="0>0|7|8|7" />
        <i3dMapping id="windowR2_default" node="0>0|7|8|8" />
        <i3dMapping id="windowR2_tint1" node="0>0|7|8|9" />
        <i3dMapping id="windowR2_tint2" node="0>0|7|8|10" />
        <i3dMapping id="windowBack_default" node="0>0|7|8|14" />
        <i3dMapping id="windowBack_tint1" node="0>0|7|8|15" />
        <i3dMapping id="windowBack_tint2" node="0>0|7|8|16" />
        <!-- I3D Additions -->
        <i3dMapping id="series5700S_main_component1" node="0>" />
        <i3dMapping id="series5700S_vis" node="0>0" />
        <i3dMapping id="wheelBackLeft" node="0>0|0|0" />
        <i3dMapping id="wheelBackRight" node="0>0|0|1" />
        <i3dMapping id="outdoorCameraTarget" node="0>0|1|0" />
        <i3dMapping id="outdoorCamera1" node="0>0|1|0|0" />
        <i3dMapping id="indoorCamera1" node="0>0|1|1" />
        <i3dMapping id="cameraRaycastNode1" node="0>0|1|2" />
        <i3dMapping id="cameraRaycastNode2" node="0>0|1|3" />
        <i3dMapping id="cameraRaycastNode3" node="0>0|1|4" />
        <i3dMapping id="shadowFocusBox" node="0>0|1|5" />
        <i3dMapping id="lights_static" node="0>0|2|0|0" />
        <i3dMapping id="lightsGlass_static" node="0>0|2|0|1" />
        <i3dMapping id="redRectangle_01_01" node="0>0|2|1|0" />
        <i3dMapping id="redRectangle_01_02" node="0>0|2|1|1" />
        <i3dMapping id="frontLightLow" node="0>0|2|2|0" />
        <i3dMapping id="highBeamLow" node="0>0|2|2|1" />
        <i3dMapping id="frontLightHighBottom" node="0>0|2|2|2" />
        <i3dMapping id="highBeamHighBottom" node="0>0|2|2|3" />
        <i3dMapping id="highBeamHightTop" node="0>0|2|2|4" />
        <i3dMapping id="frontLightHighTop" node="0>0|2|2|5" />
        <i3dMapping id="workLightFrontLow" node="0>0|2|3|0" />
        <i3dMapping id="workLightFrontHigh" node="0>0|2|3|1" />
        <i3dMapping id="workLightBackLow" node="0>0|2|3|2" />
        <i3dMapping id="workLightBackHigh" node="0>0|2|3|3" />
        <i3dMapping id="backLightsHigh" node="0>0|2|4|0" />
        <i3dMapping id="turnLightLeftFront" node="0>0|2|5|0" />
        <i3dMapping id="turnLightRightFront" node="0>0|2|5|1" />
        <i3dMapping id="exhaustParticle" node="0>0|3" />
        <i3dMapping id="exitPoint" node="0>0|4" />
        <i3dMapping id="axisJoint" node="0>0|5" />
        <i3dMapping id="attacherJointBackRot" node="0>0|6|0|0" />
        <i3dMapping id="attacherJointBackRot2" node="0>0|6|0|0|0" />
        <i3dMapping id="attacherJointBack" node="0>0|6|0|0|0|0" />
        <i3dMapping id="attacherJointBackArmBottom" node="0>0|6|0|1" />
        <i3dMapping id="attacherJointBackArmBottomTrans" node="0>0|6|0|1|0" />
        <i3dMapping id="attacherJointBackArmBottomLeft" node="0>0|6|0|1|0|0" />
        <i3dMapping id="attacherJointBackArmBottomLeftPartRef" node="0>0|6|0|1|0|0|0" />
        <i3dMapping id="attacherJointBackArmMainPartLeftRef" node="0>0|6|0|1|0|0|1" />
        <i3dMapping id="attacherJointBackArmBottomLeftRef" node="0>0|6|0|1|0|0|2" />
        <i3dMapping id="attacherJointBackArmBottomRight" node="0>0|6|0|1|0|1" />
        <i3dMapping id="attacherJointBackArmBottomRightPartRef" node="0>0|6|0|1|0|1|0" />
        <i3dMapping id="attacherJointBackArmMainPartRightRef" node="0>0|6|0|1|0|1|1" />
        <i3dMapping id="attacherJointBackArmBottomRightRef" node="0>0|6|0|1|0|1|2" />
        <i3dMapping id="attacherJointBackArmMainPartRef" node="0>0|6|0|1|0|2" />
        <i3dMapping id="referencePointBackBottom" node="0>0|6|0|1|0|3" />
        <i3dMapping id="attacherJointBackArmTop" node="0>0|6|0|2" />
        <i3dMapping id="attacherJointFrontRot" node="0>0|6|0|3" />
        <i3dMapping id="attacherJointFrontRot2" node="0>0|6|0|3|0" />
        <i3dMapping id="attacherJointFront" node="0>0|6|0|3|0|0" />
        <i3dMapping id="attacherJointFrontArmBottom" node="0>0|6|0|4" />
        <i3dMapping id="bottomLinkFront" node="0>0|6|0|4|0" />
        <i3dMapping id="referencePointFrontBottom" node="0>0|6|0|4|0|0" />
        <i3dMapping id="bottomLinkFrontLeftPart" node="0>0|6|0|4|0|1|0" />
        <i3dMapping id="bottomLinkFrontRightPart" node="0>0|6|0|4|0|2|0" />
        <i3dMapping id="bottomLinkFrontHydraulicRef" node="0>0|6|0|4|0|3" />
        <i3dMapping id="attacherJointFrontArmTop" node="0>0|6|0|5" />
        <i3dMapping id="sideMountLinkage" node="0>0|6|0|6" />
        <i3dMapping id="trailerAttacherJointFront" node="0>0|6|1|0" />
        <i3dMapping id="trailerLowNode" node="0>0|6|1|1" />
        <i3dMapping id="trailerAttacherJointBackLow" node="0>0|6|1|1|0" />
        <i3dMapping id="trailerSteeringLeftRef" node="0>0|6|1|1|1" />
        <i3dMapping id="trailerSteeringRightRef" node="0>0|6|1|1|2" />
        <i3dMapping id="trailerAttacherNode" node="0>0|6|1|2" />
        <i3dMapping id="trailerAttacherJointBack" node="0>0|6|1|2|0" />
        <i3dMapping id="ptoBack" node="0>0|6|2|0" />
        <i3dMapping id="ptoFront" node="0>0|6|2|1" />
        <i3dMapping id="hydraulic01_in_cover" node="0>0|6|3|0|0" />
        <i3dMapping id="hydraulic01_out_cover" node="0>0|6|3|1|0" />
        <i3dMapping id="hydraulic02_in_cover" node="0>0|6|3|2|0" />
        <i3dMapping id="hydraulic02_out_cover" node="0>0|6|3|3|0" />
        <i3dMapping id="hydraulic03_in_cover" node="0>0|6|3|4|0" />
        <i3dMapping id="hydraulic03_out_cover" node="0>0|6|3|5|0" />
        <i3dMapping id="hydraulic04_in_cover" node="0>0|6|3|6|0" />
        <i3dMapping id="hydraulic04_out_cover" node="0>0|6|3|7|0" />
        <i3dMapping id="hydraulic01_in" node="0>0|6|3|8" />
        <i3dMapping id="hydraulic01_out" node="0>0|6|3|9" />
        <i3dMapping id="hydraulic02_in" node="0>0|6|3|10" />
        <i3dMapping id="hydraulic02_out" node="0>0|6|3|11" />
        <i3dMapping id="hydraulic03_in" node="0>0|6|3|12" />
        <i3dMapping id="hydraulic03_out" node="0>0|6|3|13" />
        <i3dMapping id="hydraulic04_in" node="0>0|6|3|14" />
        <i3dMapping id="hydraulic04_out" node="0>0|6|3|15" />
        <i3dMapping id="electricFront" node="0>0|6|3|16" />
        <i3dMapping id="electricBack" node="0>0|6|3|17" />
        <i3dMapping id="airDoubleStorage" node="0>0|6|3|18" />
        <i3dMapping id="airDoubleControl" node="0>0|6|3|19" />
        <i3dMapping id="isobusBack" node="0>0|6|3|20" />
        <i3dMapping id="bottomPipe01" node="0>0|6|3|21|0" />
        <i3dMapping id="bottomPipe01_frontConnector" node="0>0|6|3|21|0|0" />
        <i3dMapping id="bottomPipe01_backConnector" node="0>0|6|3|21|0|1" />
        <i3dMapping id="bottomPipe02" node="0>0|6|3|21|1" />
        <i3dMapping id="bottomPipe02_frontConnector" node="0>0|6|3|21|1|0" />
        <i3dMapping id="bottomPipe02_backConnector" node="0>0|6|3|21|1|1" />
        <i3dMapping id="bottomPipe03" node="0>0|6|3|21|2" />
        <i3dMapping id="bottomPipe03_frontConnector" node="0>0|6|3|21|2|0" />
        <i3dMapping id="bottomPipe03_backConnector" node="0>0|6|3|21|2|1" />
        <i3dMapping id="bottomPipe04" node="0>0|6|3|21|3" />
        <i3dMapping id="bottomPipe04_frontConnector" node="0>0|6|3|21|3|0" />
        <i3dMapping id="bottomPipe04_backConnector" node="0>0|6|3|21|3|1" />
        <i3dMapping id="rightPipe" node="0>0|6|3|22" />
        <i3dMapping id="rightPipe_frontConnector" node="0>0|6|3|22|0" />
        <i3dMapping id="rightPipe_backConnector" node="0>0|6|3|22|1" />
        <i3dMapping id="frontloaderConsoleQuicke" node="0>0|6|4|0" />
        <i3dMapping id="attacherJointFrontloader" node="0>0|6|4|1" />
        <i3dMapping id="cabin" node="0>0|7" />
        <i3dMapping id="lightsCabin_static" node="0>0|7|0|0|0" />
        <i3dMapping id="lightsCabinGlass_static" node="0>0|7|0|0|1" />
        <i3dMapping id="plateNumberLight01" node="0>0|7|0|1|0" />
        <i3dMapping id="plateNumberLight02" node="0>0|7|0|1|1" />
        <i3dMapping id="beaconLight07_01" node="0>0|7|0|1|2" />
        <i3dMapping id="beaconLight07_02" node="0>0|7|0|1|3" />
        <i3dMapping id="licensePlateLightHigh" node="0>0|7|0|2|0" />
        <i3dMapping id="interiorScreenLight" node="0>0|7|0|2|1" />
        <i3dMapping id="playerRightFootTarget" node="0>0|7|1|0" />
        <i3dMapping id="playerLeftFootTarget" node="0>0|7|1|1" />
        <i3dMapping id="playerRightFootTargetGas" node="0>0|7|1|2" />
        <i3dMapping id="steeringWheel" node="0>0|7|2|0" />
        <i3dMapping id="playerLeftHandTarget" node="0>0|7|2|0|0" />
        <i3dMapping id="wiperFront" node="0>0|7|3|0|0" />
        <i3dMapping id="wiperBack" node="0>0|7|3|1|0" />
        <i3dMapping id="seat" node="0>0|7|4" />
        <i3dMapping id="playerSkin" node="0>0|7|4|0|0" />
        <i3dMapping id="frontloaderJoystick" node="0>0|7|4|1|0" />
        <i3dMapping id="playerRightHandTargetFrontloaderJoystick" node="0>0|7|4|1|0|0" />
        <i3dMapping id="leverDrivingDirection" node="0>0|7|4|2" />
        <i3dMapping id="playerRightHandTarget" node="0>0|7|4|2|0" />
        <i3dMapping id="mirrorDecal01" node="0>0|7|5|0" />
        <i3dMapping id="mirrorDecal02" node="0>0|7|5|1" />
        <i3dMapping id="mirrorDecal03" node="0>0|7|5|2" />
        <i3dMapping id="brakePedal" node="0>0|7|6|0" />
        <i3dMapping id="playerRightFootTargetBrake" node="0>0|7|6|0|0" />
        <i3dMapping id="gasPedal" node="0>0|7|6|1" />
        <i3dMapping id="playerRightFootTargetGasRef" node="0>0|7|6|1|1" />
        <i3dMapping id="leverDirectionSelector" node="0>0|7|7|0|0" />
        <i3dMapping id="leverHighBeam" node="0>0|7|7|1|0" />
        <i3dMapping id="leverTurnLight" node="0>0|7|7|1|0|0" />
        <i3dMapping id="leverWiper" node="0>0|7|7|1|0|0|0|0" />
        <i3dMapping id="alwayaOn_decals" node="0>0|7|7|2" />
        <i3dMapping id="starting_decals" node="0>0|7|7|3" />
        <i3dMapping id="turnlightLeft01_decals" node="0>0|7|7|4" />
        <i3dMapping id="turnlightRight01_decals" node="0>0|7|7|5" />
        <i3dMapping id="worklightBackLight_decals" node="0>0|7|7|6" />
        <i3dMapping id="worklightFrontLight_decals" node="0>0|7|7|7" />
        <i3dMapping id="cabinLight_decals" node="0>0|7|7|8" />
        <i3dMapping id="needleRPM" node="0>0|7|7|9|0" />
        <i3dMapping id="dashboardBars" node="0>0|7|7|10" />
        <i3dMapping id="def_decal" node="0>0|7|7|10|0" />
        <i3dMapping id="fuel_decal" node="0>0|7|7|10|1" />
        <i3dMapping id="exhaust_decal" node="0>0|7|7|10|2" />
        <i3dMapping id="air_decal" node="0>0|7|7|10|3" />
        <i3dMapping id="tempBar_decal" node="0>0|7|7|10|4" />
        <i3dMapping id="numbersTime" node="0>0|7|7|10|5" />
        <i3dMapping id="numbersSpeed" node="0>0|7|7|11" />
        <i3dMapping id="numbersGear" node="0>0|7|7|12" />
        <i3dMapping id="dashboard_decals2" node="0>0|7|7|13" />
        <i3dMapping id="beaconlight_decals" node="0>0|7|7|14" />
        <i3dMapping id="switchHazardLight" node="0>0|7|7|15" />
        <i3dMapping id="hazardlight_decals" node="0>0|7|7|15|0" />
        <i3dMapping id="turnLightAttachment01_decals" node="0>0|7|7|16" />
        <i3dMapping id="turnLightAttachment02_decals" node="0>0|7|7|17" />
        <i3dMapping id="ptoBack_decals" node="0>0|7|7|18" />
        <i3dMapping id="ptoFront_decals" node="0>0|7|7|19" />
        <i3dMapping id="cruiseControl_decals" node="0>0|7|7|20" />
        <i3dMapping id="keyIgnition" node="0>0|7|7|21|0" />
        <i3dMapping id="iconForward_decals" node="0>0|7|7|22" />
        <i3dMapping id="iconBackward_decals" node="0>0|7|7|23" />
        <i3dMapping id="licensePlateNodeFront" node="0>0|7|10|0" />
        <i3dMapping id="licensePlateNodeBack" node="0>0|7|10|1" />
        <i3dMapping id="cabinDamperLeftRef" node="0>0|7|10|2" />
        <i3dMapping id="cabinSpringLeftRef" node="0>0|7|10|3" />
        <i3dMapping id="cabinSpringRightRef" node="0>0|7|10|4" />
        <i3dMapping id="cabinDamperRightRef" node="0>0|7|10|5" />
        <i3dMapping id="frontAxleFrameRefFrame" node="0>0|8|0" />
        <i3dMapping id="frontAxleFrame" node="0>0|8|0|0" />
        <i3dMapping id="frontAxleRefFrame" node="0>0|8|0|0|0" />
        <i3dMapping id="frontAxle" node="0>0|8|0|0|0|0" />
        <i3dMapping id="wheelFrontLeftRepr" node="0>0|8|0|0|0|0|0|0" />
        <i3dMapping id="driveShaftLeft02" node="0>0|8|0|0|0|0|0|0|0|0" />
        <i3dMapping id="fenderLeft" node="0>0|8|0|0|0|0|0|0|1|0" />
        <i3dMapping id="steeringBarFrontLeft" node="0>0|8|0|0|0|0|0|0|2" />
        <i3dMapping id="wheelFrontRightRepr" node="0>0|8|0|0|0|0|1|0" />
        <i3dMapping id="fenderRight" node="0>0|8|0|0|0|0|1|0|0|0" />
        <i3dMapping id="driveShaftRight02" node="0>0|8|0|0|0|0|1|0|1|0" />
        <i3dMapping id="steeringBarFrontRight" node="0>0|8|0|0|0|0|1|0|2" />
        <i3dMapping id="steeringBar" node="0>0|8|0|0|0|0|2|0" />
        <i3dMapping id="steeringBarFrontLeftRef" node="0>0|8|0|0|0|0|2|0|0" />
        <i3dMapping id="steeringBarFrontRightRef" node="0>0|8|0|0|0|0|2|0|1" />
        <i3dMapping id="driveShaftLeft01" node="0>0|8|0|0|0|0|3|0" />
        <i3dMapping id="driveShaftRight01" node="0>0|8|0|0|0|0|4|0" />
        <i3dMapping id="hydraulicFrontAxleRef" node="0>0|8|0|0|1" />
        <i3dMapping id="hydraulicFrontAxle" node="0>0|8|1" />
        <i3dMapping id="hydraulicFrontAxlePunch" node="0>0|8|1|0" />
        <i3dMapping id="attacherJointBackArmMainRefFrame" node="0>0|8|2" />
        <i3dMapping id="attacherJointBackArmMain" node="0>0|8|2|0" />
        <i3dMapping id="attacherJointBackArmMainPartLocalRef" node="0>0|8|2|0|0" />
        <i3dMapping id="attacherJointBackArmMainPartLeft" node="0>0|8|2|0|0|0" />
        <i3dMapping id="attacherJointBackArmMainPartRight" node="0>0|8|2|0|0|1" />
        <i3dMapping id="attacherJointBackArmMainHydraulicRef" node="0>0|8|2|0|1" />
        <i3dMapping id="attacherJointBackArmBottomLeftPart" node="0>0|8|3" />
        <i3dMapping id="attacherJointBackArmBottomLeftPartPunch" node="0>0|8|3|0" />
        <i3dMapping id="attacherJointBackArmBottomRightPart" node="0>0|8|4" />
        <i3dMapping id="attacherJointBackArmBottomRightPartPunch" node="0>0|8|4|0" />
        <i3dMapping id="attacherJointBackArmMainHydraulic" node="0>0|8|5" />
        <i3dMapping id="attacherJointBackArmMainHydraulicPunch" node="0>0|8|5|0" />
        <i3dMapping id="bottomLinkFrontHydraulic" node="0>0|8|6" />
        <i3dMapping id="bottomLinkFrontHydraulicPunch" node="0>0|8|6|0" />
        <i3dMapping id="attacherJointBackArmTopBolt" node="0>0|8|7" />
        <i3dMapping id="cabinDamperLeft" node="0>0|8|8" />
        <i3dMapping id="cabinDamperRight" node="0>0|8|9" />
        <i3dMapping id="cabinSpringLeft" node="0>0|8|10" />
        <i3dMapping id="cabinSpringRight" node="0>0|8|11" />
        <i3dMapping id="driveShaft" node="0>0|8|12" />
        <i3dMapping id="fanEngine" node="0>0|8|13" />
        <i3dMapping id="engineRoll01" node="0>0|8|14|0" />
        <i3dMapping id="engineRoll02" node="0>0|8|14|1" />
        <i3dMapping id="engineRoll03" node="0>0|8|14|2" />
        <i3dMapping id="engineRoll04" node="0>0|8|14|3" />
        <i3dMapping id="engineRoll05" node="0>0|8|14|4" />
        <i3dMapping id="engineRoll06" node="0>0|8|14|5" />
        <i3dMapping id="engineRoll07" node="0>0|8|14|6" />
        <i3dMapping id="exactFillRootNode" node="0>0|9|0" />
        <i3dMapping id="engineConfig_decal" node="0>0|10|4" />
        <i3dMapping id="series5700S_axis_component2" node="1>" />
        <i3dMapping id="wheelFrontLeftReprPhysRot" node="1>0" />
        <i3dMapping id="wheelFrontLeftReprPhys" node="1>0|0" />
        <i3dMapping id="wheelFrontLeft" node="1>0|0|0|0" />
        <i3dMapping id="wheelFrontLeftReprOrient" node="1>0|0|1" />
        <i3dMapping id="axleAlignNodeRefFrame" node="1>0|0|1|0" />
        <i3dMapping id="axleAlignNode" node="1>0|0|1|0|0" />
        <i3dMapping id="frontAxleFrameRef" node="1>0|0|1|0|0|0" />
        <i3dMapping id="wheelFrontRightReprPhysRot" node="1>1" />
        <i3dMapping id="wheelFrontRightReprPhys" node="1>1|0" />
        <i3dMapping id="wheelFrontRight" node="1>1|0|0|0" />
        <i3dMapping id="wheelFrontRightReprOrient" node="1>1|0|1" />
        <i3dMapping id="axleAlignNodeRef" node="1>1|0|1|0" />
    </i3dMappings>
</vehicle>
