<?xml version="1.0" encoding="utf-8" standalone="no" ?>
<sounds xmlns:xsi="http://www.w3.org/2001/XMLSchema-instance" xsi:noNamespaceSchemaLocation="https://validation.gdn.giants-software.com/xml/fs25/vehicle_sounds.xsd">
    <motorized>
        <sounds>
            <motor template="engineLarge" file="vehicles/fendt/ideal/sounds/ideal_loop.gls" volumeScale="1.6"/>
            <motor template="cabinHarvester01" linkNodeOffset="0.5 3.4 3.7" pitchScale="0.9"  volumeScale="1.4"/>
            <motor template="cabinHarvester01" linkNodeOffset="-0.5 3.4 3.7" pitchScale="1.1" volumeScale="1.4"/>
            <motor template="indoorCabinRumble" linkNodeOffset="0.5 3.4 3.7" pitchScale="0.9"  />
            <motor template="indoorCabinRumble" linkNodeOffset="-0.5 3.4 3.7" pitchScale="1.1"  />
            <motor template="transmissionHarvester01" pitchScale="0.5" volumeScale="1.5" linkNodeOffset="1.3 1 3"/>
            <motor template="transmissionHarvester01" pitchScale="0.6" volumeScale="1.5" linkNodeOffset="-1.3 1 3"/>
            <reverseDrive template="reverseBeep01" volumeScale="0.7"/>
            <motor template="filterLoop" fadeIn="3" fadeOut="2" linkNode="strawChopper"/>
        </sounds>
    </motorized>

    <enterable>
        <sounds>
            <rain template="rainInVehicle"  linkNodeOffset="0 2.5 -0.5">
                <loopSynthesisRpm>
                    <modifier type="SPEED" value="0.0" modifiedValue="0.0" />
                    <modifier type="SPEED" value="42.0" modifiedValue="1" />
                </loopSynthesisRpm>
                <volume>
                    <modifier type="SPEED" value="0" modifiedValue="1" />
                    <modifier type="SPEED" value="25" modifiedValue="1" />
                    <modifier type="SPEED" value="42" modifiedValue="1.2" />
                </volume>

                <pitch>
                    <modifier type="SPEED" value="0" modifiedValue="1" />
                    <modifier type="SPEED" value="25" modifiedValue="1" />
                    <modifier type="SPEED" value="42" modifiedValue="1.0" />
                </pitch>
            </rain>

            <hail template="hailInVehicle"  linkNodeOffset="0 2.5 -0.5" volumeScale="1.5">
                <loopSynthesisRpm>
                    <modifier type="SPEED" value="0.0" modifiedValue="0.0" />
                    <modifier type="SPEED" value="42.0" modifiedValue="1" />
                </loopSynthesisRpm>
                <volume>
                    <modifier type="SPEED" value="0" modifiedValue="1" />
                    <modifier type="SPEED" value="25" modifiedValue="1" />
                    <modifier type="SPEED" value="42" modifiedValue="1.2" />
                </volume>

                <pitch>
                    <modifier type="SPEED" value="0" modifiedValue="1" />
                    <modifier type="SPEED" value="25" modifiedValue="1" />
                    <modifier type="SPEED" value="42" modifiedValue="1.0" />
                </pitch>
            </hail>
        </sounds>
    </enterable>

    <lights>
        <sounds>
            <toggleLights template="switch01"  />
            <turnLight template="switchTurnlight"  />
        </sounds>
    </lights>

    <attacherJoints>
        <sounds>
            <hydraulic template="hydraulicOpen03" linkNode="attacherJointCutter" volumeScale="1.8"/>
        </sounds>
    </attacherJoints>

    <drivable>
        <sounds>
            <waterSplash template="waterSplash01" />
        </sounds>
    </drivable>

    <turnOnVehicle>
        <sounds>
            <work template="harvesterChopper"  linkNode="strawChopper"/>
            <work template="engineLarge" file="vehicles/fendt/ideal/sounds/idealWorkLeft_loop.gls"  linkNodeOffset="-1.5 3 0" >
                <volume indoor="1.5" outdoor="2.5"/>
                <lowpassGain indoor="0.4" outdoor="1"/>
                <pitch indoor="1" outdoor="1.0" >
                    <modifier type="COMBINE_LOAD" value="0.00" modifiedValue="1.00" />
                    <modifier type="COMBINE_LOAD" value="1.00" modifiedValue="1.25" />
                </pitch>
            </work>
            <work template="engineLarge" file="vehicles/fendt/ideal/sounds/idealWorkRight_loop.gls"  linkNodeOffset="1.5 3 0" >
                <volume indoor="1.5" outdoor="2.5"/>
                <lowpassGain indoor="0.4" outdoor="1"/>
                <pitch indoor="1" outdoor="1.0" >
                    <modifier type="COMBINE_LOAD" value="0.00" modifiedValue="1.00" />
                    <modifier type="COMBINE_LOAD" value="1.00" modifiedValue="1.25" />
                </pitch>
            </work>
        </sounds>

    </turnOnVehicle>

    <combine>
        <sounds>
            <chopStraw   template="chopStrawDischarge" linkNode="strawChopper"/>
            <dropStraw   template="dropStrawDischarge" linkNode="strawChopper"/>
            <fill template="grainLargeFill" linkNode="grainTankAugerDrum" volumeScale="0.6"/>
        </sounds>
    </combine>

    <ai>
        <automaticSteering>
            <sounds>
                <engage template="gpsEngageFendt" volumeScale="2.7"/>
                <disengage template="gpsDisengageFendt" volumeScale="3.2"/>
                <lineEnd template="gpsLineEndFendt" volumeScale="2.7"/>
            </sounds>
        </automaticSteering>
    </ai>

    <honk>
        <sound template="honkIdeal9T" />
    </honk>
</sounds>
