﻿<?xml version="1.0" encoding="utf-8" standalone="no"?>
<modDesc descVersion="93" xmlns:xsi="http://www.w3.org/2001/XMLSchema-instance" xsi:noNamespaceSchemaLocation="https://validation.gdn.giants-software.com/xml/fs25/modDesc.xsd">
    <author>Giants, Jeffro Mods</author>
    <version>1.0.1.0</version>
    <title>
        <en>Fendt Katana Forage Harvester Edit</en>
    </title>
    <description>
<en><![CDATA[
Fendt Katana Forage Harvester Edit

The Fendt Katana forage harvester sliced and diced with tons of options!

- Added in wider tire options
---- Wide, Xtra Wide
---- LSW tires

- Added in more color options interior and exterior
--- Interior: wood grain (oak, cedar), leather, more
------ Internals
------ Interior Floor and Other
------ Seat/Steering Wheel
------ Seat Middle
------ Seat Stitching

--- Exterior: Matte black, matte gray, more
------ Body Color
------ External Roof

- Added HP options (stock HP left alone)
-----Katana 950 950hp (45mph)
-----Katana Xtreme at 1950hp (90mph)

- Window Tint Options:
--- Sides and Back (None, Light, Dark, Limo)
--- Front (Dark strip, Limo Strip)

- Capacity added
---- Default
---- 4000 Liters
---- 10k Liters
---- 100k Liters
---- 1 Million Liters

- Discharge Speed added
---- Default - 1000L
---- Discharge 2000 L
---- Discharge 6000 L
---- Discharge 8000 L

Have fun!
-Jeffro
]]></en>

    </description>
    <iconFilename>store_katana.dds</iconFilename>
    <multiplayer supported="true"/>
    <storeItems>
        <storeItem xmlFilename="katana.xml"/>
    </storeItems>
</modDesc>