﻿<?xml version="1.0" encoding="utf-8" standalone="no"?>
<vehicle type="mower" xmlns:xsi="http://www.w3.org/2001/XMLSchema-instance" xsi:noNamespaceSchemaLocation="../../../../shared/xml/schema/vehicle.xsd">
    <annotation>Copyright (C) GIANTS Software GmbH, All Rights Reserved.</annotation>
    <annotation>Jeffro Mods Edit</annotation>

    <storeData>
        <name>Bednar MM 7000 Mower JM Edit</name>
        <specs>
            <neededPower>210</neededPower>
            <workingWidth>7</workingWidth>
        </specs>
        <functions>
            <function>$l10n_function_mower</function>
        </functions>
        <image>store_mm7000.png</image>
        <price>35000</price>
        <lifetime>600</lifetime>
        <rotation>0</rotation>
        <brand>BEDNAR</brand>
        <category>mowers</category>
        <shopTranslationOffset>0 0.29 0</shopTranslationOffset>
        <shopRotationOffset>0.484 0 0</shopRotationOffset>
        <vertexBufferMemoryUsage>1764864</vertexBufferMemoryUsage>
        <indexBufferMemoryUsage>405248</indexBufferMemoryUsage>
        <textureMemoryUsage>655360</textureMemoryUsage>
        <instanceVertexBufferMemoryUsage>0</instanceVertexBufferMemoryUsage>
        <instanceIndexBufferMemoryUsage>0</instanceIndexBufferMemoryUsage>
        <audioMemoryUsage>0</audioMemoryUsage>
    </storeData>

    <base>
        <typeDesc>$l10n_typeDesc_mower</typeDesc>
        <filename>i3d/mm7000.i3d</filename>
        <size width="2.9" length="5.85" height="3.4" lengthOffset="0.12"/>
        <speedLimit value="12"/>
        <components>
            <component centerOfMass="0 0.2 0" solverIterationCount="15" mass="2890"/>
            <component centerOfMass="-0.5 0 0" solverIterationCount="15" mass="350"/>
            <component centerOfMass="0.5 0 0" solverIterationCount="15" mass="350"/>

            <joint component1="1" component2="2" node="componentJointArmLeft" rotLimit="0 0 0" transLimit="0 0 0"/>
            <joint component1="1" component2="3" node="componentJointArmRight" rotLimit="0 0 0" transLimit="0 0 0"/>
        </components>

        <schemaOverlay attacherJointPosition="0 0" name="IMPLEMENT"/>
        <mapHotspot type="TOOL"/>
    </base>

    <wheels>
        <wheelConfigurations>
            <wheelConfiguration name="$l10n_configuration_valueDefault" price="0" saveId="DEFAULT">
                <wheels>
                    <wheel filename="$data/shared/wheels/tires/trelleborg/SK800/27x8_5R15.xml" configId="implementRim001" isLeft="true" hasTireTracks="true" hasParticles="true">
                        <physics restLoad="0.6" repr="armMiddleBackArmWheel01" forcePointRatio="0.25" initialCompression="35" suspTravel="0.1" spring="25" damper="10" yOffset="0.02" brakeFactor="1"/>
                        <wheelChock parkingNode="wheelChock01_01"/>
                        <wheelChock parkingNode="wheelChock01_02" isInverted="true"/>
                    </wheel>
                    <wheel filename="$data/shared/wheels/tires/trelleborg/SK800/27x8_5R15.xml" configId="implementRim001" isLeft="false" hasTireTracks="true" hasParticles="true">
                        <physics restLoad="0.6" repr="armMiddleBackArmWheel02" forcePointRatio="0.25" initialCompression="35" suspTravel="0.1" spring="15" damper="10" yOffset="0.02" brakeFactor="0.5"/>
                    </wheel>
                    <wheel filename="$data/shared/wheels/tires/trelleborg/SK800/27x8_5R15.xml" configId="implementRim001" isLeft="true" hasTireTracks="true" hasParticles="true">
                        <physics restLoad="0.6" repr="armMiddleBackArmWheel03" forcePointRatio="0.25" initialCompression="35" suspTravel="0.1" spring="25" damper="10" yOffset="0.02" brakeFactor="1"/>
                    </wheel>
                    <wheel filename="$data/shared/wheels/tires/trelleborg/SK800/27x8_5R15.xml" configId="implementRim001" isLeft="false" hasTireTracks="true" hasParticles="true">
                        <physics restLoad="0.6" repr="armMiddleBackArmWheel04" forcePointRatio="0.25" initialCompression="35" suspTravel="0.1" spring="15" damper="10" yOffset="0.02" brakeFactor="0.5"/>
                    </wheel>

                    <wheel filename="$data/shared/wheels/tires/trelleborg/SK800/27x8_5R15.xml" configId="implementRim001" isLeft="true" hasTireTracks="true" hasParticles="true">
                        <physics restLoad="0.2" repr="armLeftBackArmWheel" forcePointRatio="0.25" initialCompression="35" suspTravel="0.1" spring="5" damper="10" yOffset="0.04" brakeFactor="0.02"/>
                        <additionalWheel configId="implementRim001" offset="0.212" isLeft="false"/>
                    </wheel>
                    <wheel filename="$data/shared/wheels/tires/trelleborg/SK800/27x8_5R15.xml" configId="implementRim001" isLeft="false" hasTireTracks="true" hasParticles="true">
                        <physics restLoad="0.2" repr="armRightBackArmWheel" forcePointRatio="0.25" initialCompression="35" suspTravel="0.1" spring="5" damper="10" yOffset="0.04" brakeFactor="0.02"/>
                        <additionalWheel configId="implementRim001" offset="0.212" isLeft="true"/>
                    </wheel>
                </wheels>
            </wheelConfiguration>
        </wheelConfigurations>

        <hubs>
            <hub linkNode="armMiddleBackArmWheel01" filename="$data/shared/wheels/hubs/hub_n5_1.xml" isLeft="true" scale="0.15 0.15 0.15"/>
            <hub linkNode="armMiddleBackArmWheel02" filename="$data/shared/wheels/hubs/hub_n5_1.xml" isLeft="false" scale="0.15 0.15 0.15"/>
            <hub linkNode="armMiddleBackArmWheel03" filename="$data/shared/wheels/hubs/hub_n5_1.xml" isLeft="true" scale="0.15 0.15 0.15"/>
            <hub linkNode="armMiddleBackArmWheel04" filename="$data/shared/wheels/hubs/hub_n5_1.xml" isLeft="false" scale="0.15 0.15 0.15"/>
            <hub linkNode="armLeftBackArmHubLeft"   filename="$data/shared/wheels/hubs/hub_n5_1.xml" isLeft="true" scale="0.15 0.15 0.15"/>
            <hub linkNode="armLeftBackArmHubRight"  filename="$data/shared/wheels/hubs/hub_n5_1.xml" isLeft="false" scale="0.15 0.15 0.15"/>
            <hub linkNode="armRightBackArmHubLeft"  filename="$data/shared/wheels/hubs/hub_n5_1.xml" isLeft="true" scale="0.15 0.15 0.15"/>
            <hub linkNode="armRightBackArmHubRight" filename="$data/shared/wheels/hubs/hub_n5_1.xml" isLeft="false" scale="0.15 0.15 0.15"/>
        </hubs>
    </wheels>

    <dynamicallyLoadedParts>
        <dynamicallyLoadedPart node="0" linkNode="chockSupport01" filename="$data/shared/assets/wheelChocks/wheelChockSupport01.i3d"/>
        <dynamicallyLoadedPart node="0" linkNode="chockSupport02" filename="$data/shared/assets/wheelChocks/wheelChockSupport01.i3d"/>
    </dynamicallyLoadedParts>

    <attachable>
        <inputAttacherJoints>
            <inputAttacherJoint node="attacherJoint" jointType="trailer" attacherHeight="0.75" drawbarNode="drawbar"/>
        </inputAttacherJoints>

        <inputAttacherJointConfigurations title="TRASH-FAN" isYesNoOption="true">
            <inputAttacherJointConfiguration name="$l10n_configuration_valueNo" connectionHoseConfigId="1"/>
            <inputAttacherJointConfiguration name="$l10n_configuration_valueYes" price="1000" connectionHoseConfigId="2">
                <objectChange node="trashFanFrame" visibilityActive="true" visibilityInactive="false" />
                <objectChange node="hosesTrashFan" visibilityActive="true" visibilityInactive="false" />
                <objectChange node="hydraulicOut02" visibilityActive="true" visibilityInactive="false" />
                <objectChange node="hydraulicIn03" visibilityActive="true" visibilityInactive="false" />
            </inputAttacherJointConfiguration>
        </inputAttacherJointConfigurations>

        <brakeForce force="0.2"/>
        <support animationName="moveSupport" delayedOnLoad="true"/>
        <sounds>
            <active file="$data/sounds/tools/trailer/trailerRattle_02.wav" innerRadius="10" outerRadius="50" volumeScale="3.2" isLocalSound="true" pitchScale="1.4">
                <volume indoor="0.6" outdoor="0.9" >
                    <modifier type="WHEEL_SUSPENSION" value="-0.04" modifiedValue="0.15"/>
                    <modifier type="WHEEL_SUSPENSION" value="-0.02" modifiedValue="0.0"/>
                    <modifier type="WHEEL_SUSPENSION" value="-0.00" modifiedValue="0.0"/>
                    <modifier type="WHEEL_SUSPENSION" value="0.02" modifiedValue="0.0"/>
                    <modifier type="WHEEL_SUSPENSION" value="0.04" modifiedValue="0.15"/>

                    <modifier type="SPEED" value="0.0" modifiedValue="0.0"/>
                    <modifier type="SPEED" value="2.0" modifiedValue="1.0"/>
                    <modifier type="SPEED" value="40.0" modifiedValue="1.0"/>
                </volume>
                <lowpassCutoffFrequency indoor="300" outdoor="20000" />
                <lowpassGain indoor="0.7" outdoor="1" />
            </active>
        </sounds>
    </attachable>

    <connectionHoses>
        <hose inputAttacherJointIndices="1" type="hydraulicIn" node="hydraulicIn01" length="1.2" diameter="0.02" straighteningFactor="0.5" adapterNode="hydraulicIn01_connector">
            <objectChange node="hydraulicIn01_detached" visibilityActive="false" visibilityInactive="true"/>
        </hose>
        <hose inputAttacherJointIndices="1" type="hydraulicOut" node="hydraulicOut01" length="1.2" diameter="0.02" straighteningFactor="0.5" adapterNode="hydraulicOut01_connector">
            <objectChange node="hydraulicOut01_detached" visibilityActive="false" visibilityInactive="true"/>
        </hose>
        <hose inputAttacherJointIndices="1" type="hydraulicIn" node="hydraulicIn02" length="1.2" diameter="0.02" straighteningFactor="0.5" adapterNode="hydraulicIn02_connector">
            <objectChange node="hydraulicIn02_detached" visibilityActive="false" visibilityInactive="true"/>
        </hose>
        <hose inputAttacherJointIndices="1" type="electric" node="electric" length="1.3" diameter="0.01" straighteningFactor="0.5" adapterNode="electric_connector">
            <objectChange node="electric_detached" visibilityActive="false" visibilityInactive="true"/>
        </hose>

        <connectionHoseConfigurations>
            <connectionHoseConfiguration/>
            <connectionHoseConfiguration>
                <hose inputAttacherJointIndices="1" type="hydraulicOut" node="hydraulicOut02" length="1.2" diameter="0.02" straighteningFactor="0.5" adapterNode="hydraulicOut02_connector">
                    <objectChange node="hydraulicOut02_detached" visibilityActive="false" visibilityInactive="true"/>
                </hose>
                <hose inputAttacherJointIndices="1" type="hydraulicIn" node="hydraulicIn03" length="1.2" diameter="0.02" straighteningFactor="0.5" adapterNode="hydraulicIn03_connector">
                    <objectChange node="hydraulicIn03_detached" visibilityActive="false" visibilityInactive="true"/>
                </hose>
            </connectionHoseConfiguration>
        </connectionHoseConfigurations>
    </connectionHoses>

    <powerTakeOffs>
        <input inputAttacherJointIndices="1" inputNode="ptoInputNode" detachNode="ptoDetachNode" aboveAttacher="true">
            <objectChange node="ptoHolder" rotationActive="-98 0 0" rotationInactive="-10 0 0"/>
        </input>

        <local startNode="armLeftLocalPto01Start" endNode="armLeftLocalPto01End" />
        <local startNode="armLeftLocalPto02Start" endNode="armLeftLocalPto02End" />
        <local startNode="armRightLocalPto01Start" endNode="armRightLocalPto01End" />
        <local startNode="armRightLocalPto02Start" endNode="armRightLocalPto02End"/>
        <sounds>
            <turnedOn template="tractorPTO" volumeScale="0.5" linkNode="attacherJoint"/>
        </sounds>
    </powerTakeOffs>

    <licensePlates>
        <licensePlate node="licensePlateBack" position="BACK" preferedType="SQUARISH" placementArea="0.3 0.3 0.3 0.26">
            <objectChange node="bigTriangle" visibilityActive="false" visibilityInactive="true" />
        </licensePlate>
    </licensePlates>

    <powerConsumer forceNode="mm700_main_component1" ptoRpm="500" neededMaxPtoPower="75"/>

    <lights>
        <sharedLight linkNode="rearLight05_left" filename="$data/shared/assets/lights/lizard/rearLight05_left.xml" />
        <sharedLight linkNode="rearLight05_right" filename="$data/shared/assets/lights/lizard/rearLight05_right.xml" />
        <sharedLight linkNode="frontLight02_01" filename="$data/shared/assets/lights/lizard/frontLight02.xml" />
        <sharedLight linkNode="frontLight02_02" filename="$data/shared/assets/lights/lizard/frontLight02.xml" />

        <realLights>
            <high>
                <light node="backLightsHigh" lightTypes="0" />
                <turnLightLeft node="turnLightLeftBack" />
                <turnLightRight node="turnLightRightBack" />
                <brakeLight node="backLightsHigh" />
            </high>
        </realLights>
    </lights>

    <groundReferenceNodes>
        <groundReferenceNode node="groundReferenceNode" forceFactor="1" threshold="0.2" />
		<groundReferenceNode node="groundReferenceNode2" forceFactor="1" threshold="0.2" />
		<groundReferenceNode node="groundReferenceNode3" forceFactor="1" threshold="0.2" />
    </groundReferenceNodes>

    <workAreas>
        <workArea type="mower" functionName="processMowerArea">
            <area startNode="workAreaLeftStart" widthNode="workAreaLeftWidth" heightNode="workAreaLeftHeight"/>
            <groundReferenceNode index="1"/>
            <mower dropWindrow="true" dropAreaIndex="4"/>
        </workArea>
       <workArea type="mower" functionName="processMowerArea">
            <area startNode="workAreaRightStart" widthNode="workAreaRightWidth" heightNode="workAreaRightHeight"/>
            <groundReferenceNode index="2"/>
			<mower dropWindrow="true" dropAreaIndex="5"/>
        </workArea>
		<workArea type="mower" functionName="processMowerArea">
            <area startNode="workAreaMiddleStart" widthNode="workAreaMiddleWidth" heightNode="workAreaMiddleHeight"/>
            <groundReferenceNode index="3"/>
			<mower dropWindrow="true" dropAreaIndex="6"/>
        </workArea>
		<workArea type="auxiliary" >
            <area startNode="workAreaLeftStart" widthNode="workAreaLeftWidth" heightNode="workAreaLeftHeight" />
        </workArea>
		<workArea type="auxiliary" >
            <area startNode="workAreaRightStart" widthNode="workAreaRightWidth" heightNode="workAreaRightHeight" />
        </workArea>
		<workArea type="auxiliary" >
            <area startNode="workAreaMiddleStart" widthNode="workAreaMiddleWidth" heightNode="workAreaMiddleHeight" />
        </workArea>
    </workAreas>

    <!--mulcher>
        <effects>
            <effect workAreaIndex="1">
                <effectNode effectClass="TypedMotionPathEffect" effectType="MULCHER" linkNode="armMiddleMulcherEffectLinkNode">
                    <motionPathEffect textureFilename="$data/vehicles/bednar/mm7000/armMiddleMulcherEffectArray.dds" numRows="6" rowLength="11" minFade="0.15" shapeScale="0.4" maxShapeScale="0.7" speedScale="1.5"/>
                </effectNode>
                <effectNode effectClass="TypedMotionPathEffect" effectType="MULCHER" linkNode="armLeftMulcherEffectLinkNode">
                    <motionPathEffect textureFilename="$data/vehicles/bednar/mm7000/armLeftMulcherEffectArray.dds" numRows="16" rowLength="18" minFade="0.15" shapeScale="0.4" maxShapeScale="0.7" speedScale="1.5"/>
                </effectNode>
                <effectNode effectClass="TypedMotionPathEffect" effectType="MULCHER" linkNode="armRightMulcherEffectLinkNode">
                    <motionPathEffect textureFilename="$data/vehicles/bednar/mm7000/armRightMulcherEffectArray.dds" numRows="16" rowLength="18" minFade="0.15" shapeScale="0.4" maxShapeScale="0.7" speedScale="1.5"/>
                </effectNode>
                <effectNode effectNode="smokeEmitter" effectClass="ParticleEffect" particleType="smoke" materialType="smokeParticle" worldSpace="false" emitCountScale="0.3"/>
            </effect>
        </effects>

        <sounds>
            <work template="crushingStubbles" linkNode="mm700_main_component1" />
        </sounds>
    </mulcher-->

    <mower fruitTypeConverter="MOWER">
        <dropEffects>
            <dropEffect workAreaIndex="1" dropAreaIndex="4">
                <effectNode effectClass="TypedMotionPathEffect" effectType="MOWER" linkNode="armLeftMulcherEffectLinkNode">
                    <motionPathEffect textureFilename="$data/vehicles/bednar/mm7000/armMiddleMulcherEffectArray.dds" numRows="6" rowLength="11" minFade="0.15" shapeScale="0.4" maxShapeScale="0.7" speedScale="1.5"/>
                </effectNode>
			</dropEffect>
			<dropEffect workAreaIndex="2" dropAreaIndex="5">
                <effectNode effectClass="TypedMotionPathEffect" effectType="MOWER" linkNode="armRightMulcherEffectLinkNode">
                    <motionPathEffect textureFilename="$data/vehicles/bednar/mm7000/armLeftMulcherEffectArray.dds" numRows="16" rowLength="18" minFade="0.15" shapeScale="0.4" maxShapeScale="0.7" speedScale="1.5"/>
                </effectNode>
			</dropEffect>
			<dropEffect workAreaIndex="3" dropAreaIndex="6">
                <effectNode effectClass="TypedMotionPathEffect" effectType="MOWER" linkNode="armMiddleMulcherEffectLinkNode">
                    <motionPathEffect textureFilename="$data/vehicles/bednar/mm7000/armRightMulcherEffectArray.dds" numRows="16" rowLength="18" minFade="0.15" shapeScale="0.4" maxShapeScale="0.7" speedScale="1.5"/>
                </effectNode>
				<effectNode effectNode="smokeEmitter" effectClass="ParticleEffect" particleType="smoke" materialType="smokeParticle" worldSpace="false" emitCountScale="0.3"/>
			</dropEffect>
        </dropEffects>
        <sounds>
            <cut template="mowerToolWork_01" linkNode="mm700_main_component1" volumeScale="0.7"/>
        </sounds>
    </mower>

    <foldable>
        <foldingConfigurations>
            <foldingConfiguration>
                <foldingParts startMoveDirection="1" foldMiddleAnimTime="0.2" turnOnFoldMaxLimit="0.2" turnOnFoldDirection="-1">
                    <foldingPart animationName="folding" speedScale="1"/>
                </foldingParts>
            </foldingConfiguration>
        </foldingConfigurations>
    </foldable>

    <animations>
        <animation name="moveSupport">
            <part node="armSupportCol" startTime="0.0" endTime="1.0" startRot="-90.0 0.0 0.0" endRot="0.0 0.0 0.0" startTrans="-0.163 0 -0.275" endTrans="0 0 0" requiredAnimation="folding" requiredAnimationRange="0.1 1"/>
            <part node="armSupportAttached" startTime="0.0" endTime="1.1" visibility="true" requiredAnimation="folding" requiredAnimationRange="0.1 1"/>
            <part node="armSupportDetached" startTime="0.0" endTime="1.1" visibility="false" requiredAnimation="folding" requiredAnimationRange="0.1 1"/>
            <part node="armSupportAttached" startTime="1.1" endTime="2.0" visibility="false" requiredAnimation="folding" requiredAnimationRange="0.1 1"/>
            <part node="armSupportDetached" startTime="1.1" endTime="2.0" visibility="true" requiredAnimation="folding" requiredAnimationRange="0.1 1"/>
            <part node="armSupportCol" startTime="1.1" endTime="2.0" startTrans="0 0 0" endTrans="0 -0.18 0" requiredAnimation="folding" requiredAnimationRange="0.1 1"/>
            <part node="armSupport" startTime="1.1" endTime="2.0" startTrans="0 0 0" endTrans="0 -0.18 0" requiredAnimation="folding" requiredAnimationRange="0.1 1"/>
            <part node="armSupportHandle" startTime="1.1" endTime="2.0" startRot="0 0 0" endRot="720 0 0" requiredAnimation="folding" requiredAnimationRange="0.1 1"/>

            <sound template="slideOpen"         startTime="1" endTime="1.99" direction="0" volumeScale="2.5" pitchScale="1.1" linkNode="armSupport"/>
            <sound template="metalHandleRotate" startTime="1" endTime="1.99" direction="0" volumeScale="0.4" pitchScale="1"   linkNode="armSupport"/>
        </animation>

        <animation name="folding">
            <!-- lowering -->
            <part node="drawbarPhysRot" startTime="0.0" endTime="1.0" startRot="-5.0 0.0 0.0" endRot="5.0 0.0 0.0" />
            <part node="armMiddleBackArm" startTime="0.0" endTime="1.0" startRot="0.0 0.0 0.0" endRot="-30.0 0.0 0.0" />
            <part node="armMiddleBackArmWheels" startTime="0.0" endTime="1.0" startRot="0.0 0.0 0.0" endRot="30.0 0.0 0.0" />
            <part node="armLeftBackArm" startTime="0.0" endTime="1.0" startRot="0.0 0.0 0.0" endRot="-45.0 0.0 0.0" />
            <part node="armLeftBackArmPhys" startTime="0.0" endTime="1.0" startRot="0.0 0.0 0.0" endRot="-45.0 0.0 0.0" />
            <part node="armLeftBackArmWheelRotPhys" startTime="0.0" endTime="1.0" startRot="0.0 0.0 0.0" endRot="45.0 0.0 0.0" />
            <part node="armRightBackArm" startTime="0.0" endTime="1.0" startRot="0.0 0.0 0.0" endRot="-45.0 0.0 0.0" />
            <part node="armRightBackArmPhys" startTime="0.0" endTime="1.0" startRot="0.0 0.0 0.0" endRot="-45.0 0.0 0.0" />
            <part node="armRightBackArmWheelRotPhys" startTime="0.0" endTime="1.0" startRot="0.0 0.0 0.0" endRot="45.0 0.0 0.0" />

            <part componentJointIndex="1" startTime="0.0" endTime="1.0" startRotLimit="0 0 15" endRotLimit="0 0 0" />
            <part componentJointIndex="2" startTime="0.0" endTime="1.0" startRotLimit="0 0 15" endRotLimit="0 0 0" />

            <!-- folding -->
            <part node="componentJointArmLeft" startTime="1.0" endTime="5.0" startRot="0.0 0.0 0.0" endRot="0.0 0.0 90.0" />
            <part node="componentJointArmRight" startTime="1.0" endTime="5.0" startRot="0.0 0.0 0.0" endRot="0.0 0.0 -90.0" />

            <part node="armLeftBackArm" startTime="2.0" endTime="4.0" startRot="-45.0 0.0 0.0" endRot="0.0 0.0 0.0" />
            <part node="armLeftBackArmPhys" startTime="2.0" endTime="4.0" startRot="-45.0 0.0 0.0" endRot="0.0 0.0 0.0" />
            <part node="armLeftBackArmWheelRotPhys" startTime="2.0" endTime="4.0" startRot="45.0 0.0 0.0" endRot="0.0 0.0 0.0" />
            <part node="armRightBackArm" startTime="2.0" endTime="4.0" startRot="-45.0 0.0 0.0" endRot="0.0 0.0 0.0" />
            <part node="armRightBackArmPhys" startTime="2.0" endTime="4.0" startRot="-45.0 0.0 0.0" endRot="0.0 0.0 0.0" />
            <part node="armRightBackArmWheelRotPhys" startTime="2.0" endTime="4.0" startRot="45.0 0.0 0.0" endRot="0.0 0.0 0.0" />

            <!-- cutterArms -->
            <part node="armLeftCutterDrum01Arm01" startTime="1.0" endTime="4.0" startRot="0.0 0.0 0.0" endRot="0.0 -90.0 0.0" direction="1"/>
            <part node="armLeftCutterDrum01Arm02" startTime="1.0" endTime="4.0" startRot="0.0 0.0 0.0" endRot="0.0 0.0 0.0" direction="1"/>
            <part node="armLeftCutterDrum01Arm03" startTime="1.0" endTime="4.0" startRot="0.0 0.0 0.0" endRot="0.0 90.0 0.0" direction="1"/>
            <part node="armLeftCutterDrum01Arm04" startTime="1.0" endTime="4.0" startRot="0.0 0.0 0.0" endRot="0.0 100.0 0.0" direction="1"/>

            <part node="armLeftCutterDrum02Arm01" startTime="1.0" endTime="4.0" startRot="0.0 0.0 0.0" endRot="0.0 -90.0 0.0" direction="1"/>
            <part node="armLeftCutterDrum02Arm02" startTime="1.0" endTime="4.0" startRot="0.0 0.0 0.0" endRot="0.0 0.0 0.0" direction="1"/>
            <part node="armLeftCutterDrum02Arm03" startTime="1.0" endTime="4.0" startRot="0.0 0.0 0.0" endRot="0.0 90.0 0.0" direction="1"/>
            <part node="armLeftCutterDrum02Arm04" startTime="1.0" endTime="4.0" startRot="0.0 0.0 0.0" endRot="0.0 100.0 0.0" direction="1"/>

            <part node="armRightCutterDrum01Arm01" startTime="1.0" endTime="4.0" startRot="0.0 0.0 0.0" endRot="0.0 90.0 0.0" direction="1"/>
            <part node="armRightCutterDrum01Arm02" startTime="1.0" endTime="4.0" startRot="0.0 0.0 0.0" endRot="0.0 -100.0 0.0" direction="1"/>
            <part node="armRightCutterDrum01Arm03" startTime="1.0" endTime="4.0" startRot="0.0 0.0 0.0" endRot="0.0 -90.0 0.0" direction="1"/>
            <part node="armRightCutterDrum01Arm04" startTime="1.0" endTime="4.0" startRot="0.0 0.0 0.0" endRot="0.0 0.0 0.0" direction="1"/>

            <part node="armRightCutterDrum02Arm01" startTime="1.0" endTime="4.0" startRot="0.0 0.0 0.0" endRot="0.0 90.0 0.0" direction="1"/>
            <part node="armRightCutterDrum02Arm02" startTime="1.0" endTime="4.0" startRot="0.0 0.0 0.0" endRot="0.0 -100.0 0.0" direction="1"/>
            <part node="armRightCutterDrum02Arm03" startTime="1.0" endTime="4.0" startRot="0.0 0.0 0.0" endRot="0.0 -90.0 0.0" direction="1"/>
            <part node="armRightCutterDrum02Arm04" startTime="1.0" endTime="4.0" startRot="0.0 0.0 0.0" endRot="0.0 0.0 0.0" direction="1"/>

            <sound template="hydraulicOpen02"  startTime="1.01" endTime="4.99"    direction="-1"   volumeScale="1.9"  startPitchScale="1.5" endPitchScale="1.7" fadeIn="0.1" fadeOut="0.1"/>
            <sound template="hydraulicOpen06"  startTime="1.01" endTime="4.99"    direction="-1"   volumeScale="0.6" startPitchScale="0.5" endPitchScale="0.7" fadeIn="0.1" fadeOut="0.1"/>
            <sound template="hydraulicClose01" startTime="1.01" endTime="4.99"    direction="1"    volumeScale="3.8"  pitchScale="0.7" fadeIn="0.1" fadeOut="0.1"/>
            <sound template="hydraulicOpen02"  startTime="1.01" endTime="4.99"    direction="1"    volumeScale="2.0"  pitchScale="0.7" fadeIn="0.1" fadeOut="0.1"/>
            <sound template="hydraulicOpen06"  startTime="0.01" endTime="0.99"    direction="-1"   volumeScale="1.0"  pitchScale="0.5" fadeIn="0.1" fadeOut="0.1"/>
            <sound template="hydraulicOpen05"  startTime="0.01" endTime="0.99"    direction="-1"   volumeScale="1.3"  pitchScale="1.5" fadeIn="0.1" fadeOut="0.1"/>
            <sound template="hydraulicClose03" startTime="0.01" endTime="0.99"    direction="1"    volumeScale="4.3"  pitchScale="1.2" fadeIn="0.1" fadeOut="0.1"/>
            <sound template="vibratingImp"     startTime="4.99" volumeScale="1.3" pitchScale="1.2" direction="1"/>
            <sound template="hingeImp"         startTime="4.9"  volumeScale="0.7" pitchScale="1.0" direction="1"/>
            <sound template="cylinderPunch"    startTime="4.99" volumeScale="0.2" pitchScale="1.2" direction="1"/>
            <sound template="foldStartMed02"   startTime="4.99" volumeScale="3.4" pitchScale="0.7" direction="1"/>
            <sound template="foldStartMed02"   startTime="1.01" volumeScale="3.4" pitchScale="0.8" direction="-1"/>
            <sound template="vibratingImp"     startTime="1.01" volumeScale="1.2" pitchScale="1.0" direction="-1"/>
            <sound template="metalImpHigh02"   startTime="1.01" volumeScale="0.3" pitchScale="1.0" direction="-1"/>
            <sound template="vibratingImp"     startTime="0.01" volumeScale="1.2" pitchScale="1.0" direction="-1"/>
            <sound template="clackVar6"        startTime="0.01" volumeScale="2.3" pitchScale="0.6" direction="-1"/>
            <sound template="foldStartMed02"   startTime="0.1" volumeScale="3.3" pitchScale="0.5" direction="-1"/>
            <sound template="trailerCloseImpact_01" startTime="0.01" volumeScale="0.6" pitchScale="0.8" direction="-1"/>
            <sound template="cylinderPunch"    startTime="0.01" volumeScale="0.3" pitchScale="1.7" direction="-1"/>
        </animation>

        <animation name="cutterArmsTurnedOnAnimation" resetOnStart="false">
            <part node="armLeftCutterDrum01Arm01" startTime="0.0" endTime="1.0" startRot="0.0 -90.0 0.0" endRot="0.0 0.0 0.0" />
            <part node="armLeftCutterDrum01Arm02" startTime="0.0" endTime="1.0" startRot="0.0 0.0 0.0" endRot="0.0 0.0 0.0" />
            <part node="armLeftCutterDrum01Arm03" startTime="0.0" endTime="1.0" startRot="0.0 90.0 0.0" endRot="0.0 0.0 0.0" />
            <part node="armLeftCutterDrum01Arm04" startTime="0.0" endTime="1.0" startRot="0.0 100.0 0.0" endRot="0.0 0.0 0.0" />

            <part node="armLeftCutterDrum02Arm01" startTime="0.0" endTime="1.0" startRot="0.0 -90.0 0.0" endRot="0.0 0.0 0.0" />
            <part node="armLeftCutterDrum02Arm02" startTime="0.0" endTime="1.0" startRot="0.0 0.0 0.0" endRot="0.0 0.0 0.0" />
            <part node="armLeftCutterDrum02Arm03" startTime="0.0" endTime="1.0" startRot="0.0 90.0 0.0" endRot="0.0 0.0 0.0" />
            <part node="armLeftCutterDrum02Arm04" startTime="0.0" endTime="1.0" startRot="0.0 100.0 0.0" endRot="0.0 0.0 0.0" />

            <part node="armRightCutterDrum01Arm01" startTime="0.0" endTime="1.0" startRot="0.0 90.0 0.0" endRot="0.0 0.0 0.0" />
            <part node="armRightCutterDrum01Arm02" startTime="0.0" endTime="1.0" startRot="0.0 -100.0 0.0" endRot="0.0 0.0 0.0" />
            <part node="armRightCutterDrum01Arm03" startTime="0.0" endTime="1.0" startRot="0.0 -90.0 0.0" endRot="0.0 0.0 0.0" />
            <part node="armRightCutterDrum01Arm04" startTime="0.0" endTime="1.0" startRot="0.0 0.0 0.0" endRot="0.0 0.0 0.0" />

            <part node="armRightCutterDrum02Arm01" startTime="0.0" endTime="1.0" startRot="0.0 90.0 0.0" endRot="0.0 0.0 0.0" />
            <part node="armRightCutterDrum02Arm02" startTime="0.0" endTime="1.0" startRot="0.0 -100.0 0.0" endRot="0.0 0.0 0.0" />
            <part node="armRightCutterDrum02Arm03" startTime="0.0" endTime="1.0" startRot="0.0 -90.0 0.0" endRot="0.0 0.0 0.0" />
            <part node="armRightCutterDrum02Arm04" startTime="0.0" endTime="1.0" startRot="0.0 0.0 0.0" endRot="0.0 0.0 0.0" />
        </animation>
    </animations>

    <cylindered>
        <movingTools>
            <movingTool node="drawbarPhysRot">
                <inputAttacherJoint value="true" />
            </movingTool>

            <movingTool node="componentJointArmLeft">
                <componentJoint index="1" />
            </movingTool>
            <movingTool node="componentJointArmRight">
                <componentJoint index="2" />
            </movingTool>

            <movingTool node="armMiddleBackArm" wheelNodes="armMiddleBackArmWheel01 armMiddleBackArmWheel02 armMiddleBackArmWheel03 armMiddleBackArmWheel04">
                <dependentPart node="armMiddleBackArmHydraulic" />
            </movingTool>
            <movingTool node="armMiddleBackArmWheels" wheelNodes="armMiddleBackArmWheel01 armMiddleBackArmWheel02 armMiddleBackArmWheel03 armMiddleBackArmWheel04"/>

            <movingTool node="armLeftBackArm">
                <dependentPart node="armLeftBackArmHydraulic" />
            </movingTool>
            <movingTool node="armLeftBackArmPhys" wheelNodes="armLeftBackArmWheel"/>
            <movingTool node="armLeftBackArmWheelRotPhys" wheelNodes="armLeftBackArmWheel"/>

            <movingTool node="armRightBackArm">
                <dependentPart node="armRightBackArmHydraulic" />
            </movingTool>
            <movingTool node="armRightBackArmPhys" wheelNodes="armRightBackArmWheel"/>
            <movingTool node="armRightBackArmWheelRotPhys" wheelNodes="armRightBackArmWheel"/>
        </movingTools>

        <movingParts>
            <movingPart node="drawbar" referencePoint="drawbarRef" referenceFrame="drawbarPhysRot" limitedAxis="1" maxUpdateDistance="300">
                <dependentPart node="drawbarAlignRod" maxUpdateDistance="50"/>
            </movingPart>
            <movingPart node="drawbarAlignRod" referencePoint="drawbarAlignRodRef" referenceFrame="drawbarAlignRodRef" limitedAxis="1" scaleZ="true"/>
            <movingPart node="armMiddleBackArmHydraulic" referencePoint="armMiddleBackArmHydraulicRef" referenceFrame="armMiddleBackArmHydraulicRef">
                <translatingPart node="armMiddleBackArmHydraulicPunch" />
            </movingPart>

            <movingPart node="armLeft" referencePoint="armLeftRef" referenceFrame="armLeftRefFrame" limitedAxis="1" isActiveDirty="true" maxUpdateDistance="300">
                <dependentPart node="armLeftHydraulic" />
                <powerTakeOffs localIndices="1" />
            </movingPart>
            <movingPart node="armLeftHydraulic" referencePoint="armLeftHydraulicRef" referenceFrame="armLeftHydraulicRef">
                <translatingPart node="armLeftHydraulicPunch" />
            </movingPart>
            <movingPart node="armLeftBackArmHydraulic" referencePoint="armLeftBackArmHydraulicRef" referenceFrame="armLeftBackArmHydraulicRef">
                <translatingPart node="armLeftBackArmHydraulicPunch" />
            </movingPart>

            <movingPart node="armRight" referencePoint="armRightRef" referenceFrame="armRightRefFrame" limitedAxis="1" isActiveDirty="true" maxUpdateDistance="300">
                <dependentPart node="armRightHydraulic" />
                <powerTakeOffs localIndices="3" />
            </movingPart>
            <movingPart node="armRightHydraulic" referencePoint="armRightHydraulicRef" referenceFrame="armRightHydraulicRef">
                <translatingPart node="armRightHydraulicPunch" />
            </movingPart>
            <movingPart node="armRightBackArmHydraulic" referencePoint="armRightBackArmHydraulicRef" referenceFrame="armRightBackArmHydraulicRef">
                <translatingPart node="armRightBackArmHydraulicPunch" />
            </movingPart>
        </movingParts>
    </cylindered>

    <turnOnVehicle turnOffIfNotAllowed="true">
        <animationNodes>
            <animationNode node="armMiddleCutterDrum" rotSpeed="2500" rotAxis="2" class="RotationAnimation" turnOnFadeTime="2" turnOffFadeTime="8" turnedOffRotation="0"/>
            <animationNode node="armLeftCutterDrum01" rotSpeed="-2500" rotAxis="2" class="RotationAnimation" turnOnFadeTime="2" turnOffFadeTime="8" turnedOffRotation="0"/>
            <animationNode node="armLeftCutterDrum02" rotSpeed="-2500" rotAxis="2" class="RotationAnimation" turnOnFadeTime="2" turnOffFadeTime="8" turnedOffRotation="0"/>
            <animationNode node="armRightCutterDrum01" rotSpeed="2500" rotAxis="2" class="RotationAnimation" turnOnFadeTime="2" turnOffFadeTime="8" turnedOffRotation="0"/>
            <animationNode node="armRightCutterDrum02" rotSpeed="2500" rotAxis="2" class="RotationAnimation" turnOnFadeTime="2" turnOffFadeTime="8" turnedOffRotation="0"/>
            <animationNode node="trashFan" rotSpeed="-1200" rotAxis="2" turnOnFadeTime="2" turnOffFadeTime="8"/>
        </animationNodes>

        <turnedOnAnimation name="cutterArmsTurnedOnAnimation"/>

        <sounds>
        <start template="mulcherStart" volumeScale="1.1"/>
        <work template="mulcherLoop"   volumeScale="1.1"/>
        <stop template="mulcherStop"   volumeScale="1.1"/>
        </sounds>
    </turnOnVehicle>

    <ai>
        <needsLowering value="true"/>
        <areaMarkers leftNode="aiMarkerLeft" rightNode="aiMarkerRight" backNode="aiMarkerBack"/>
        <collisionTrigger node="aiCollisionNode" width="7.3" height="1.6"/>
        <agentAttachment width="2.85" height="3.1" length="5.75" lengthOffset="0.1"/>
        <allowTurnBackward value="false"/>
        <toolReverserDirectionNode node="aiMarkerBack"/>
        <turningRadiusLimitation radius="7"/>
    </ai>

    <foliageBending>
        <bendingNode minX="-1.2" maxX="1.2" minZ="-2.45" maxZ="1.45" yOffset="0.1"/>
        <bendingNode minX="-0.5" maxX="0.5" minZ="1.45" maxZ="2.6" yOffset="0.1"/>
        <bendingNode minX="-1.05" maxX="1.4" minZ="-1.6" maxZ="0.45" yOffset="-0.14" node="mm700_armLeft_component2"/>
        <bendingNode minX="-1.05" maxX="0.3" minZ="0.45" maxZ="1.2" yOffset="-0.14" node="mm700_armLeft_component2"/>
        <bendingNode minX="-1.4" maxX="1.05" minZ="-1.6" maxZ="0.45" yOffset="-0.14" node="mm700_armRight_component3"/>
        <bendingNode minX="-0.3" maxX="1.05" minZ="0.45" maxZ="1.2" yOffset="-0.14" node="mm700_armRight_component3"/>
    </foliageBending>

    <wearable wearDuration="480" workMultiplier="5" fieldMultiplier="2"/>
    <washable dirtDuration="90" washDuration="1" workMultiplier="6" fieldMultiplier="2"/>

    <baseColorConfigurations title="Main Body Color" useDefaultColors="true" price="0" defaultColorMaterialTemplateName="calibratedMatPaint" >
        <baseColorConfiguration name="Red" materialTemplateName="MCCORMICK_RED1" isDefault="true"/>
        <baseColorConfiguration name="Matte Black" color="0.0 0.0 0.0" />
        <baseColorConfiguration name="Matte Silver" materialTemplateName="VALTRA_GREY2" />
        <baseColorConfiguration name="Chrome" materialTemplateName="RIM_CONFIGURATION_CHROME" />
        <material materialSlotName="mm7000_mainbodycolor_mat" />
    </baseColorConfigurations>

    <designColorConfigurations title="Color Option" useDefaultColors="true" price="0" defaultColorMaterialTemplateName="calibratedMatPaint" >
        <designColorConfiguration name="Matte Black" color="0.0 0.0 0.0" isDefault="true"/>
        <designColorConfiguration name="Matte Silver" materialTemplateName="VALTRA_GREY2" />
        <designColorConfiguration name="Chrome" materialTemplateName="RIM_CONFIGURATION_CHROME" />
        <material materialSlotName="mm7000_metalPainted_A" />
        <material materialSlotName="mm7000_BEDNAR_yellow_paint" />
    </designColorConfigurations>

    <i3dMappings>
        <i3dMapping id="mm700_main_component1" node="0>" />
        <i3dMapping id="mm7000_vis" node="0>0" />
        <i3dMapping id="ptoInputNode" node="0>0|0|0|0" />
        <i3dMapping id="ptoDetachNode" node="0>0|0|0|1" />
        <i3dMapping id="armLeftLocalPto01Start" node="0>0|0|0|2" />
        <i3dMapping id="armRightLocalPto01Start" node="0>0|0|0|3" />
        <i3dMapping id="bigTriangle" node="0>0|1|0|0" />
        <i3dMapping id="rearLight05_left" node="0>0|1|0|1" />
        <i3dMapping id="rearLight05_right" node="0>0|1|0|2" />
        <i3dMapping id="redTriangle_01_01" node="0>0|1|0|3" />
        <i3dMapping id="redTriangle_01_02" node="0>0|1|0|4" />
        <i3dMapping id="yellowRound_03_03" node="0>0|1|0|5" />
        <i3dMapping id="yellowRound_03_04" node="0>0|1|0|6" />
        <i3dMapping id="frontLight02_01" node="0>0|1|0|7" />
        <i3dMapping id="frontLight02_02" node="0>0|1|0|8" />
        <i3dMapping id="triangleHolder" node="0>0|1|0|9" />
        <i3dMapping id="backLightsHigh" node="0>0|1|1|0" />
        <i3dMapping id="turnLightLeftBack" node="0>0|1|2|0" />
        <i3dMapping id="turnLightRightBack" node="0>0|1|2|1" />
        <i3dMapping id="drawbarPhysRot" node="0>0|2|0" />
        <i3dMapping id="attacherJoint" node="0>0|2|0|0" />
        <i3dMapping id="armSupportCol" node="0>0|2|0|1|0" />
        <i3dMapping id="drawbar" node="0>0|2|1" />
        <i3dMapping id="electric" node="0>0|2|1|0|0" />
        <i3dMapping id="electric_detached" node="0>0|2|1|0|0|0" />
        <i3dMapping id="electric_connector" node="0>0|2|1|0|0|0|0" />
        <i3dMapping id="hydraulicIn01" node="0>0|2|1|0|1" />
        <i3dMapping id="hydraulicIn01_detached" node="0>0|2|1|0|1|0" />
        <i3dMapping id="hydraulicIn01_connector" node="0>0|2|1|0|1|0|0" />
        <i3dMapping id="hydraulicOut01" node="0>0|2|1|0|2" />
        <i3dMapping id="hydraulicOut01_detached" node="0>0|2|1|0|2|0" />
        <i3dMapping id="hydraulicOut01_connector" node="0>0|2|1|0|2|0|0" />
        <i3dMapping id="hydraulicIn02" node="0>0|2|1|0|3" />
        <i3dMapping id="hydraulicIn02_detached" node="0>0|2|1|0|3|0" />
        <i3dMapping id="hydraulicIn02_connector" node="0>0|2|1|0|3|0|0" />
        <i3dMapping id="hydraulicOut02" node="0>0|2|1|0|4" />
        <i3dMapping id="hydraulicOut02_detached" node="0>0|2|1|0|4|0" />
        <i3dMapping id="hydraulicOut02_connector" node="0>0|2|1|0|4|0|0" />
        <i3dMapping id="hydraulicIn03" node="0>0|2|1|0|5" />
        <i3dMapping id="hydraulicIn03_detached" node="0>0|2|1|0|5|0" />
        <i3dMapping id="hydraulicIn03_connector" node="0>0|2|1|0|5|0|0" />
        <i3dMapping id="armSupportDetached" node="0>0|2|1|1|0" />
        <i3dMapping id="armSupportHandle" node="0>0|2|1|1|0|0" />
        <i3dMapping id="armSupport" node="0>0|2|1|1|0|1|0" />
        <i3dMapping id="ptoHolder" node="0>0|2|1|1|1|0" />
        <i3dMapping id="drawbarAlignRod" node="0>0|2|1|1|2" />
        <i3dMapping id="yellowRound_03_01" node="0>0|2|1|2|0" />
        <i3dMapping id="yellowRound_03_02" node="0>0|2|1|2|1" />
        <i3dMapping id="drawbarRef" node="0>0|2|1|3" />
        <i3dMapping id="armLeftRefFrame" node="0>0|2|2" />
        <i3dMapping id="armLeft" node="0>0|2|2|0" />
        <i3dMapping id="armLeftBackArm" node="0>0|2|2|0|0|0|0" />
        <i3dMapping id="armLeftBackArmHydraulicRef" node="0>0|2|2|0|0|0|0|0" />
        <i3dMapping id="armLeftBackArmHydraulic" node="0>0|2|2|0|0|1" />
        <i3dMapping id="armLeftBackArmHydraulicPunch" node="0>0|2|2|0|0|1|0" />
        <i3dMapping id="armLeftCutterDrum01" node="0>0|2|2|0|0|2|0" />
        <i3dMapping id="armLeftCutterDrum01Arm01" node="0>0|2|2|0|0|2|0|0" />
        <i3dMapping id="armLeftCutterDrum01Arm02" node="0>0|2|2|0|0|2|0|1" />
        <i3dMapping id="armLeftCutterDrum01Arm03" node="0>0|2|2|0|0|2|0|2" />
        <i3dMapping id="armLeftCutterDrum01Arm04" node="0>0|2|2|0|0|2|0|3" />
        <i3dMapping id="armLeftCutterDrum02" node="0>0|2|2|0|0|3|0" />
        <i3dMapping id="armLeftCutterDrum02Arm01" node="0>0|2|2|0|0|3|0|0" />
        <i3dMapping id="armLeftCutterDrum02Arm02" node="0>0|2|2|0|0|3|0|1" />
        <i3dMapping id="armLeftCutterDrum02Arm03" node="0>0|2|2|0|0|3|0|2" />
        <i3dMapping id="armLeftCutterDrum02Arm04" node="0>0|2|2|0|0|3|0|3" />
        <i3dMapping id="trashFanFrameLeft" node="0>0|2|2|0|1|0" />
        <i3dMapping id="armLeftLocalPto01End" node="0>0|2|2|0|2|0" />
        <i3dMapping id="armLeftLocalPto02Start" node="0>0|2|2|0|2|1" />
        <i3dMapping id="armLeftLocalPto02End" node="0>0|2|2|0|2|2" />
        <i3dMapping id="armLeftMulcherEffectLinkNode" node="0>0|2|2|0|3" />
        <i3dMapping id="armSupportAttached" node="0>0|2|2|0|4" />
        <i3dMapping id="armLeftHydraulicRef" node="0>0|2|2|0|5" />
        <i3dMapping id="armLeftHydraulic" node="0>0|2|3" />
        <i3dMapping id="armLeftHydraulicPunch" node="0>0|2|3|0" />
        <i3dMapping id="armRightRefFrame" node="0>0|2|4" />
        <i3dMapping id="armRight" node="0>0|2|4|0" />
        <i3dMapping id="armRightBackArm" node="0>0|2|4|0|0|0|0" />
        <i3dMapping id="armRightBackArmHydraulicRef" node="0>0|2|4|0|0|0|0|0" />
        <i3dMapping id="armRightBackArmHydraulic" node="0>0|2|4|0|0|1" />
        <i3dMapping id="armRightBackArmHydraulicPunch" node="0>0|2|4|0|0|1|0" />
        <i3dMapping id="armRightCutterDrum01" node="0>0|2|4|0|0|2|0" />
        <i3dMapping id="armRightCutterDrum01Arm01" node="0>0|2|4|0|0|2|0|0" />
        <i3dMapping id="armRightCutterDrum01Arm02" node="0>0|2|4|0|0|2|0|1" />
        <i3dMapping id="armRightCutterDrum01Arm03" node="0>0|2|4|0|0|2|0|2" />
        <i3dMapping id="armRightCutterDrum01Arm04" node="0>0|2|4|0|0|2|0|3" />
        <i3dMapping id="armRightCutterDrum02" node="0>0|2|4|0|0|3|0" />
        <i3dMapping id="armRightCutterDrum02Arm01" node="0>0|2|4|0|0|3|0|0" />
        <i3dMapping id="armRightCutterDrum02Arm02" node="0>0|2|4|0|0|3|0|1" />
        <i3dMapping id="armRightCutterDrum02Arm03" node="0>0|2|4|0|0|3|0|2" />
        <i3dMapping id="armRightCutterDrum02Arm04" node="0>0|2|4|0|0|3|0|3" />
        <i3dMapping id="trashFanFrameRight" node="0>0|2|4|0|1|0" />
        <i3dMapping id="armRightLocalPto01End" node="0>0|2|4|0|2|0" />
        <i3dMapping id="armRightLocalPto02Start" node="0>0|2|4|0|2|1" />
        <i3dMapping id="armRightLocalPto02End" node="0>0|2|4|0|2|2" />
        <i3dMapping id="armRightMulcherEffectLinkNode" node="0>0|2|4|0|3" />
        <i3dMapping id="armRightHydraulicRef" node="0>0|2|4|0|4" />
        <i3dMapping id="armRightHydraulic" node="0>0|2|5" />
        <i3dMapping id="armRightHydraulicPunch" node="0>0|2|5|0" />
        <i3dMapping id="armMiddleBackArm" node="0>0|2|6|0" />
        <i3dMapping id="yellowRound_03_05" node="0>0|2|6|0|0|0" />
        <i3dMapping id="yellowRound_03_06" node="0>0|2|6|0|0|1" />
        <i3dMapping id="chockSupport01" node="0>0|2|6|0|1|0" />
        <i3dMapping id="chockSupport02" node="0>0|2|6|0|1|1" />
        <i3dMapping id="wheelChock01_01" node="0>0|2|6|0|1|2" />
        <i3dMapping id="wheelChock01_02" node="0>0|2|6|0|1|3" />
        <i3dMapping id="armMiddleBackArmWheels" node="0>0|2|6|0|2" />
        <i3dMapping id="armMiddleBackArmWheel01" node="0>0|2|6|0|2|0|0" />
        <i3dMapping id="armMiddleBackArmWheel02" node="0>0|2|6|0|2|0|1" />
        <i3dMapping id="armMiddleBackArmWheel03" node="0>0|2|6|0|2|0|2" />
        <i3dMapping id="armMiddleBackArmWheel04" node="0>0|2|6|0|2|0|3" />
        <i3dMapping id="armMiddleBackArmHydraulicRef" node="0>0|2|6|0|3" />
        <i3dMapping id="drawbarAlignRodRef" node="0>0|2|6|0|4" />
        <i3dMapping id="armMiddleBackArmHydraulic" node="0>0|2|6|1" />
        <i3dMapping id="armMiddleBackArmHydraulicPunch" node="0>0|2|6|1|0" />
        <i3dMapping id="armMiddleCutterDrum" node="0>0|2|6|2" />
        <i3dMapping id="trashFanFrame" node="0>0|3|0" />
        <i3dMapping id="trashFan" node="0>0|3|0|0" />
        <i3dMapping id="workAreaLeftStart" node="0>0|4|0" />
        <i3dMapping id="workAreaLeftWidth" node="0>0|4|1" />
        <i3dMapping id="workAreaLeftHeight" node="0>0|4|2" />
        <i3dMapping id="workAreaRightStart" node="0>0|4|3" />
        <i3dMapping id="workAreaRightWidth" node="0>0|4|4" />
        <i3dMapping id="workAreaRightHeight" node="0>0|4|5" />
        <i3dMapping id="workAreaMiddleStart" node="0>0|4|6" />
        <i3dMapping id="workAreaMiddleWidth" node="0>0|4|7" />
        <i3dMapping id="workAreaMiddleHeight" node="0>0|4|8" />
        <i3dMapping id="groundReferenceNode" node="0>0|4|9" />
        <i3dMapping id="groundReferenceNode2" node="0>0|4|10" />
        <i3dMapping id="groundReferenceNode3" node="0>0|4|11" />
        <i3dMapping id="armMiddleMulcherEffectLinkNode" node="0>0|5|0" />
        <i3dMapping id="smokeEmitter" node="0>0|5|1" />
        <i3dMapping id="aiCollisionNode" node="0>0|6|0" />
        <i3dMapping id="aiMarkerLeft" node="0>0|6|1" />
        <i3dMapping id="aiMarkerRight" node="0>0|6|2" />
        <i3dMapping id="aiMarkerBack" node="0>0|6|3" />
        <i3dMapping id="licensePlateBack" node="0>0|7|0" />
        <i3dMapping id="componentJointArmLeft" node="0>0|8" />
        <i3dMapping id="componentJointArmRight" node="0>0|9" />
        <i3dMapping id="hosesTrashFan" node="0>1|1" />
        <i3dMapping id="mm700_armLeft_component2" node="1>" />
        <i3dMapping id="armLeftBackArmPhys" node="1>0|0" />
        <i3dMapping id="armLeftBackArmWheelRotPhys" node="1>0|0|0" />
        <i3dMapping id="armLeftBackArmWheel" node="1>0|0|0|0" />
        <i3dMapping id="armLeftBackArmHubLeft" node="1>0|0|0|0|0" />
        <i3dMapping id="armLeftBackArmHubRight" node="1>0|0|0|0|1" />
        <i3dMapping id="armLeftRef" node="1>1" />
        <i3dMapping id="mm700_armRight_component3" node="2>" />
        <i3dMapping id="armRightBackArmPhys" node="2>0|0" />
        <i3dMapping id="armRightBackArmWheelRotPhys" node="2>0|0|0" />
        <i3dMapping id="armRightBackArmWheel" node="2>0|0|0|0" />
        <i3dMapping id="armRightBackArmHubLeft" node="2>0|0|0|0|0" />
        <i3dMapping id="armRightBackArmHubRight" node="2>0|0|0|0|1" />
        <i3dMapping id="armRightRef" node="2>1" />
    </i3dMappings>
</vehicle>
