﻿<?xml version="1.0" encoding="utf-8" standalone="no"?>
<modDesc descVersion="92" xmlns:xsi="http://www.w3.org/2001/XMLSchema-instance" xsi:noNamespaceSchemaLocation="https://validation.gdn.giants-software.com/xml/fs25/modDesc.xsd">
    <author>Giants, Jeffro Mods</author>
    <version>1.0.0.0</version>
    <title>
        <en>Bednar MM7000 Mower Edit</en>
    </title>
    <description>
<en><![CDATA[
- Changed mulcher to a mower
- Added color options
]]></en>

    </description>
    <iconFilename>store_mm7000.dds</iconFilename>
    <multiplayer supported="true"/>
    <storeItems>
        <storeItem xmlFilename="mm7000.xml"/>
    </storeItems>
</modDesc>