<?xml version="1.0" encoding="utf-8" standalone="no" ?>
<modDesc descVersion="92" xmlns:xsi="http://www.w3.org/2001/XMLSchema-instance" xsi:noNamespaceSchemaLocation="https://validation.gdn.giants-software.com/xml/fs25/modDesc.xsd">
    <author>GIANTS Software, Jeffro Mods</author>
    <version>1.0.0.0</version>
    <title>
        <en>AGCO IDEAL Pack Custom</en>
    </title>

    <description>
<en><![CDATA[
IDEAL T
Category: Harvesters
Price: $484,500
Power: 451 hp - 790 hp
Max. speed: 40 kph
Capacity: 17,100 L

PowerFlow 30FT
Category: Grain Headers
Price: $57,500
Working width: 9.2m
Working speed: 10 kph

PowerFlow 40FT
Category: Grain Headers
Price: $74,500
Working width: 12m
Working speed: 10 kph

DynaFlex 9255 40FT
Category: Grain Headers
Price: $95,000
Working width: 12m
Working speed: 10 kph
]]></en>
<de><![CDATA[
IDEAL T
Shopkategorie: Mähdrescher
Preis: 484.500€
Leistung: 451 PS - 790 PS
Höchstgeschwindigkeit: 40 km/h
Kapazität: 17.100 L

PowerFlow 30FT
Shopkategorie: Getreideschneidwerke
Preis: 57.500€
Arbeitsbreite: 9,2m
Arbeitsgeschwindigkeit: 10 km/h

PowerFlow 40FT
Shopkategorie: Getreideschneidwerke
Preis: 74.500€
Arbeitsbreite: 12m
Arbeitsgeschwindigkeit: 10 km/h

DynaFlex 9255 40FT
Shopkategorie: Getreideschneidwerke
Preis: 95.000€
Arbeitsbreite: 12m
Arbeitsgeschwindigkeit: 10 km/h
]]></de>
<fr><![CDATA[
IDEAL T
Catégorie: Moissonneuses-batteuses
Prix: 484 500€
Puissance: 451 CV - 790 CV
Vitesse max.: 40 km/h
Capacité: 17 100 L

PowerFlow 30FT
Catégorie: Barres de coupe de céréales
Prix: 57 500€
Largeur de travail: 9,2m
Vitesse de travail: 10 km/h

PowerFlow 40FT
Catégorie: Barres de coupe de céréales
Prix: 74 500€
Largeur de travail: 12m
Vitesse de travail: 10 km/h

DynaFlex 9255 40FT
Catégorie: Barres de coupe de céréales
Prix: 95 000€
Largeur de travail: 12m
Vitesse de travail: 10 km/h
]]></fr>
    </description>

    <iconFilename>icon_agcoIdealPack.dds</iconFilename>

    <multiplayer supported="true"/>

    <storeItems>
        <storeItem xmlFilename="vehicles/fendt/ideal/ideal.xml"/>
        <storeItem xmlFilename="vehicles/fendt/powerFlow30FT/powerFlow30FT.xml"/>
        <storeItem xmlFilename="vehicles/fendt/powerFlow/powerFlow.xml"/>
        <storeItem xmlFilename="vehicles/fendt/dynaFlex9255/dynaFlex9255.xml"/>
        <storeItem xmlFilename="vehicles/masseyFerguson/ideal/ideal.xml"/>
        <storeItem xmlFilename="vehicles/masseyFerguson/powerFlow30FT/powerFlow30FT.xml"/>
        <storeItem xmlFilename="vehicles/masseyFerguson/powerFlow/powerFlow.xml"/>
        <storeItem xmlFilename="vehicles/masseyFerguson/dynaFlex9255/dynaFlex9255.xml"/>
    </storeItems>
</modDesc>