﻿<?xml version="1.0" encoding="utf-8" standalone="no"?>
<modDesc descVersion="92" xmlns:xsi="http://www.w3.org/2001/XMLSchema-instance" xsi:noNamespaceSchemaLocation="https://validation.gdn.giants-software.com/xml/fs25/modDesc.xsd">
    <author>Giants, Jeffro Mods</author>
    <version>1.0.0.0</version>
    <title>
        <en>Kubota seriesM8 Custom</en>
    </title>
    <description>
<en><![CDATA[
Kubota seriesM8 Custom
- Added in wider tire options for all.
- Added LSW tire option
- Added in more color options interior and exterior
--- Interior: wood grain (oak, cedar), leather, more
--- Exterior: Matte black, matte gray, more

- Added HP options (stock HP left alone)
-----M8-401 at 401hp (45mph)
-----M8-501 at 501hp (45mph)
-----M8 Xtreme at 1501hp (90mph)
]]></en>

    </description>
    <iconFilename>store_seriesM8.dds</iconFilename>
    <multiplayer supported="true"/>
    <storeItems>
        <storeItem xmlFilename="seriesM8.xml"/>
    </storeItems>
</modDesc>