<?xml version="1.0" encoding="utf-8" standalone="no" ?>
<wheel xmlns:xsi="http://www.w3.org/2001/XMLSchema-instance" xsi:noNamespaceSchemaLocation="https://validation.gdn.giants-software.com/xml/fs25/wheel.xsd">
	<file name="LSW_1400_850/LSW_1400_800.i3d"/>
    <default>
        <physics radius="1.0402" visualOffset="0.001" width="1.4" mass="0.68" tireType="mud" frictionScale="1.60" maxLongStiffness="14" maxLatStiffness="160" maxLatStiffnessLoad="2" />
        <tire filename="LSW_1400_850/LSW_1400_800.i3d" nodeLeft="0|0" nodeRight="0|0" maxDeformation="0.1197" tireTrackAtlasIndex="0" hasMudMesh="true" />
        <outerRim filename="$data/shared/wheels/rims/rim001.i3d" node="1|0" widthAndDiam="49 46" />
        <innerRim filename="$data/shared/wheels/rims/rim001.i3d" nodeLeft="3|0" nodeRight="3|1" widthAndDiam="49 46" offset="-0.1"/>
    </default>
    <configurations>
        <configuration id="jd">
            <innerRim filename="$data/shared/wheels/rims/rim007.i3d" nodeLeft="1|0" nodeRight="1|1" />
            <additional filename="$data/shared/wheels/weights/weight004.i3d" nodeLeft="0|0" nodeRight="0|1" offset="0.0" scale="0.8 0.92 0.92" mass="1.0" />
        </configuration>
        <configuration id="jd_01">
            <innerRim filename="$data/shared/wheels/rims/rim007.i3d" nodeLeft="1|0" nodeRight="1|1" />
        </configuration>
        <configuration id="weight3">
            <additional filename="$data/shared/wheels/weights/weight003.i3d" nodeLeft="0|0" nodeRight="0|1" offset="0.0" scale="0.6 0.92 0.92" mass="1.0" />
        </configuration>
    </configurations>
</wheel>