<?xml version="1.0" encoding="utf-8" standalone="no" ?>
<wheel xmlns:xsi="http://www.w3.org/2001/XMLSchema-instance" xsi:noNamespaceSchemaLocation="https://validation.gdn.giants-software.com/xml/fs25/wheel.xsd">
	<file name="LSW_1400_850/LSW_1400_800.i3d"/>
    <default>
        <physics radius="0.762" visualOffset="0.0" width="0.85" mass="0.39" tireType="mud" frictionScale="1.60" maxLongStiffness="14" maxLatStiffness="160" maxLatStiffnessLoad="2" />
        <tire filename="LSW_1400_850/LSW_1400_800.i3d" nodeLeft="0|1" nodeRight="0|1" maxDeformation="0.1197" tireTrackAtlasIndex="0" hasMudMesh="true" />
        <outerRim filename="$data/shared/wheels/rims/rim001.i3d" node="1|0" widthAndDiam="29 29" />
        <innerRim filename="$data/shared/wheels/rims/rim001.i3d" nodeLeft="3|1" nodeRight="3|0" widthAndDiam="29 29" offset="-0.005"/>
    </default>
    <configurations>
        <configuration id="jd">
            <innerRim filename="$data/shared/wheels/rims/rim007.i3d" nodeLeft="1|0" nodeRight="1|1" />
        </configuration>
        <configuration id="jd_01">
            <innerRim filename="$data/shared/wheels/rims/rim007.i3d" nodeLeft="1|0" nodeRight="1|1" />
        </configuration>
    </configurations>
</wheel>