<?xml version="1.0" encoding="utf-8" standalone="no" ?>
<topArm xmlns:xsi="http://www.w3.org/2001/XMLSchema-instance" xsi:noNamespaceSchemaLocation="../../../../shared/xml/schema/attacherJointTopArm.xsd">
    <filename>upperLink/upperLink_johnDeere110_112.i3d</filename>

    <rootNode node="johnDeereUpperLink_110"/>
    <translation node="johnDeereHead_110" referenceNode="johnDeereHead_110UpperlinkHeadPositionGroup"/>

<i3dMappings>
  <i3dMapping id="johnDeereUpperLink_110" node="0>" />
  <i3dMapping id="johnDeereHead_110" node="0>0" />
  <i3dMapping id="johnDeereHead_110UpperlinkHeadPositionGroup" node="0>0|0" />
</i3dMappings>
</topArm>
