﻿<?xml version="1.0" encoding="utf-8" standalone="no"?>
<modDesc descVersion="92" xmlns:xsi="http://www.w3.org/2001/XMLSchema-instance" xsi:noNamespaceSchemaLocation="https://validation.gdn.giants-software.com/xml/fs25/modDesc.xsd">
    <author>Giants, Jeffro Mods</author>
    <version>1.0.0.0</version>
    <title>
        <en>John Deer 9R Custom</en>
    </title>
    <description>
<en><![CDATA[
- Added stuff
]]></en>

    </description>
    <iconFilename>store_series9R.dds</iconFilename>
    <multiplayer supported="true"/>
    <storeItems>
        <storeItem xmlFilename="series9R.xml"/>
    </storeItems>
</modDesc>