﻿<?xml version="1.0" encoding="utf-8" standalone="no"?>
<modDesc descVersion="93" xmlns:xsi="http://www.w3.org/2001/XMLSchema-instance" xsi:noNamespaceSchemaLocation="https://validation.gdn.giants-software.com/xml/fs25/modDesc.xsd">
    <author>Giants, Jeffro Mods</author>
    <version>1.0.0.0</version>
    <title>
        <en>John Deer 9R Custom</en>
    </title>
    <description>
<en><![CDATA[
John Deer 9R Custom - Base Game Edit

- Added in wider tire options for all.
- Added LSW tire option
- Added in more color options interior and exterior
--- Interior: wood grain (oak, cedar), leather, more
--- Exterior: Matte black, matte gray, more

- Added HP options
-----9R 780 at 780hp
-----9R 880 at 880hp
-----9R 990 at 990hp (65mph)
-----9R Beast at 1080hp (65mph)

Have fun! :)

]]></en>

    </description>
    <iconFilename>store_series9R.dds</iconFilename>
    <multiplayer supported="true"/>
    <storeItems>
        <storeItem xmlFilename="series9R.xml"/>
    </storeItems>
</modDesc>