﻿<?xml version="1.0" encoding="utf-8" standalone="no"?>
<modDesc descVersion="92" xmlns:xsi="http://www.w3.org/2001/XMLSchema-instance" xsi:noNamespaceSchemaLocation="https://validation.gdn.giants-software.com/xml/fs25/modDesc.xsd">
    <author>Giants, Jeffro Mods</author>
    <version>1.0.0.0</version>
    <title>
        <en>AGCO White 8000 Series Custom</en>
    </title>
    <description>
<en><![CDATA[
​AGCO White 8000 Series

​Added custom colors to various items
--Interior colors (including leather, oak wood, cedar wood textures)
--Exterior colors

Added broad tire options
--Xtra Broad, Xtra Broad with weights
--XX Broad, XX Broad with weights

Added HP options
--8810 R @ 325hp
--8810 Twin Turbo @ 425hp

TODO:
-- Increase mph maybe.  Might leave stock.  :)

]]></en>

    </description>
    <iconFilename>store_series8000.dds</iconFilename>
    <multiplayer supported="true"/>
    <storeItems>
        <storeItem xmlFilename="series8000.xml"/>
    </storeItems>
</modDesc>