<?xml version="1.0" encoding="utf-8" standalone="no"?>
<vehicle type="tractor" xmlns:xsi="http://www.w3.org/2001/XMLSchema-instance" xsi:noNamespaceSchemaLocation="../../../../shared/xml/schema/vehicle.xsd">
    <annotation>Copyright (C) GIANTS Software GmbH, All Rights Reserved.</annotation>

    <storeData>
        <name>8010 Series</name>
        <specs>
            <power>160</power>
            <maxSpeed>40</maxSpeed>
        </specs>
        <functions>
            <function>$l10n_function_tractor</function>
        </functions>
        <storePacks>
            <storePack>STARTER_GRAINS</storePack>
            <storePack>STARTER_COTTON</storePack>
        </storePacks>
        <image>$data/vehicles/agco/series8000/store_series8000.png</image>
        <price>58500</price>
        <lifetime>600</lifetime>
        <rotation>0</rotation>
        <brand>AGCO</brand>
        <category>tractorsM</category>
        <shopTranslationOffset>0 0.037 0</shopTranslationOffset>
        <shopRotationOffset>0.192 0 0</shopRotationOffset>
        <vertexBufferMemoryUsage>4161536</vertexBufferMemoryUsage>
        <indexBufferMemoryUsage>2055424</indexBufferMemoryUsage>
        <textureMemoryUsage>720896</textureMemoryUsage>
        <instanceVertexBufferMemoryUsage>0</instanceVertexBufferMemoryUsage>
        <instanceIndexBufferMemoryUsage>0</instanceIndexBufferMemoryUsage>
        <audioMemoryUsage>850911</audioMemoryUsage>
    </storeData>

    <base>
        <typeDesc>$l10n_typeDesc_tractor</typeDesc>
        <filename>i3d/mt655.i3d</filename>
        <sounds filename="$data/vehicles/challenger/mt655/sounds/mt655.xml" volumeFactor="0.7"/>
        <size width="2.75" length="5.2" height="3.2" lengthOffset="0.35"/>
        <components>
            <component centerOfMass="0 1.05 -0.06" solverIterationCount="10" mass="6005"/>
            <component centerOfMass="0 0 0" solverIterationCount="30" mass="2000" inertiaScale="6 4 4"/>
            <joint component1="1" component2="2" node="componentJointAxle" rotLimit="0 0 7" rotLimitSpring="0 0 4000" rotLimitDamping="0 0 20" maxRotDriveForce="0 0 20" rotDriveRotation="0 0 0" rotDriveSpring="0 0 20" rotDriveDamping="0 0 20" breakable="false"/>
        </components>
        <schemaOverlay attacherJointPosition="0 0" name="VEHICLE"/>
        <mapHotspot type="TRACTOR"/>
        <objectChanges>
            <objectChange node="steeringBase" rotationActive="-25 0 0"/>
        </objectChanges>
    </base>

    <wheels>
        <wheelConfigurations tireCategories="TRACTOR">
            <wheelConfiguration name="$l10n_configuration_valueDefault" price="0" saveId="DEFAULT" numDynamicConfigurations="1">
                <tireCombination brand="BKT" names="agrimaxForce agrimaxFactor"/>
                <wheels autoRotateBackSpeed="2.1">
                    <wheel dimensions="600_70R28" isLeft="true" hasTireTracks="true" hasParticles="true">
                        <physics rotSpeed="1" restLoad="2.4" repr="wheelFrontLeftRepr"  driveNode="wheelFrontLeft"  forcePointRatio="0.3" initialCompression="25" suspTravel="0.11" spring="78" damper="45" yOffset="0.04" xOffset="0.015"/>
                        <steering node="steeringBarCenter" nodeMinTransX="0.125" nodeMaxTransX="-0.125"/>
                        <fender node="fenderLeft" rotMax="25"/>
                        <outerRim filename="$data/shared/wheels/rims/rim006.i3d" node="0|0"/>
                        <innerRim filename="$data/shared/wheels/rims/rim001.i3d" node="1|0"/>
                    </wheel>
                    <wheel dimensions="600_70R28" isLeft="false" hasTireTracks="true" hasParticles="true">
                        <physics rotSpeed="1" restLoad="2.4" repr="wheelFrontRightRepr" driveNode="wheelFrontRight" forcePointRatio="0.3" initialCompression="25" suspTravel="0.11" spring="78" damper="45" yOffset="0.04" xOffset="0.015"/>
                        <fender node="fenderRight" rotMin="-25"/>
                        <outerRim filename="$data/shared/wheels/rims/rim006.i3d" node="0|1"/>
                        <innerRim filename="$data/shared/wheels/rims/rim001.i3d" node="1|0"/>
                    </wheel>
                    <wheel dimensions="650_85R38" isLeft="true" hasTireTracks="true" hasParticles="true">
                        <physics rotSpeed="0" restLoad="2.4" repr="wheelBackLeft"  forcePointRatio="0.3" initialCompression="22" suspTravel="0.13" spring="70" damper="45" yOffset="0.03" zOffset="-0.03"/>
                    </wheel>
                    <wheel dimensions="650_85R38" isLeft="false" hasTireTracks="true" hasParticles="true">
                        <physics rotSpeed="0" restLoad="2.4" repr="wheelBackRight" forcePointRatio="0.3" initialCompression="22" suspTravel="0.13" spring="70" damper="45" yOffset="0.03" zOffset="-0.03"/>
                    </wheel>
                </wheels>
                <objectChange node="fenderLeftPart"  translationInactive="0 0 0" translationActive="0.03 0 0"  scaleActive="1.2 1 1" scaleInactive="1 1 1"/>
                <objectChange node="fenderRightPart" translationInactive="0 0 0" translationActive="-0.03 0 0" scaleActive="1.2 1 1" scaleInactive="1 1 1"/>
            </wheelConfiguration>
            <wheelConfiguration name="$l10n_configuration_valueWheelWeights" price="5000" saveId="WEIGHTS" numDynamicConfigurations="1">
                <wheels baseConfig="DEFAULT">
                    <wheel/>
                    <wheel/>
                    <wheel configId="weight3"/>
                    <wheel configId="weight3"/>
                </wheels>
            </wheelConfiguration>
            <wheelConfiguration name="$l10n_configuration_valueWheelMedium" price="1000" saveId="MEDIUM" numDynamicConfigurations="1">
                <wheels baseConfig="DEFAULT">
                    <wheel/>
                    <wheel/>
                    <wheel dimensions="800_70R38">
                        <physics xOffset="0.015"/>
                    </wheel>
                    <wheel dimensions="800_70R38">
                        <physics xOffset="0.015"/>
                    </wheel>
                </wheels>
            </wheelConfiguration>
            <wheelConfiguration name="$l10n_configuration_valueWheelMediumWeights" price="6000" saveId="MEDIUM_WEIGHTS" numDynamicConfigurations="1">
                <wheels baseConfig="MEDIUM">
                    <wheel/>
                    <wheel/>
                    <wheel configId="weight3"/>
                    <wheel configId="weight3"/>
                </wheels>
            </wheelConfiguration>

            <wheelConfiguration name="$l10n_configuration_valueWheelBroad" price="2000" saveId="BROAD" numDynamicConfigurations="1">
                <wheels baseConfig="DEFAULT">
                    <wheel/>
                    <wheel/>
                    <wheel dimensions="900_60R38">
                        <physics xOffset="0.035"/>
                    </wheel>
                    <wheel dimensions="900_60R38">
                        <physics xOffset="0.035"/>
                    </wheel>
                </wheels>
            </wheelConfiguration>
            <wheelConfiguration name="$l10n_configuration_valueWheelBroadWeights" price="7000" saveId="BROAD_WEIGHTS" numDynamicConfigurations="1">
                <wheels baseConfig="BROAD">
                    <wheel/>
                    <wheel/>
                    <wheel configId="weight3"/>
                    <wheel configId="weight3"/>
                </wheels>
            </wheelConfiguration>
			
			<!-- add tires -->
			<wheelConfiguration name="Xtra BROAD" price="2000" saveId="BROAD2" numDynamicConfigurations="1">
                <wheels baseConfig="DEFAULT">
                    <wheel dimensions="600_70R28" />
                    <wheel dimensions="600_70R28"/>
                    <wheel dimensions="900_60R38">
                        <physics xOffset="0.035"/>
                    </wheel>
                    <wheel dimensions="900_60R38">
                        <physics xOffset="0.035"/>
                    </wheel>
                </wheels>
				<objectChange node="wheelFrontLeft" 		translationActive="0.07 0 0"							scaleActive="1.3 1.0 1.0"/>
				<objectChange node="wheelFrontRight" 		translationActive="-0.07 0 0"							scaleActive="1.3 1.0 1.0"/>
				<objectChange node="wheelBackLeft" 			translationActive="1.15 0.95 -1.15"						scaleActive="1.5 1.0 1.0"/>
				<objectChange node="wheelBackRight" 		translationActive="-1.15 0.95 -1.15"					scaleActive="1.5 1.0 1.0"/>
				<objectChange node="warningSignLeft"  rotationActive="0 0 0" rotationInactive="0 90 0"/>
                <objectChange node="warningSignRight" rotationActive="0 0 0" rotationInactive="0 -90 0"/>
            </wheelConfiguration>
            <wheelConfiguration name="Xtra BROAD w/ Weights" price="7000" saveId="BROAD_WEIGHTS2" numDynamicConfigurations="1">
                <wheels baseConfig="BROAD2">
                    <wheel/>
                    <wheel/>
                    <wheel configId="weight3"/>
                    <wheel configId="weight3"/>
                </wheels>
            </wheelConfiguration>
			<!-- add tires -->

            <wheelConfiguration name="$l10n_configuration_valueWheelNarrow" price="1000" saveId="NARROW" numDynamicConfigurations="1">
                <wheels baseConfig="DEFAULT" isCareWheelConfiguration="true">
                    <wheel dimensions="420_85R34">
                        <physics xOffset="0"/>
                        <outerRim filename="$data/shared/wheels/rims/rim006.i3d" node="0|0"/>
                        <innerRim filename="$data/shared/wheels/rims/rim001.i3d" node="1|0"/>
                    </wheel>
                    <wheel dimensions="420_85R34">
                        <physics xOffset="0"/>
                        <outerRim filename="$data/shared/wheels/rims/rim006.i3d" node="0|1"/>
                        <innerRim filename="$data/shared/wheels/rims/rim001.i3d" node="1|0"/>
                    </wheel>
                    <wheel dimensions="480_80R50"/>
                    <wheel dimensions="480_80R50"/>
                </wheels>
                <objectChange node="fenderLeftPart"  translationInactive="0 0 0" translationActive="0.01 0 0"  scaleActive="0.9 1 1" scaleInactive="1 1 1"/>
                <objectChange node="fenderRightPart" translationInactive="0 0 0" translationActive="-0.01 0 0" scaleActive="0.9 1 1" scaleInactive="1 1 1"/>
            </wheelConfiguration>

            <wheelConfiguration name="$l10n_configuration_valueTwinWheelsBackNarrow" price="3000" saveId="TWIN_BACK_NARROW" numDynamicConfigurations="1">
                <wheels baseConfig="NARROW">
                    <wheel/>
                    <wheel/>
                    <wheel>
                        <additionalWheel configId="dual" offset="0.25">
                            <innerRim filename="$data/shared/wheels/rims/rim010.i3d" node="1|0" widthAndDiam="15 52"/>
                        </additionalWheel>
                    </wheel>
                    <wheel>
                        <additionalWheel configId="dual" offset="0.25">
                            <innerRim filename="$data/shared/wheels/rims/rim010.i3d" node="1|1" widthAndDiam="15 52"/>
                        </additionalWheel>
                    </wheel>
                </wheels>
                <objectChange node="wheelBackLeftTwin"  visibilityActive="true" visibilityInactive="false" translationActive="0.4 0 0"/>
                <objectChange node="wheelBackRightTwin" visibilityActive="true" visibilityInactive="false" translationActive="-0.4 0 0"/>
                <objectChange node="wheelBackLeftTwinExtension"  translationInactive="0 0 0" translationActive="0.14 0 0"/>
                <objectChange node="wheelBackRightTwinExtension" translationInactive="0 0 0" translationActive="-0.14 0 0"/>
                <objectChange node="warningSignLeft"  rotationActive="0 0 0" rotationInactive="0 90 0"/>
                <objectChange node="warningSignRight" rotationActive="0 0 0" rotationInactive="0 -90 0"/>
            </wheelConfiguration>

            <wheelConfiguration name="$l10n_configuration_valueTwinWheelsNarrow" price="6000" saveId="TWIN_ALL_NARROW" numDynamicConfigurations="1">
                <wheels baseConfig="NARROW" ackermannSteeringIndex="2">
                    <wheel>
                        <additionalWheel configId="dual" offset="0.25">
                            <innerRim filename="$data/shared/wheels/rims/rim011.i3d" node="1|0" offset="-0.15"/>
                            <connector filename="$data/shared/wheels/hubs/dual004.i3d" node="0|0" usePosAndScale="true" startPos="2" endPos="20.6" uniformScale="0.3"/>
                        </additionalWheel>
                    </wheel>
                    <wheel>
                        <additionalWheel configId="dual" offset="0.25">
                            <innerRim filename="$data/shared/wheels/rims/rim011.i3d" node="1|1" offset="-0.15"/>
                            <connector filename="$data/shared/wheels/hubs/dual004.i3d" node="0|1" usePosAndScale="true" startPos="2" endPos="20.6" uniformScale="0.3"/>
                        </additionalWheel>
                    </wheel>
                    <wheel>
                        <additionalWheel configId="dual" offset="0.25">
                            <innerRim filename="$data/shared/wheels/rims/rim010.i3d" node="1|0" widthAndDiam="15 52"/>
                        </additionalWheel>
                    </wheel>
                    <wheel>
                        <additionalWheel configId="dual" offset="0.25">
                            <innerRim filename="$data/shared/wheels/rims/rim010.i3d" node="1|1" widthAndDiam="15 52"/>
                        </additionalWheel>
                    </wheel>
                </wheels>
                <objectChange node="wheelBackLeftTwin"  visibilityActive="true" visibilityInactive="false" translationActive="0.4 0 0"/>
                <objectChange node="wheelBackRightTwin" visibilityActive="true" visibilityInactive="false" translationActive="-0.4 0 0"/>
                <objectChange node="wheelBackLeftTwinExtension"  translationInactive="0 0 0" translationActive="0.14 0 0"/>
                <objectChange node="wheelBackRightTwinExtension" translationInactive="0 0 0" translationActive="-0.14 0 0"/>
                <objectChange node="warningSignLeft"  rotationActive="0 0 0" rotationInactive="0 90 0"/>
                <objectChange node="warningSignRight" rotationActive="0 0 0" rotationInactive="0 -90 0"/>
            </wheelConfiguration>

            <wheelConfiguration name="$l10n_configuration_valueTwinWheelsBack" price="5000" saveId="TWIN_BACK" numDynamicConfigurations="1">
                <wheels baseConfig="DEFAULT">
                    <wheel/>
                    <wheel/>
                    <wheel>
                        <additionalWheel configId="dual" offset="0.17">
                            <innerRim filename="$data/shared/wheels/rims/rim012.i3d" node="1|0"/>
                        </additionalWheel>
                    </wheel>
                    <wheel>
                        <additionalWheel configId="dual" offset="0.17">
                            <innerRim filename="$data/shared/wheels/rims/rim012.i3d" node="1|1"/>
                        </additionalWheel>
                    </wheel>
                </wheels>
                <objectChange node="wheelBackLeftTwin"  visibilityActive="true" visibilityInactive="false" translationActive="0.45 0 0"/>
                <objectChange node="wheelBackRightTwin" visibilityActive="true" visibilityInactive="false" translationActive="-0.45 0 0"/>
                <objectChange node="warningSignLeft"  rotationActive="0 0 0" rotationInactive="0 90 0"/>
                <objectChange node="warningSignRight" rotationActive="0 0 0" rotationInactive="0 -90 0"/>
            </wheelConfiguration>
            <wheelConfiguration name="$l10n_configuration_valueTwinWheelsAll" price="8000" saveId="TWIN_ALL" numDynamicConfigurations="1">
                <wheels baseConfig="DEFAULT" ackermannSteeringIndex="2">
                    <wheel>
                        <additionalWheel configId="dual" offset="0.15">
                            <innerRim filename="$data/shared/wheels/rims/rim011.i3d" node="1|0" offset="-0.15"/>
                            <connector filename="$data/shared/wheels/hubs/dual004.i3d" node="0|0" usePosAndScale="true" startPos="2.5" endPos="23.8" uniformScale="0.25"/>
                        </additionalWheel>
                    </wheel>
                    <wheel>
                        <additionalWheel configId="dual" offset="0.15">
                            <innerRim filename="$data/shared/wheels/rims/rim011.i3d" node="1|1" offset="-0.15"/>
                            <connector filename="$data/shared/wheels/hubs/dual004.i3d" node="0|1" usePosAndScale="true" startPos="2.5" endPos="23.8" uniformScale="0.25"/>
                        </additionalWheel>
                    </wheel>
                    <wheel>
                        <additionalWheel configId="dual" offset="0.17">
                            <innerRim filename="$data/shared/wheels/rims/rim012.i3d" node="1|0"/>
                        </additionalWheel>
                    </wheel>
                    <wheel>
                        <additionalWheel configId="dual" offset="0.17">
                            <innerRim filename="$data/shared/wheels/rims/rim012.i3d" node="1|1"/>
                        </additionalWheel>
                    </wheel>
                </wheels>
                <objectChange node="wheelBackLeftTwin"  visibilityActive="true" visibilityInactive="false" translationActive="0.45 0 0"/>
                <objectChange node="wheelBackRightTwin" visibilityActive="true" visibilityInactive="false" translationActive="-0.45 0 0"/>
                <objectChange node="warningSignLeft"  rotationActive="0 0 0" rotationInactive="0 90 0"/>
                <objectChange node="warningSignRight" rotationActive="0 0 0" rotationInactive="0 -90 0"/>
            </wheelConfiguration>
        </wheelConfigurations>

        <ackermannSteeringConfigurations>
            <ackermannSteering rotSpeed="40" rotMax="36" rotCenterWheel1="3" rotCenterWheel2="4"/>
            <ackermannSteering rotSpeed="40" rotMax="36" rotCenterWheel1="3" rotCenterWheel2="4"/>
        </ackermannSteeringConfigurations>

        <hubMaterial materialTemplateName="AGCO_GREY3"/>
        <additionalMaterial materialTemplateName="RIM_ADDITIONAL_DEFAULT"/>

        <hubs>
            <hub linkNode="wheelFrontLeft"  filename="$data/shared/wheels/hubs/hub_n12_13.xml" isLeft="true"  scale="0.18 0.37 0.37" offset="-0.022"/>
            <hub linkNode="wheelFrontRight" filename="$data/shared/wheels/hubs/hub_n12_13.xml" isLeft="false" scale="0.18 0.37 0.37" offset="-0.022"/>
            <hub linkNode="wheelBackLeft"   filename="$data/shared/wheels/hubs/hub_n10_14.xml" isLeft="true"  scale="0.33 0.33 0.33"/>
            <hub linkNode="wheelBackRight"  filename="$data/shared/wheels/hubs/hub_n10_14.xml" isLeft="false" scale="0.33 0.33 0.33"/>
        </hubs>
    </wheels>

    <speedRotatingParts>
        <speedRotatingPart node="wheelFrontLeftPart" wheelIndex="1" wheelScale="5"/>
        <speedRotatingPart node="wheelFrontRightPart" wheelIndex="2" wheelScale="5"/>
        <speedRotatingPart node="driveShaftLeft" wheelIndex="1" wheelScale="5"/>
        <speedRotatingPart node="driveShaftRight" wheelIndex="2" wheelScale="5"/>
        <speedRotatingPart node="powerShaft01" wheelIndex="1" wheelScale="5"/>
        <speedRotatingPart node="powerShaft02" wheelIndex="1" wheelScale="5"/>
        <speedRotatingPart node="powerShaft03" wheelIndex="1" wheelScale="5"/>
    </speedRotatingParts>

    <attacherJoints comboDuration="2">
        <attacherJoint node="attacherJointBack" lowerRotationOffset="0.2" upperRotationOffset="0.2" moveTime="2.5" comboTime="1">
            <distanceToGround lower="0.32" upper="1.22"/>
            <rotationNode node="attacherJointBackRot" upperRotation="32 0 0" lowerRotation="-19.2 0 0"/>
            <rotationNode2 node="attacherJointBackRot2"/>
            <bottomArm rotationNode="attacherJointBackArmBottom" translationNode="attacherJointBackArmBottomTrans" referenceNode="referencePointBackBottom" zScale="-1" startRotation="-5 0 0" categoryRange="1 4" defaultCategory="3">
                <armLeft node="attacherJointBackArmBottomLeft" referenceNode="attacherJointBackArmBottomLeftRef"/>
                <armRight node="attacherJointBackArmBottomRight" referenceNode="attacherJointBackArmBottomRightRef"/>
            </bottomArm>
            <topArm baseNode="attacherJointBackArmTop" filename="$data/shared/assets/upperLinks/walterscheidHO_110_700.xml" zScale="-1" materialTemplateName="AGCO_GREY3" useBrandDecal="true"/>
            <schema position="1 0" rotation="0" invertX="false"/>
            <visuals hide="trailerAttacherBack trailerAttacherBackLow"/>
        </attacherJoint>

        <attacherJoint node="trailerAttacherJointBack" jointType="trailer" lowerRotLimit="25 58 50" allowsJointLimitMovement="false" comboTime="1">
            <distanceToGround lower="0.60" upper="1.20"/>
            <transNode node="trailerAttacherBack" minY="0.557" maxY="1.166" height="0.25">
                <dependentBottomArm node="attacherJointBackArmBottom" threshold="0.65" rotation="48 0 0"/>
            </transNode>
            <schema position="1 0" rotation="0" invertX="false" />
            <visuals nodes="trailerAttacherBack" hide="trailerAttacherBackLow"/>
        </attacherJoint>

        <attacherJoint node="trailerAttacherJointBackLow" jointType="trailerLow" lowerRotLimit="25 52 50" lowerTransLimit="0 0 0" allowsJointLimitMovement="false" comboTime="1">
            <distanceToGround lower="0.52" upper="1.11"/>
            <transNode node="trailerAttacherBackLow" minY="0.481" maxY="1.069">
                <dependentBottomArm node="attacherJointBackArmBottom" rotation="48 0 0"/>
            </transNode>
            <schema position="1 0" rotation="0" invertX="false" />
            <visuals nodes="trailerAttacherBackLow" hide="trailerAttacherBack"/>
            <steeringBars leftNode="trailerSteeringLeftRef" rightNode="trailerSteeringRightRef" />
        </attacherJoint>

        <attacherJointConfigurations title="$l10n_configuration_frontweight">
            <attacherJointConfiguration name="$l10n_configuration_valueNo">
            </attacherJointConfiguration>

            <attacherJointConfiguration name="$l10n_configuration_additionalWeightX" price="160" params="80">
                <objectChange node="frontWeight01"              visibilityActive="true"    visibilityInactive="false"/>
                <objectChange node="collision_frontWeightFrame" compoundChildActive="true" compoundChildInactive="false"/>
                <objectChange node="collision_frontWeight01"    compoundChildActive="true" compoundChildInactive="false"/>
                <objectChange node="mt655_main_component1"      massActive="6085"          centerOfMassActive="0 0.95 -0.03"/>
                <foliageBendingModifier index="4" minX="-0.05" maxX="0.05" maxZ="3.22"/>
                <size length="5.5" lengthOffset="0.5"/>
            </attacherJointConfiguration>

            <attacherJointConfiguration name="$l10n_configuration_additionalWeightX" price="320" params="160">
                <objectChange node="frontWeight02"              visibilityActive="true"    visibilityInactive="false"/>
                <objectChange node="collision_frontWeightFrame" compoundChildActive="true" compoundChildInactive="false"/>
                <objectChange node="collision_frontWeight02"    compoundChildActive="true" compoundChildInactive="false"/>
                <objectChange node="mt655_main_component1"      massActive="6165"          centerOfMassActive="0 0.95 0"/>
                <foliageBendingModifier index="4" minX="-0.1" maxX="0.1" maxZ="3.22"/>
                <size length="5.5" lengthOffset="0.5"/>
            </attacherJointConfiguration>

            <attacherJointConfiguration name="$l10n_configuration_additionalWeightX" price="480" params="240">
                <objectChange node="frontWeight03"              visibilityActive="true"    visibilityInactive="false"/>
                <objectChange node="collision_frontWeightFrame" compoundChildActive="true" compoundChildInactive="false"/>
                <objectChange node="collision_frontWeight03"    compoundChildActive="true" compoundChildInactive="false"/>
                <objectChange node="mt655_main_component1"      massActive="6245"          centerOfMassActive="0 0.95 0.03"/>
                <foliageBendingModifier index="4" minX="-0.13" maxX="0.13" maxZ="3.22"/>
                <size length="5.5" lengthOffset="0.5"/>
            </attacherJointConfiguration>

            <attacherJointConfiguration name="$l10n_configuration_additionalWeightX" price="640" params="320">
                <objectChange node="frontWeight04"              visibilityActive="true"    visibilityInactive="false"/>
                <objectChange node="collision_frontWeightFrame" compoundChildActive="true" compoundChildInactive="false"/>
                <objectChange node="collision_frontWeight04"    compoundChildActive="true" compoundChildInactive="false"/>
                <objectChange node="mt655_main_component1"      massActive="6325"          centerOfMassActive="0 0.95 0.06"/>
                <foliageBendingModifier index="4" minX="-0.17" maxX="0.17" maxZ="3.22"/>
                <size length="5.5" lengthOffset="0.5"/>
            </attacherJointConfiguration>

            <attacherJointConfiguration name="$l10n_configuration_additionalWeightX" price="800" params="400">
                <objectChange node="frontWeight05"              visibilityActive="true"    visibilityInactive="false"/>
                <objectChange node="collision_frontWeightFrame" compoundChildActive="true" compoundChildInactive="false"/>
                <objectChange node="collision_frontWeight05"    compoundChildActive="true" compoundChildInactive="false"/>
                <objectChange node="mt655_main_component1"      massActive="6405"          centerOfMassActive="0 0.95 0.09"/>
                <foliageBendingModifier index="4" minX="-0.21" maxX="0.21" maxZ="3.22"/>
                <size length="5.5" lengthOffset="0.5"/>
            </attacherJointConfiguration>

            <attacherJointConfiguration name="$l10n_configuration_additionalWeightX" price="960" params="480">
                <objectChange node="frontWeight06"              visibilityActive="true"    visibilityInactive="false"/>
                <objectChange node="collision_frontWeightFrame" compoundChildActive="true" compoundChildInactive="false"/>
                <objectChange node="collision_frontWeight06"    compoundChildActive="true" compoundChildInactive="false"/>
                <objectChange node="mt655_main_component1"      massActive="6485"          centerOfMassActive="0 0.95 0.12"/>
                <foliageBendingModifier index="4" minX="-0.21" maxX="0.25" maxZ="3.22"/>
                <size length="5.5" lengthOffset="0.5"/>
            </attacherJointConfiguration>

            <attacherJointConfiguration name="$l10n_configuration_additionalWeightX" price="1120" params="560" isDefault="true">
                <objectChange node="frontWeight07"              visibilityActive="true"    visibilityInactive="false"/>
                <objectChange node="collision_frontWeightFrame" compoundChildActive="true" compoundChildInactive="false"/>
                <objectChange node="collision_frontWeight07"    compoundChildActive="true" compoundChildInactive="false"/>
                <objectChange node="mt655_main_component1"      massActive="6565"          centerOfMassActive="0 0.95 0.15"/>
                <foliageBendingModifier index="4" minX="-0.21" maxX="0.28" maxZ="3.22"/>
                <size length="5.5" lengthOffset="0.5"/>
            </attacherJointConfiguration>
        </attacherJointConfigurations>
    </attacherJoints>

    <connectionHoses>
        <target attacherJointIndices="1 2 3" type="hydraulicIn" node="hydraulicIn01">
            <objectChange node="hydraulicIn01Cover" rotationActive="0 0 -100" rotationInactive="0 0 0"/>
        </target>
        <target attacherJointIndices="1 2 3" type="hydraulicOut" node="hydraulicOut01">
            <objectChange node="hydraulicOut01Cover" rotationActive="0 0 100" rotationInactive="0 0 0"/>
        </target>
        <target attacherJointIndices="1 2 3" type="hydraulicIn" node="hydraulicIn02">
            <objectChange node="hydraulicIn02Cover" rotationActive="0 0 -100" rotationInactive="0 0 0"/>
        </target>
        <target attacherJointIndices="1 2 3" type="hydraulicOut" node="hydraulicOut02">
            <objectChange node="hydraulicOut02Cover" rotationActive="0 0 100" rotationInactive="0 0 0"/>
        </target>
        <target attacherJointIndices="1 2 3" type="hydraulicIn" node="hydraulicIn03">
            <objectChange node="hydraulicIn03Cover" rotationActive="0 0 -100" rotationInactive="0 0 0"/>
        </target>
        <target attacherJointIndices="1 2 3" type="hydraulicOut" node="hydraulicOut03">
            <objectChange node="hydraulicOut03Cover" rotationActive="0 0 100" rotationInactive="0 0 0"/>
        </target>
        <target attacherJointIndices="1 2 3" type="hydraulicIn" node="hydraulicIn04">
            <objectChange node="hydraulicIn04Cover" rotationActive="0 0 -100" rotationInactive="0 0 0"/>
        </target>
        <target attacherJointIndices="1 2 3" type="hydraulicOut" node="hydraulicOut04">
            <objectChange node="hydraulicOut04Cover" rotationActive="0 0 100" rotationInactive="0 0 0"/>
        </target>
        <target attacherJointIndices="1 2 3" type="electric" node="electric01Node" socket="electric"/>
        <target attacherJointIndices="1 2 3" type="electric" node="electric02">
            <objectChange node="electric02Cover" rotationActive="90 0 0" rotationInactive="0 0 0"/>
        </target>
        <target attacherJointIndices="1 2 3" type="airDoubleRed"    node="airRedNode"    socket="air_red"/>
        <target attacherJointIndices="1 2 3" type="airDoubleYellow" node="airYellowNode" socket="air_yellow"/>
    </connectionHoses>

    <powerTakeOffs>
        <output outputNode="ptoBack" attacherJointIndices="1 2 3"/>
    </powerTakeOffs>

    <lights>
        <states>
            <state lightTypes="0"/>
            <state lightTypes="0 1"/>
            <state lightTypes="0 1 2"/>
        </states>

        <sharedLight linkNode="rearLight78_left"  filename="$data/shared/assets/lights/lizard/rearLight78_left.xml"/>
        <sharedLight linkNode="rearLight78_right" filename="$data/shared/assets/lights/lizard/rearLight78_right.xml"/>
        <sharedLight linkNode="workingLight47_01" filename="$data/shared/assets/lights/lizard/workingLight47.xml" lightTypes="2"/>
        <sharedLight linkNode="workingLight47_02" filename="$data/shared/assets/lights/lizard/workingLight47.xml" lightTypes="2"/>
        <sharedLight linkNode="workingLight47_03" filename="$data/shared/assets/lights/lizard/workingLight47.xml" lightTypes="2"/>
        <sharedLight linkNode="workingLight47_04" filename="$data/shared/assets/lights/lizard/workingLight47.xml" lightTypes="2"/>
        <sharedLight linkNode="workingLight47_05" filename="$data/shared/assets/lights/lizard/workingLight47.xml" lightTypes="1"/>
        <sharedLight linkNode="workingLight47_06" filename="$data/shared/assets/lights/lizard/workingLight47.xml" lightTypes="1"/>

        <realLights>
            <low>
                <light node="frontLightLow"     lightTypes="0" excludedLightTypes="2 3"/>
                <light node="workLightBackLow"  lightTypes="1"/>
                <light node="workLightFrontLow" lightTypes="2"/>
                <light node="highBeamLow"       lightTypes="3"/>
            </low>

            <high>
                <light          node="frontLightHighTop"    lightTypes="0" isTopLight="true"   excludedLightTypes="2 3"/>
                <light          node="frontLightHighBottom" lightTypes="0" isBottomLight="true" excludedLightTypes="2 3"/>
                <light          node="highBeamHighTop"      lightTypes="3" isTopLight="true"/>
                <light          node="highBeamHighBottom"   lightTypes="3" isBottomLight="true"/>
                <light          node="backLightsHigh"       lightTypes="0"/>
                <light          node="workLightBackHigh"    lightTypes="1"/>
                <light          node="workLightFrontHigh"   lightTypes="2"/>
                <brakeLight     node="backLightsHigh"/>
                <turnLightLeft  node="turnLightLeftFront"/>
                <turnLightRight node="turnLightRightFront"/>
                <interiorLight  node="interiorScreenLight"/>
            </high>
        </realLights>

        <staticLightCompounds>
            <staticLightCompound>
                <node node="frontLight_static" intensity="5"/>
                <node node="frontLightGlass_static" intensity="1"/>
                <node node="cabinLights_static" intensity="5"/>
                <node node="cabinLightsGlass_static" intensity="1"/>
                <node node="turnLightLeft_static" intensity="5"/>
                <node node="turnLightLeftGlass_static" intensity="1"/>
                <node node="turnLightRight_static" intensity="5"/>
                <node node="turnLightRightGlass_static" intensity="1"/>

                <function name="TOP_LIGHT" uvSlotIndex="1"/>
                <function name="WORK_LIGHT_FRONT" uvSlotIndex="1"/>
            </staticLightCompound>
        </staticLightCompounds>

        <dashboards>
            <dashboard displayType="EMITTER" valueType="turnLightLeft"   node="turnLightLeft_decals"        intensity="1.0" baseColor="SHARED_BLACK1"                groups="MOTOR_ACTIVE"/>
            <dashboard displayType="EMITTER" valueType="turnLightRight"  node="turnLightRight_decals"       intensity="1.0" baseColor="SHARED_BLACK1"                groups="MOTOR_ACTIVE"/>
            <dashboard displayType="EMITTER" valueType="turnLightAny"    node="turnLightAttachment_decals"  intensity="0.3" baseColor="SHARED_BLACK1"                groups="MOTOR_ACTIVE BACK_ATTACHMENT"/>
            <dashboard displayType="EMITTER" valueType="lightState"      node="buttonLightInterior02_decals"  intensity="1.0" emitColor="GREEN"   lightTypes="0"/>
            <dashboard displayType="EMITTER" valueType="lightState"      node="buttonWorkLightBack02_decals"  intensity="1.0" emitColor="GREEN"   lightTypes="1"/>
            <dashboard displayType="EMITTER" valueType="lightState"      node="buttonWorkLightFront02_decals" intensity="1.0" emitColor="GREEN"   lightTypes="2"/>
            <dashboard displayType="EMITTER" valueType="lightState"      node="highBeam_decals"             intensity="0.3" baseColor="SHARED_BLACK1" lightTypes="3"/>
            <dashboard displayType="EMITTER" valueType="turnLightHazard" node="switchHazard_decals"         intensity="1.0" emitColor="0.6 0.1 0.1"/>

            <dashboard displayType="ROT" valueType="lightState" node="buttonLightInterior"  minRot="0 0 0"  maxRot="-15 0 0" lightTypes="0"/>
            <dashboard displayType="ROT" valueType="lightState" node="buttonWorkLightBack"  minRot="0 0 0"  maxRot="0 0 15" lightTypes="1"/>
            <dashboard displayType="ROT" valueType="lightState" node="buttonWorkLightFront" minRot="0 0 0"  maxRot="0 0 15" lightTypes="2"/>
            <dashboard displayType="ROT" valueType="lightState" node="leverHighBeam"        minRot="0 0 0"  maxRot="15 0 0"  lightTypes="3"/>
            <dashboard displayType="ROT" valueType="turnLight"  node="leverTurnlight"       minRot="0 20 0" maxRot="0 -20 0" doInterpolation="true" />
        </dashboards>
    </lights>

    <enterable>
        <exitPoint node="exitPoint"/>
        <enterReferenceNode node="mt655_main_component1"/>

        <cameras>
            <camera node="outdoorCamera1" rotatable="true" rotateNode="outdoorCameraTarget" limit="true" useWorldXZRotation="true" rotMinX="-1.4" rotMaxX="1" transMin="4" transMax="40" translation="0 0 6.5" rotation="-20 180 0">
                <raycastNode node="cameraRaycastNode1"/>
                <raycastNode node="cameraRaycastNode2"/>
                <raycastNode node="cameraRaycastNode3"/>
            </camera>
            <camera node="indoorCamera1" rotatable="true" limit="true" rotMinX="-1.1" rotMaxX="0.4" transMin="0" transMax="0" useMirror="true" isInside="true" shadowFocusBox="shadowFocusBox" suspensionNodeIndex="1"/>
        </cameras>

        <characterNode node="playerSkin" cameraMinDistance="0.5">
            <target ikChain="leftArm"   targetNode="playerLeftHandTarget"  poseId="narrowFingers"/>
            <target ikChain="rightArm"  targetNode="playerRightHandTarget" poseId="narrowFingers"/>
            <target ikChain="leftFoot"  targetNode="playerLeftFootTarget" />
            <target ikChain="rightFoot" targetNode="playerRightFootTarget" />
        </characterNode>

        <characterTargetNodeModifier node="playerRightFootTarget" transitionTime="0.1" >
            <state node="playerRightFootTargetGas"   referenceNode="pedalGas" directionReferenceNode="playerRightFootTargetGasRef" />
            <state node="playerRightFootTargetBrake" referenceNode="pedalBrake" />
        </characterTargetNodeModifier>

        <characterTargetNodeModifier node="playerRightHandTarget" transitionTime="0.1" >
            <state node="playerRightHandTargetGear" referenceNode="gearLever" poseId="narrowFingers"/>
        </characterTargetNodeModifier>

        <characterTargetNodeModifier node="playerLeftFootTarget" transitionTime="0.1" >
            <state node="playerLeftFootTargetClutch" referenceNode="pedalClutch"/>
        </characterTargetNodeModifier>

        <mirrors>
            <mirror node="mirrorLeft" prio="1"/>
            <mirror node="mirrorRight" prio="1"/>
            <mirror node="mirrorInterior" prio="2"/>
        </mirrors>

        <dashboards>
            <dashboard displayType="ROT"  valueType="timeHours"          node="needleHour"   minRot="0 0 0" maxRot="0 0 -720" minValueRot="0" maxValueRot="24"/>
            <dashboard displayType="ROT"  valueType="timeMinutes"        node="needleMinute" minRot="0 0 0" maxRot="0 0 -360" minValueRot="0" maxValueRot="60"/>
            <dashboard displayType="TEXT" valueType="operatingTime"      node="numbersOperatingHours" textColor="1 1 1 1" textSize="0.006" textMask="00000.0"             font="DIGIT"                        groups="MOTOR_RUNNING"/>
        </dashboards>
    </enterable>

    <suspensions>
        <suspension node="cabin"             weight="400" minRotation="-3 0 -3" maxRotation="3 0 3" suspensionParametersX="200 17" suspensionParametersZ="200 17"/>
        <suspension node="seat"              weight="150" minTranslation="-0.05 -0.15 0.0" maxTranslation="0.05 0.15 0.0" suspensionParametersX="20 4" suspensionParametersY="5 1" suspensionParametersZ="20 4" startTranslationOffset="0 -0.025 0" />
        <suspension useCharacterTorso="true" weight="90" minRotation="0 -5 -5" maxRotation="0 5 5" suspensionParametersY="7 1" suspensionParametersZ="7 1" />
    </suspensions>

    <motorized>
        <consumerConfigurations>
            <consumerConfiguration>
                <consumer fillUnitIndex="1" usage="64"  fillType="diesel" />  <!-- usage is per hour at max load and max rpm -->
                <consumer fillUnitIndex="2" usage="250" fillType="air" permanentConsumption="false" refillLitersPerSecond="350" refillCapacityPercentage="0.5" /> <!-- usage per second at full brake power -->
            </consumerConfiguration>
            <consumerConfiguration>
                <consumer fillUnitIndex="1" usage="72"  fillType="diesel" />  <!-- usage is per hour at max load and max rpm -->
                <consumer fillUnitIndex="2" usage="250" fillType="air" permanentConsumption="false" refillLitersPerSecond="350" refillCapacityPercentage="0.5" /> <!-- usage per second at full brake power -->
            </consumerConfiguration>
            <consumerConfiguration>
                <consumer fillUnitIndex="1" usage="80"  fillType="diesel" />  <!-- usage is per hour at max load and max rpm -->
                <consumer fillUnitIndex="2" usage="250" fillType="air" permanentConsumption="false" refillLitersPerSecond="350" refillCapacityPercentage="0.5" /> <!-- usage per second at full brake power -->
            </consumerConfiguration>
            <consumerConfiguration>
                <consumer fillUnitIndex="1" usage="90"  fillType="diesel" />  <!-- usage is per hour at max load and max rpm -->
                <consumer fillUnitIndex="2" usage="250" fillType="air" permanentConsumption="false" refillLitersPerSecond="350" refillCapacityPercentage="0.5" /> <!-- usage per second at full brake power -->
            </consumerConfiguration>
        </consumerConfigurations>

        <differentialConfigurations>
            <differentialConfiguration>
                <differentials>
                    <differential torqueRatio="0.5" maxSpeedRatio="1.40" wheelIndex1="1" wheelIndex2="2"/>
                    <differential torqueRatio="0.5" maxSpeedRatio="1.55" wheelIndex1="3" wheelIndex2="4"/>
                    <differential torqueRatio="0.5" maxSpeedRatio="1.25" differentialIndex1="1" differentialIndex2="2"/>
                </differentials>
            </differentialConfiguration>
        </differentialConfigurations>

        <motorConfigurations>
            <motorConfiguration name="8510" price="0" hp="160" consumerConfigurationIndex="1">
                <motor torqueScale="0.676" minRpm="850" maxRpm="2200" maxForwardSpeed="40" maxBackwardSpeed="12" brakeForce="9" lowBrakeForceScale="0.1" lowBrakeForceSpeedLimit="1" dampingRateScale="0.6">
                    <torque normRpm="0.45" torque="0.9"/>
                    <torque normRpm="0.5" torque="0.97"/>
                    <torque normRpm="0.59" torque="1"/>
                    <torque normRpm="0.72" torque="1"/>
                    <torque normRpm="0.86" torque="0.88"/>
                    <torque normRpm="1" torque="0.72"/>
                </motor>
                <transmission autoGearChangeTime="0" gearChangeTime="0" axleRatio="1" name="$l10n_info_transmission_powerShift">
                    <directionChange useGear="true" reverseGearIndex="1" changeTime="0.5"/>

                    <forwardGear name="1"  maxSpeed="2.7"  actionName="SHIFT_GEAR_SELECT_1"/>
                    <forwardGear name="2"  maxSpeed="3.1"  actionName="-"/>
                    <forwardGear name="3"  maxSpeed="3.7"  actionName="-"/>
                    <forwardGear name="4"  maxSpeed="4.2"  actionName="SHIFT_GEAR_SELECT_2"/>
                    <forwardGear name="5"  maxSpeed="4.9"  actionName="-"/>
                    <forwardGear name="6"  maxSpeed="5.9"  actionName="-"/>
                    <forwardGear name="7"  maxSpeed="6.9"  actionName="SHIFT_GEAR_SELECT_3"/>
                    <forwardGear name="8"  maxSpeed="8.1"  actionName="-"/>
                    <forwardGear name="9"  maxSpeed="9.5"  actionName="-"/>
                    <forwardGear name="10" maxSpeed="11.2" actionName="SHIFT_GEAR_SELECT_4"/>
                    <forwardGear name="11" maxSpeed="13.0" actionName="-"/>
                    <forwardGear name="12" maxSpeed="15.4" actionName="SHIFT_GEAR_SELECT_5"/>
                    <forwardGear name="13" maxSpeed="17.8" actionName="-"/>
                    <forwardGear name="14" maxSpeed="20.8" actionName="SHIFT_GEAR_SELECT_6"/>
                    <forwardGear name="15" maxSpeed="24.4" actionName="-"/>
                    <forwardGear name="16" maxSpeed="28.6" actionName="SHIFT_GEAR_SELECT_7"/>
                    <forwardGear name="17" maxSpeed="34.1" actionName="-"/>
                    <forwardGear name="18" maxSpeed="40.0" actionName="SHIFT_GEAR_SELECT_8"/>

                    <backwardGear name="-1" dashboardName="1" maxSpeed="3.1"  actionName="SHIFT_GEAR_SELECT_1"/>
                    <backwardGear name="-2" dashboardName="2" maxSpeed="4.5"  actionName="SHIFT_GEAR_SELECT_2"/>
                    <backwardGear name="-3" dashboardName="3" maxSpeed="7.1"  actionName="SHIFT_GEAR_SELECT_3"/>
                    <backwardGear name="-4" dashboardName="4" maxSpeed="8.4"  actionName="SHIFT_GEAR_SELECT_4"/>
                    <backwardGear name="-5" dashboardName="5" maxSpeed="9.8"  actionName="SHIFT_GEAR_SELECT_5"/>
                    <backwardGear name="-6" dashboardName="6" maxSpeed="11.7" actionName="SHIFT_GEAR_SELECT_6"/>
                </transmission>
                <objectChange node="hp160"              visibilityActive="true" visibilityInactive="false"/>
                <objectChange node="roof_mt_635_decals" visibilityActive="true" visibilityInactive="false"/>
            </motorConfiguration>

            <motorConfiguration name="8610" hp="180" price="7500" consumerConfigurationIndex="2">
                <motor torqueScale="0.761" dampingRateScale="0.65"/>
                <objectChange node="hp180"              visibilityActive="true" visibilityInactive="false"/>
                <objectChange node="roof_mt_645_decals" visibilityActive="true" visibilityInactive="false"/>
            </motorConfiguration>

            <motorConfiguration name="8710" hp="200" price="15000" consumerConfigurationIndex="3">
                <motor torqueScale="0.846" dampingRateScale="0.7"/>
                <objectChange node="hp200"              visibilityActive="true" visibilityInactive="false"/>
                <objectChange node="roof_mt_655_decals" visibilityActive="true" visibilityInactive="false"/>
            </motorConfiguration>

            <motorConfiguration name="8810" hp="225" price="24000" consumerConfigurationIndex="4">
                <motor torqueScale="0.952" dampingRateScale="0.85"/>
                <objectChange node="hp225"              visibilityActive="true" visibilityInactive="false"/>
                <objectChange node="roof_mt_665_decals" visibilityActive="true" visibilityInactive="false"/>
            </motorConfiguration>

            <motorConfiguration name="8810 R" hp="325" price="0" consumerConfigurationIndex="4">
                <motor torqueScale="2.952" dampingRateScale="0.85"/>
                <objectChange node="hp225"              visibilityActive="true" visibilityInactive="false"/>
                <objectChange node="roof_mt_665_decals" visibilityActive="true" visibilityInactive="false"/>
            </motorConfiguration>
			
			<motorConfiguration name="8810 Twin Turbo" hp="425" price="0" consumerConfigurationIndex="4">
                <motor torqueScale="4.952" dampingRateScale="0.85"/>
                <objectChange node="hp225"              visibilityActive="true" visibilityInactive="false"/>
                <objectChange node="roof_mt_665_decals" visibilityActive="true" visibilityInactive="false"/>
            </motorConfiguration>
        </motorConfigurations>

        <animationNodes>
            <animationNode node="fan" rotSpeed="800" rotAxis="3" turnOnFadeTime="2" turnOffFadeTime="4" />
        </animationNodes>

        <exhaustEffects>
            <exhaustEffect node="exhaustParticle" filename="$data/effects/exhaust/exhaust.i3d" minRpmColor="0.9 0.9 0.9 0.1" maxRpmColor="0.9 0.9 0.9 0.4" minRpmScale="0.05" maxRpmScale="0.5" />
        </exhaustEffects>

        <motorStartDuration>3400</motorStartDuration>

        <dashboards>
            <dashboard displayType="TEXT" valueType="speed" node="numbersSpeed" textColor="1 1 1 1" textMask="00.0" textSize="0.010" font="DIGIT" textAlignment="RIGHT" textScaleX="0.8" groups="MOTOR_RUNNING"/>
            <dashboard displayType="TEXT" valueType="gear"  node="numbersGear"  textColor="1 1 1 1" textMask="00"   textSize="0.018" font="DIGIT" textAlignment="RIGHT" textScaleX="0.8" groups="MOTOR_RUNNING"/>

            <dashboard displayType="ROT" rotAxis="3" minRot="0" maxRot="-220" valueType="rpm"              node="needleRPM"                        groups="MOTOR_ACTIVE"/>
            <dashboard displayType="ROT" rotAxis="3" minRot="0" maxRot="-140" valueType="battery"          node="needleOil" doInterpolation="true" groups="MOTOR_ACTIVE"/>
            <dashboard displayType="ROT" rotAxis="3" minRot="0" maxRot="147"  valueType="motorTemperature" node="needleTemp"                       groups="MOTOR_ACTIVE" />

            <dashboard displayType="ROT" valueType="gearShiftUp"   node="gearLever"   minRot="0 0 0" maxRot="0 2 0"  doInterpolation="true" interpolationSpeed="0.008" groups="MOTOR_ACTIVE"/>
            <dashboard displayType="ROT" valueType="gearShiftDown" node="gearLever"   minRot="0 0 0" maxRot="0 -2 0" doInterpolation="true" interpolationSpeed="0.008" groups="MOTOR_ACTIVE"/>
            <dashboard displayType="ROT" valueType="clutchPedal"   node="pedalClutch" minRot="0 0 0" maxRot="-18 0 0"  doInterpolation="true"                            groups="MOTOR_STARTING"/>
            <dashboard displayType="ANIMATION"   valueType="ignitionState" animName="handBrake" interpolationSpeed="0.1" doInterpolation="true" groups="MOTOR_RUNNING"/>
            <dashboard displayType="MULTI_STATE" valueType="ignitionState" node="keyIgnition"                            doInterpolation="true" groups="MOTOR_ACTIVE">
                <state value="0" rotation="0 0 0"/>
                <state value="1" rotation="0 0 -115"/>
                <state value="2" rotation="0 0 -40"/>
            </dashboard>
        </dashboards>
    </motorized>

    <drivable>
        <steeringWheel node="steeringWheel" indoorRotation="540" outdoorRotation="30"/>

        <dashboards>
            <dashboard displayType="ROT" valueType="accelerationAxis" node="pedalGas"              minRot="0 0 0"  maxRot="0 0 40"  doInterpolation="true" />
            <dashboard displayType="ROT" valueType="decelerationAxis" node="pedalBrake"            minRot="0 0 0"  maxRot="-25 0 0" doInterpolation="true" />
            <dashboard displayType="ROT" valueType="movingDirection"  node="leverDrivingDirection" minRot="0 19 0" maxRot="0 -19 0" doInterpolation="true" groups="MOTOR_ACTIVE"/>
        </dashboards>
    </drivable>

    <licensePlates>
        <licensePlate node="licensePlateNodeFront" position="FRONT" preferedType="SQUARISH" placementArea="0.2 0.2 0.2 0.2">
            <objectChange node="licensePlateNodeFrontHolder" visibilityActive="true" visibilityInactive="false" />
        </licensePlate>
        <licensePlate node="licensePlateNodeBack" position="BACK" preferedType="ELONGATED" placementArea="0.1 0.2 0.1 0.2"/>
    </licensePlates>

    <wipers>
        <wiper animName="wiperFrontAnimation" >
            <state animSpeed="1.0" animPause="2.0" />
            <state animSpeed="1.0" animPause="0.0" />
            <state animSpeed="1.5" animPause="0.0" />
        </wiper>
        <wiper animName="wiperBackAnimation" >
            <state animSpeed="1.0" animPause="1.0" />
        </wiper>

        <dashboards>
            <dashboard displayType="MULTI_STATE" valueType="state" node="leverWiper" doInterpolation="true" groups="MOTOR_ACTIVE">
                <state value="0" rotation="0 0 0"/>
                <state value="1" rotation="0 0 23"/>
                <state value="2" rotation="0 0 56"/>
            </dashboard>

            <dashboard displayType="MULTI_STATE" valueType="state" node="buttonWiperBack" doInterpolation="true" groups="MOTOR_ACTIVE">
                <state value="0" rotation="0 0 0"/>
                <state value="1" rotation="-15 0 0"/>
                <state value="2" rotation="-15 0 0"/>
                <state value="3" rotation="-15 0 0"/>
            </dashboard>
            <dashboard displayType="EMITTER" valueType="state" node="buttonWiperBack02_decals" emitColor="GREEN" intensity="0.3" groups="MOTOR_ACTIVE"/>
        </dashboards>
    </wipers>

    <animations>
        <animation name="wiperFrontAnimation">
            <part node="wiperFront"     startTime="0.0" endTime="0.5" startRot="0 0 0"    endRot="0 0 -90" />
            <part node="wiperFrontPart" startTime="0.0" endTime="0.5" startRot="0 0 0"    endRot="0 -1.5 0" />
            <part node="wiperFront"     startTime="0.5" endTime="1.0" startRot="0 0 -90"  endRot="0 0 -180" />
            <part node="wiperFrontPart" startTime="0.5" endTime="1.0" startRot="0 -1.5 0" endRot="0 0 0" />

            <sound template="wiper1" startTime="0" endTime="1" direction="1"   volumeScale="1.2" pitchScale="0.8" fadeOut="0.1" linkNode="wiperFront"/>
            <sound template="wiper2" startTime="0" endTime="1" direction="-1"  volumeScale="1.2" pitchScale="0.8" fadeOut="0.1" linkNode="wiperFront"/>
        </animation>
        <animation name="wiperBackAnimation">
            <part node="wiperBack" startTime="0.0" endTime="0.5" startRot="0 0 0"     endRot="0 0.6 -50" />
            <part node="wiperBack" startTime="0.5" endTime="1.0" startRot="0 0.6 -50" endRot="0 1.2 -100" />

            <sound template="wiper1" startTime="0" endTime="1" direction="1"   volumeScale="1.2" pitchScale="1.0" fadeOut="0.1" linkNode="wiperBack"/>
            <sound template="wiper2" startTime="0" endTime="1" direction="-1"  volumeScale="1.2" pitchScale="1.0" fadeOut="0.1" linkNode="wiperBack"/>
        </animation>
        <animation name="handBrake">
            <part node="gearLeverPart" startTime="0.0" endTime="0.2" startTrans="0 0 0.24" endTrans="0 0 0.26"/>
            <part node="handbrake"     startTime="0.2" endTime="0.5" startRot="0 0 0"      endRot="-6 -5 0"/>
            <part node="handbrake"     startTime="0.5" endTime="0.8" startRot="-6 -5 0"    endRot="-6 2.5 0"/>
            <part node="gearLeverPart" startTime="0.8" endTime="1.0" startTrans="0 0 0.26" endTrans="0 0 0.24"/>
        </animation>
    </animations>

    <cylindered>
        <movingTools>
            <movingTool node="attacherJointBackArmBottom">
                <dependentPart node="attacherJointBackArmMain"/>
            </movingTool>
            <movingTool node="cabin">
                <dependentPart node="rubberFuel"/>
            </movingTool>
        </movingTools>

        <movingParts>
            <movingPart node="attacherJointBackArmMain" localReferencePoint="attacherJointBackArmMainLocalRef" referencePoint="attacherJointBackArmMainRef" referenceFrame="attacherJointBackArmMainRefFrame" limitedAxis="1">
                <dependentPart node="attacherJointBackArmMainHydraulic"/>
                <dependentPart node="attacherJointBackArmMainPartLeft"/>
                <dependentPart node="attacherJointBackArmMainPartRight"/>
            </movingPart>
            <movingPart node="attacherJointBackArmMainHydraulic" referencePoint="attacherJointBackArmMainHydraulicRef" referenceFrame="attacherJointBackArmMainHydraulicRef">
                <translatingPart node="attacherJointBackArmMainHydraulicPunch" />
            </movingPart>
            <movingPart node="attacherJointBackArmMainPartLeft" referencePoint="attacherJointBackArmMainPartLeftRef" referenceFrame="attacherJointBackArmMainPartLeftRef" />
            <movingPart node="attacherJointBackArmMainPartRight" referencePoint="attacherJointBackArmMainPartRightRef" referenceFrame="attacherJointBackArmMainPartRightRef" />

            <movingPart node="steeringBarLeft"  referencePoint="steeringBarLeftRef"  referenceFrame="steeringBarLeftRef"  isActiveDirty="true" maxUpdateDistance="50" scaleZ="true"/>
            <movingPart node="steeringBarRight" referencePoint="steeringBarRightRef" referenceFrame="steeringBarRightRef" isActiveDirty="true" maxUpdateDistance="50" scaleZ="true"/>

            <movingPart node="rubberFuel" referencePoint="rubberFuelRef" referenceFrame="rubberFuelRef" scaleZ="true"/>
        </movingParts>
    </cylindered>

    <fillUnit>
        <fillUnitConfigurations>
            <fillUnitConfiguration>
                <fillUnits>
                    <fillUnit unitTextOverride="$l10n_unit_literShort" showOnHud="false" showInShop="false" fillTypes="diesel" capacity="454" >
                        <exactFillRootNode node="exactFillRootNode" />
                        <dashboard displayType="ROT" rotAxis="3" minRot="0" maxRot="146" valueType="fillLevel" node="needleFuel" groups="MOTOR_ACTIVE"/>
                    </fillUnit>
                    <fillUnit unitTextOverride="$l10n_unit_literShort" showOnHud="false" showInShop="false" showOnInfoHud="false" fillTypes="air" capacity="4000"/>
                </fillUnits>
            </fillUnitConfiguration>
        </fillUnitConfigurations>
    </fillUnit>

    <dashboard>
        <groups>
            <group name="MOTOR_STARTING"  isMotorStarting="true"  isMotorRunning="false"/>
            <group name="MOTOR_ACTIVE"    isMotorStarting="true"  isMotorRunning="true"/>
            <group name="MOTOR_RUNNING"   isMotorStarting="false" isMotorRunning="true"/>
            <group name="BACK_ATTACHMENT" attacherJointIndices="1 2 3"/>
            <group name="LIGHT_ENABLED" lightTypes="0"/>
        </groups>

        <default>
            <dashboard displayType="EMITTER" node="radio_display" hideInactive="true" intensity="0.2" groups="MOTOR_ACTIVE"/>
            <dashboard displayType="EMITTER" node="startUp01_decals" baseColor="SHARED_BLACK1" idleValue="0" intensity="0.2" groups="MOTOR_STARTING" />
            <dashboard displayType="EMITTER" node="startUp02_decals" hideInactive="true"       idleValue="0" intensity="0.2" groups="MOTOR_STARTING" />
            <dashboard displayType="EMITTER" node="alwaysOn_decals"  baseColor="SHARED_BLACK1" idleValue="0" intensity="0.2" groups="MOTOR_ACTIVE" />

            <dashboard displayType="EMITTER" node="buttonWiperBack01_decals" intensity="0.2" groups="MOTOR_ACTIVE LIGHT_ENABLED" />
            <dashboard displayType="EMITTER" node="buttonLightInterior01_decals" intensity="0.2" groups="MOTOR_ACTIVE LIGHT_ENABLED" />
            <dashboard displayType="EMITTER" node="buttonWorkLightBack01_decals"  intensity="0.2" groups="MOTOR_ACTIVE LIGHT_ENABLED" />
            <dashboard displayType="EMITTER" node="buttonWorkLightFront01_decals" intensity="0.2" groups="MOTOR_ACTIVE LIGHT_ENABLED" />
        </default>
    </dashboard>

    <ai>
        <agent frontWheelNodes="wheelFrontLeft wheelFrontRight"/>
        <collisionTrigger useSize="true"/>
    </ai>

    <designConfigurations>
        <designConfiguration name="CHALLANGER" isSelectable="false" >
            <objectChange node="challenger_160hp_decals"       visibilityActive="true" visibilityInactive="false"/>
            <objectChange node="challenger_180hp_decals"       visibilityActive="true" visibilityInactive="false"/>
            <objectChange node="challenger_200hp_decals"       visibilityActive="true" visibilityInactive="false"/>
            <objectChange node="challenger_225hp_decals"       visibilityActive="true" visibilityInactive="false"/>
            <objectChange node="challenger_config01"           visibilityActive="true" visibilityInactive="false"/>
            <objectChange node="challenger_config02"           visibilityActive="true" visibilityInactive="false"/>
            <objectChange node="steeringWheelChallanger_decal" visibilityActive="true" visibilityInactive="false"/>

            <material materialSlotName="mt655_chassis_mat" materialTemplateName="CHALLENGER_YELLOW1" materialTemplateUseColorOnly="true"/>
        </designConfiguration>

        <designConfiguration name="AGCO ALLIS" isSelectable="false">
            <objectChange node="agcoAllis_9755_decals"    visibilityActive="true" visibilityInactive="false"/>
            <objectChange node="agcoAllis_9765_decals"    visibilityActive="true" visibilityInactive="false"/>
            <objectChange node="agcoAllis_9775_decals"    visibilityActive="true" visibilityInactive="false"/>
            <objectChange node="agcoAllis_9785_decals"    visibilityActive="true" visibilityInactive="false"/>
            <objectChange node="agcoAllis_config01"       visibilityActive="true" visibilityInactive="false"/>
            <objectChange node="agcoAllis_config02"       visibilityActive="true" visibilityInactive="false"/>
            <objectChange node="steeringWheelAllis_decal" visibilityActive="true" visibilityInactive="false"/>

            <material materialSlotName="mt655_chassis_mat" materialTemplateName="CHALLENGER_RED1" materialTemplateUseColorOnly="true"/>
        </designConfiguration>

        <designConfiguration name="AGCO ALLIS WHITE" isSelectable="true">
            <objectChange node="agcoAllisWhite_8510_decals" visibilityActive="true" visibilityInactive="false"/>
            <objectChange node="agcoAllisWhite_8610_decals" visibilityActive="true" visibilityInactive="false"/>
            <objectChange node="agcoAllisWhite_8710_decals" visibilityActive="true" visibilityInactive="false"/>
            <objectChange node="agcoAllisWhite_8810_decals" visibilityActive="true" visibilityInactive="false"/>
            <objectChange node="agcoAllisWhite_config01"    visibilityActive="true" visibilityInactive="false"/>
            <objectChange node="agcoAllisWhite_config02"    visibilityActive="true" visibilityInactive="false"/>
            <objectChange node="steeringWheelAGCO_decal"    visibilityActive="true" visibilityInactive="false"/>

            <!-- <material materialSlotName="mt655_chassis_mat" materialTemplateName="FENDT_WHITE1" materialTemplateUseColorOnly="true"/> -->
        </designConfiguration>
    </designConfigurations>

    <foliageBending>
        <bendingNode wheelIndices="1 2" minZ="1.10" maxZ="2.75" yOffset="0.5"/>
        <bendingNode wheelIndices="3 4" minZ="-2.2" maxZ="-0.2" yOffset="0.5"/>
        <bendingNode minX="-1.25" maxX="1.25" minZ="-0.2" maxZ="1.10" yOffset="0.5"/>
        <bendingNode minX="0" maxX="0" minZ="2.75" maxZ="2.75" yOffset="0.72"/>
    </foliageBending>


	<baseColorConfigurations price="0" useDefaultColors="true" >
        <baseColorConfiguration materialTemplateName="FENDT_WHITE1" name="AGCO ALLIS WHITE"/>
        <baseColorConfiguration materialTemplateName="CHALLENGER_RED1" name="AGCO ALLIS" />
		<baseColorConfiguration name="Matte Black" materialTemplateName="VALTRA_BLACK1" />
		<baseColorConfiguration name="Matte Black 2" materialTemplateName="DEUTZ_BLACK2" />
		<baseColorConfiguration name="Matte Silver" materialTemplateName="VALTRA_GREY2" />
        <material materialSlotName="mt655_chassis_mat" />
    </baseColorConfigurations>
	
	<designColor2Configurations useDefaultColors="true" price="0" title="Interior" >
		<designColor2Configuration name="Wood 1" materialTemplateName="wood2" />
        <designColor2Configuration name="Wood 2" materialTemplateName="wood1" />
        <designColor2Configuration name="Wood Oak" materialTemplateName="wood2Oak" isDefault="true"/>
        <designColor2Configuration name="Wood Cedar" materialTemplateName="wood1Cedar" />
        <designColor2Configuration name="Matte Black" materialTemplateName="VALTRA_BLACK1" />
		<designColor2Configuration name="Brown Leather" materialTemplateName="leather1Brown"/>
		<designColor2Configuration name="Brown Leather 2" materialTemplateName="leather2Brown" />
		<designColor2Configuration name="Gray Leather" materialTemplateName="leather3GrayDark"  />        
        <material materialSlotName="mt655_roof_pillars" />
        <material materialSlotName="mt655_internalparts" />
    </designColor2Configurations>
	
	<designColor3Configurations useDefaultColors="true" price="0" title="Console N Wheel" >		
		<designColor3Configuration name="Brown Leather" materialTemplateName="leather1Brown" isDefault="true" />
		<designColor3Configuration name="Brown Leather 2" materialTemplateName="leather2Brown" />
		<designColor3Configuration name="Gray Leather" materialTemplateName="leather3GrayDark"  />
		<designColor3Configuration name="Matte Black" materialTemplateName="DEUTZ_BLACK2" />
		<designColor3Configuration name="Matte Grey" materialTemplateName="VALTRA_GREY2" />
        <material materialSlotName="mt655_steerwheel_armrest" />
    </designColor3Configurations>	
	
	<designColor4Configurations price="0" title="Seat" >
		<designColor4Configuration name="Brown Leather" materialTemplateName="leather1Brown"/>
		<designColor4Configuration name="Brown Leather 2" materialTemplateName="leather2Brown" isDefault="true" />
		<designColor4Configuration name="Gray Fabric" materialTemplateName="fabric2Gray"  />
		<designColor4Configuration name="Gray Fabric 2" materialTemplateName="perforatedSynthetic2Black" />
		<designColor4Configuration name="Gray Fabric 3" materialTemplateName="fabric3Gray"  />
        <material materialSlotName="mt655_seat1" />
	</designColor4Configurations>		

    <rimColorConfigurations useDefaultColors="true" price="0">
        <rimColorConfiguration name="$l10n_ui_colorGrey" materialTemplateName="RIM_DEFAULT"  />
        <rimColorConfiguration name="$l10n_ui_colorBlack" materialTemplateName="RIM_CONFIGURATION_BLACK" />
		<rimColorConfiguration name="Red 1" materialTemplateName="MCCORMICK_RED1" />
        <rimColorConfiguration name="Red 2" materialTemplateName="MCCORMICK_RED2"  />
		<rimColorConfiguration name="Matte Black" materialTemplateName="DEUTZ_BLACK2" />
		<rimColorConfiguration name="Matte Silver" materialTemplateName="VALTRA_GREY2" />
    </rimColorConfigurations>

    <wearable wearDuration="480" workMultiplier="5" fieldMultiplier="2"/>
    <washable washDuration="1"   workMultiplier="3" fieldMultiplier="2" dirtDuration="90"/>

    <i3dMappings>
        <i3dMapping id="mt655_main_component1" node="0>" />
        <i3dMapping id="wheelBackLeft" node="0>0|0|0" />
        <i3dMapping id="wheelBackLeftTwin" node="0>0|0|0|0|1" />
        <i3dMapping id="wheelBackLeftTwinExtension" node="0>0|0|0|0|1|0" />
        <i3dMapping id="wheelBackRight" node="0>0|0|1" />
        <i3dMapping id="wheelBackRightTwin" node="0>0|0|1|0|1" />
        <i3dMapping id="wheelBackRightTwinExtension" node="0>0|0|1|0|1|0" />
        <i3dMapping id="outdoorCameraTarget" node="0>0|1|0" />
        <i3dMapping id="outdoorCamera1" node="0>0|1|0|0" />
        <i3dMapping id="indoorCamera1" node="0>0|1|1" />
        <i3dMapping id="cameraRaycastNode1" node="0>0|1|2" />
        <i3dMapping id="cameraRaycastNode2" node="0>0|1|3" />
        <i3dMapping id="cameraRaycastNode3" node="0>0|1|4" />
        <i3dMapping id="shadowFocusBox" node="0>0|1|5" />
        <i3dMapping id="frontLight_static" node="0>0|2|0|0" />
        <i3dMapping id="frontLightGlass_static" node="0>0|2|0|1" />
        <i3dMapping id="frontLightLow" node="0>0|2|1|0" />
        <i3dMapping id="highBeamLow" node="0>0|2|1|1" />
        <i3dMapping id="frontLightHighBottom" node="0>0|2|1|2" />
        <i3dMapping id="highBeamHighBottom" node="0>0|2|1|3" />
        <i3dMapping id="workingLight47_03" node="0>0|2|2|0" />
        <i3dMapping id="workingLight47_04" node="0>0|2|2|1" />
        <i3dMapping id="exitPoint" node="0>0|3" />
        <i3dMapping id="exhaustParticle" node="0>0|4" />
        <i3dMapping id="cabin" node="0>0|5" />
        <i3dMapping id="steeringBase" node="0>0|5|0|0" />
        <i3dMapping id="steeringWheel" node="0>0|5|0|0|0|0" />
        <i3dMapping id="playerRightHandTarget" node="0>0|5|0|0|0|0|0" />
        <i3dMapping id="playerLeftHandTarget" node="0>0|5|0|0|0|0|1" />
        <i3dMapping id="steeringWheelChallanger_decal" node="0>0|5|0|0|0|0|2" />
        <i3dMapping id="steeringWheelAllis_decal" node="0>0|5|0|0|0|0|3" />
        <i3dMapping id="steeringWheelAGCO_decal" node="0>0|5|0|0|0|0|4" />
        <i3dMapping id="leverHighBeam" node="0>0|5|0|0|1|0" />
        <i3dMapping id="leverTurnlight" node="0>0|5|0|0|1|0|0" />
        <i3dMapping id="leverWiper" node="0>0|5|0|0|1|0|0|0|0" />
        <i3dMapping id="leverDrivingDirection" node="0>0|5|0|0|2|0" />
        <i3dMapping id="leverDrivingDirectionPart" node="0>0|5|0|0|2|0|0" />
        <i3dMapping id="leverSteeringBase" node="0>0|5|0|0|3|0" />
        <i3dMapping id="seat" node="0>0|5|1|0" />
        <i3dMapping id="playerSkin" node="0>0|5|1|0|0" />
        <i3dMapping id="handbrake" node="0>0|5|1|0|2|0" />
        <i3dMapping id="gearLever" node="0>0|5|1|0|2|0|0" />
        <i3dMapping id="gearLeverPart" node="0>0|5|1|0|2|0|0|0" />
        <i3dMapping id="playerRightHandTargetGear" node="0>0|5|1|0|2|0|0|0|0" />
        <i3dMapping id="rearLight78_left" node="0>0|5|2|0|0" />
        <i3dMapping id="rearLight78_right" node="0>0|5|2|0|1" />
        <i3dMapping id="workingLight47_01" node="0>0|5|2|0|2" />
        <i3dMapping id="workingLight47_02" node="0>0|5|2|0|3" />
        <i3dMapping id="workingLight47_05" node="0>0|5|2|0|4" />
        <i3dMapping id="workingLight47_06" node="0>0|5|2|0|5" />
        <i3dMapping id="cabinLights_static" node="0>0|5|2|1|0" />
        <i3dMapping id="cabinLightsGlass_static" node="0>0|5|2|1|1" />
        <i3dMapping id="interiorScreenLight" node="0>0|5|2|2|0" />
        <i3dMapping id="frontLightHighTop" node="0>0|5|2|2|1" />
        <i3dMapping id="highBeamHighTop" node="0>0|5|2|2|2" />
        <i3dMapping id="workLightFrontLow" node="0>0|5|2|3|0" />
        <i3dMapping id="workLightBackLow" node="0>0|5|2|3|1" />
        <i3dMapping id="workLightFrontHigh" node="0>0|5|2|3|2" />
        <i3dMapping id="workLightBackHigh" node="0>0|5|2|3|3" />
        <i3dMapping id="backLightsHigh" node="0>0|5|2|4|0" />
        <i3dMapping id="turnLightLeftFront" node="0>0|5|2|5|0" />
        <i3dMapping id="turnLightRightFront" node="0>0|5|2|5|1" />
        <i3dMapping id="wiperFront" node="0>0|5|3|0|0" />
        <i3dMapping id="wiperFrontPart" node="0>0|5|3|0|0|0" />
        <i3dMapping id="needleHour" node="0>0|5|4|0|0|0" />
        <i3dMapping id="needleMinute" node="0>0|5|4|0|1|0" />
        <i3dMapping id="needleTemp" node="0>0|5|4|0|2|0" />
        <i3dMapping id="needleFuel" node="0>0|5|4|0|3|0" />
        <i3dMapping id="needleOil" node="0>0|5|4|0|4|0" />
        <i3dMapping id="needleRPM" node="0>0|5|4|0|5|0" />
        <i3dMapping id="buttonWiperBack" node="0>0|5|4|1|0" />
        <i3dMapping id="buttonWiperBack01_decals" node="0>0|5|4|1|0|0" />
        <i3dMapping id="buttonWiperBack02_decals" node="0>0|5|4|1|0|1" />
        <i3dMapping id="buttonLightInterior" node="0>0|5|4|1|1" />
        <i3dMapping id="buttonLightInterior01_decals" node="0>0|5|4|1|1|0" />
        <i3dMapping id="buttonLightInterior02_decals" node="0>0|5|4|1|1|1" />
        <i3dMapping id="buttonWorkLightBack" node="0>0|5|4|1|2|0" />
        <i3dMapping id="buttonWorkLightBack01_decals" node="0>0|5|4|1|2|0|0" />
        <i3dMapping id="buttonWorkLightBack02_decals" node="0>0|5|4|1|2|0|1" />
        <i3dMapping id="buttonWorkLightFront" node="0>0|5|4|1|3|0" />
        <i3dMapping id="buttonWorkLightFront01_decals" node="0>0|5|4|1|3|0|0" />
        <i3dMapping id="buttonWorkLightFront02_decals" node="0>0|5|4|1|3|0|1" />
        <i3dMapping id="numbersGear" node="0>0|5|4|2|0" />
        <i3dMapping id="numbersSpeed" node="0>0|5|4|2|1" />
        <i3dMapping id="numbersOperatingHours" node="0>0|5|4|2|2" />
        <i3dMapping id="keyIgnition" node="0>0|5|4|3|0" />
        <i3dMapping id="startUp01_decals" node="0>0|5|4|4" />
        <i3dMapping id="startUp02_decals" node="0>0|5|4|5" />
        <i3dMapping id="alwaysOn_decals" node="0>0|5|4|6" />
        <i3dMapping id="turnLightLeft_decals" node="0>0|5|4|7" />
        <i3dMapping id="turnLightRight_decals" node="0>0|5|4|8" />
        <i3dMapping id="highBeam_decals" node="0>0|5|4|9" />
        <i3dMapping id="turnLightAttachment_decals" node="0>0|5|4|10" />
        <i3dMapping id="switchHazard_decals" node="0>0|5|4|11" />
        <i3dMapping id="radio_display" node="0>0|5|4|12" />
        <i3dMapping id="pedalGas" node="0>0|5|5|0|0" />
        <i3dMapping id="playerRightFootTargetGasRef" node="0>0|5|5|0|0|0" />
        <i3dMapping id="pedalBrake" node="0>0|5|5|1" />
        <i3dMapping id="playerRightFootTargetBrake" node="0>0|5|5|1|0" />
        <i3dMapping id="pedalClutch" node="0>0|5|5|2|0" />
        <i3dMapping id="playerLeftFootTargetClutch" node="0>0|5|5|2|0|0" />
        <i3dMapping id="playerLeftFootTarget" node="0>0|5|6|0" />
        <i3dMapping id="playerRightFootTarget" node="0>0|5|6|1" />
        <i3dMapping id="playerRightFootTargetGas" node="0>0|5|6|2" />
        <i3dMapping id="mirrorLeft" node="0>0|5|7|0" />
        <i3dMapping id="mirrorRight" node="0>0|5|7|1" />
        <i3dMapping id="mirrorInterior" node="0>0|5|7|2" />
        <i3dMapping id="challenger_config02" node="0>0|5|8|0" />
        <i3dMapping id="roof_mt_635_decals" node="0>0|5|8|0|0" />
        <i3dMapping id="roof_mt_645_decals" node="0>0|5|8|0|1" />
        <i3dMapping id="roof_mt_655_decals" node="0>0|5|8|0|2" />
        <i3dMapping id="roof_mt_665_decals" node="0>0|5|8|0|3" />
        <i3dMapping id="agcoAllis_config02" node="0>0|5|8|1" />
        <i3dMapping id="agcoAllisWhite_config02" node="0>0|5|8|2" />
        <i3dMapping id="wiperBack" node="0>0|5|9|0|2|0|0" />
        <i3dMapping id="warningSignLeft" node="0>0|5|9|1" />
        <i3dMapping id="turnLightLeft_static" node="0>0|5|9|1|0|0" />
        <i3dMapping id="turnLightLeftGlass_static" node="0>0|5|9|1|0|1" />
        <i3dMapping id="warningSignRight" node="0>0|5|9|2" />
        <i3dMapping id="turnLightRight_static" node="0>0|5|9|2|0|0" />
        <i3dMapping id="turnLightRightGlass_static" node="0>0|5|9|2|0|1" />
        <i3dMapping id="rubberFuel" node="0>0|5|9|3" />
        <i3dMapping id="licensePlateNodeBack" node="0>0|5|10|6" />
        <i3dMapping id="attacherJointBackRot" node="0>0|6|0|0" />
        <i3dMapping id="attacherJointBackRot2" node="0>0|6|0|0|0" />
        <i3dMapping id="attacherJointBack" node="0>0|6|0|0|0|0" />
        <i3dMapping id="attacherJointBackArmBottom" node="0>0|6|0|1" />
        <i3dMapping id="attacherJointBackArmBottomTrans" node="0>0|6|0|1|0" />
        <i3dMapping id="attacherJointBackArmBottomLeft" node="0>0|6|0|1|0|0" />
        <i3dMapping id="attacherJointBackArmMainPartLeftRef" node="0>0|6|0|1|0|0|0" />
        <i3dMapping id="attacherJointBackArmBottomLeftRef" node="0>0|6|0|1|0|0|1" />
        <i3dMapping id="attacherJointBackArmBottomRight" node="0>0|6|0|1|0|1" />
        <i3dMapping id="attacherJointBackArmMainPartRightRef" node="0>0|6|0|1|0|1|0" />
        <i3dMapping id="attacherJointBackArmBottomRightRef" node="0>0|6|0|1|0|1|1" />
        <i3dMapping id="attacherJointBackArmMainRef" node="0>0|6|0|1|0|2" />
        <i3dMapping id="referencePointBackBottom" node="0>0|6|0|1|0|3" />
        <i3dMapping id="attacherJointBackArmTop" node="0>0|6|0|2" />
        <i3dMapping id="trailerAttacherBack" node="0>0|6|1|0" />
        <i3dMapping id="trailerAttacherJointBack" node="0>0|6|1|0|0" />
        <i3dMapping id="trailerAttacherBackLow" node="0>0|6|1|1" />
        <i3dMapping id="trailerAttacherJointBackLow" node="0>0|6|1|1|0" />
        <i3dMapping id="trailerSteeringLeftRef" node="0>0|6|1|1|1" />
        <i3dMapping id="trailerSteeringRightRef" node="0>0|6|1|1|2" />
        <i3dMapping id="ptoBack" node="0>0|6|2|0" />
        <i3dMapping id="hydraulicIn01" node="0>0|6|3|0" />
        <i3dMapping id="hydraulicIn01Cover" node="0>0|6|3|0|0" />
        <i3dMapping id="hydraulicOut01" node="0>0|6|3|1" />
        <i3dMapping id="hydraulicOut01Cover" node="0>0|6|3|1|0" />
        <i3dMapping id="hydraulicIn02" node="0>0|6|3|2" />
        <i3dMapping id="hydraulicIn02Cover" node="0>0|6|3|2|0" />
        <i3dMapping id="hydraulicOut02" node="0>0|6|3|3" />
        <i3dMapping id="hydraulicOut02Cover" node="0>0|6|3|3|0" />
        <i3dMapping id="hydraulicIn03" node="0>0|6|3|4" />
        <i3dMapping id="hydraulicIn03Cover" node="0>0|6|3|4|0" />
        <i3dMapping id="hydraulicOut03" node="0>0|6|3|5" />
        <i3dMapping id="hydraulicOut03Cover" node="0>0|6|3|5|0" />
        <i3dMapping id="hydraulicIn04" node="0>0|6|3|6" />
        <i3dMapping id="hydraulicIn04Cover" node="0>0|6|3|6|0" />
        <i3dMapping id="hydraulicOut04" node="0>0|6|3|7" />
        <i3dMapping id="hydraulicOut04Cover" node="0>0|6|3|7|0" />
        <i3dMapping id="electric01Node" node="0>0|6|3|8" />
        <i3dMapping id="electric02" node="0>0|6|3|9" />
        <i3dMapping id="electric02Cover" node="0>0|6|3|9|0" />
        <i3dMapping id="airYellowNode" node="0>0|6|3|10" />
        <i3dMapping id="airRedNode" node="0>0|6|3|11" />
        <i3dMapping id="exactFillRootNode" node="0>0|7|0" />
        <i3dMapping id="attacherJointBackArmMainRefFrame" node="0>0|8|0" />
        <i3dMapping id="attacherJointBackArmMain" node="0>0|8|0|0" />
        <i3dMapping id="attacherJointBackArmMainLocalRef" node="0>0|8|0|0|0" />
        <i3dMapping id="attacherJointBackArmMainPartLeft" node="0>0|8|0|0|0|0" />
        <i3dMapping id="attacherJointBackArmMainPartRight" node="0>0|8|0|0|0|1" />
        <i3dMapping id="attacherJointBackArmMainHydraulicRef" node="0>0|8|0|0|2" />
        <i3dMapping id="attacherJointBackArmMainHydraulic" node="0>0|8|1" />
        <i3dMapping id="attacherJointBackArmMainHydraulicPunch" node="0>0|8|1|0" />
        <i3dMapping id="powerShaft02" node="0>0|8|2|0" />
        <i3dMapping id="powerShaft03" node="0>0|8|3|0" />
        <i3dMapping id="fan" node="0>0|8|4" />
        <i3dMapping id="licensePlateNodeFront" node="0>0|9|0" />
        <i3dMapping id="licensePlateNodeFrontHolder" node="0>0|9|1" />
        <i3dMapping id="rubberFuelRef" node="0>0|9|2" />
        <i3dMapping id="frontWeightFrame" node="0>0|10|0|0" />
        <i3dMapping id="frontWeight01" node="0>0|10|0|0|0" />
        <i3dMapping id="collision_frontWeight01" node="0>0|10|0|0|0|1" />
        <i3dMapping id="frontWeight02" node="0>0|10|0|0|1" />
        <i3dMapping id="collision_frontWeight02" node="0>0|10|0|0|1|1" />
        <i3dMapping id="frontWeight03" node="0>0|10|0|0|2" />
        <i3dMapping id="collision_frontWeight03" node="0>0|10|0|0|2|1" />
        <i3dMapping id="frontWeight04" node="0>0|10|0|0|3" />
        <i3dMapping id="collision_frontWeight04" node="0>0|10|0|0|3|1" />
        <i3dMapping id="frontWeight05" node="0>0|10|0|0|4" />
        <i3dMapping id="collision_frontWeight05" node="0>0|10|0|0|4|1" />
        <i3dMapping id="frontWeight06" node="0>0|10|0|0|5" />
        <i3dMapping id="collision_frontWeight06" node="0>0|10|0|0|5|1" />
        <i3dMapping id="frontWeight07" node="0>0|10|0|0|6" />
        <i3dMapping id="collision_frontWeight07" node="0>0|10|0|0|6|1" />
        <i3dMapping id="collision_frontWeightFrame" node="0>0|10|0|0|7" />
        <i3dMapping id="challenger_config01" node="0>0|10|1" />
        <i3dMapping id="agcoAllis_config01" node="0>0|10|2" />
        <i3dMapping id="agcoAllisWhite_config01" node="0>0|10|3" />
        <i3dMapping id="hp160" node="0>0|10|4|0" />
        <i3dMapping id="challenger_160hp_decals" node="0>0|10|4|0|0" />
        <i3dMapping id="agcoAllis_9755_decals" node="0>0|10|4|0|1" />
        <i3dMapping id="agcoAllisWhite_8510_decals" node="0>0|10|4|0|2" />
        <i3dMapping id="hp180" node="0>0|10|4|1" />
        <i3dMapping id="challenger_180hp_decals" node="0>0|10|4|1|0" />
        <i3dMapping id="agcoAllis_9765_decals" node="0>0|10|4|1|1" />
        <i3dMapping id="agcoAllisWhite_8610_decals" node="0>0|10|4|1|2" />
        <i3dMapping id="hp200" node="0>0|10|4|2" />
        <i3dMapping id="challenger_200hp_decals" node="0>0|10|4|2|0" />
        <i3dMapping id="agcoAllis_9775_decals" node="0>0|10|4|2|1" />
        <i3dMapping id="agcoAllisWhite_8710_decals" node="0>0|10|4|2|2" />
        <i3dMapping id="hp225" node="0>0|10|4|3" />
        <i3dMapping id="challenger_225hp_decals" node="0>0|10|4|3|0" />
        <i3dMapping id="agcoAllis_9785_decals" node="0>0|10|4|3|1" />
        <i3dMapping id="agcoAllisWhite_8810_decals" node="0>0|10|4|3|2" />
        <i3dMapping id="componentJointAxle" node="0>0|12" />
        <i3dMapping id="mt655_axis_component2" node="1>" />
        <i3dMapping id="frontAxle" node="1>0" />
        <i3dMapping id="wheelFrontLeftRepr" node="1>0|0|0" />
        <i3dMapping id="wheelFrontLeft" node="1>0|0|0|0|0" />
        <i3dMapping id="fenderLeft" node="1>0|0|0|1" />
        <i3dMapping id="fenderLeftPart" node="1>0|0|0|1|0|0" />
        <i3dMapping id="wheelFrontLeftPart" node="1>0|0|0|2" />
        <i3dMapping id="steeringBarLeftRef" node="1>0|0|0|3" />
        <i3dMapping id="wheelFrontRightRepr" node="1>0|1|0" />
        <i3dMapping id="wheelFrontRight" node="1>0|1|0|0|0" />
        <i3dMapping id="fenderRight" node="1>0|1|0|1" />
        <i3dMapping id="fenderRightPart" node="1>0|1|0|1|0|0" />
        <i3dMapping id="wheelFrontRightPart" node="1>0|1|0|2" />
        <i3dMapping id="steeringBarRightRef" node="1>0|1|0|3" />
        <i3dMapping id="driveShaftLeft" node="1>0|3" />
        <i3dMapping id="driveShaftRight" node="1>0|4" />
        <i3dMapping id="powerShaft01" node="1>0|5" />
        <i3dMapping id="steeringBarCenter" node="1>0|6" />
        <i3dMapping id="steeringBarLeft" node="1>0|6|0" />
        <i3dMapping id="steeringBarRight" node="1>0|6|1" />
    </i3dMappings>
</vehicle>
