<?xml version="1.0" encoding="utf-8" standalone="no"?>
<vehicle type="combineDrivable" xmlns:xsi="http://www.w3.org/2001/XMLSchema-instance" xsi:noNamespaceSchemaLocation="../../../../shared/xml/schema/vehicle.xsd">
    <annotation>Copyright (C) GIANTS Software GmbH, All Rights Reserved.</annotation>

    <parentFile xmlFilename="$data/vehicles/challenger/mt655/mt655.xml">
        <attributes>
            <set path="vehicle.storeData.name"  value="8010 Series"/>
            <set path="vehicle.storeData.brand" value="AGCO"/>
            <set path="vehicle.storeData.brand#customIcon" value="$data/store/brands/brand_agcoWhite.png"/>
            <set path="vehicle.storeData.image" value="$data/vehicles/agco/series8000/store_series8000.png"/>
            <remove path="vehicle.storeData.storePacks"/>

            <set path="vehicle.designConfigurations.designConfiguration(0)#isSelectable" value="false"/>
            <set path="vehicle.designConfigurations.designConfiguration(1)#isSelectable" value="false"/>
            <set path="vehicle.designConfigurations.designConfiguration(2)#isSelectable" value="true"/>

            <set path="vehicle.motorized.motorConfigurations.motorConfiguration(0)#name" value="8510"/>
            <set path="vehicle.motorized.motorConfigurations.motorConfiguration(1)#name" value="8610"/>
            <set path="vehicle.motorized.motorConfigurations.motorConfiguration(2)#name" value="8710"/>
            <set path="vehicle.motorized.motorConfigurations.motorConfiguration(3)#name" value="8810"/>
         </attributes>
    </parentFile>

    <!-- ONLY FOR ICON GENERATION -->
    <storeData>
        <name>8010 Series</name>
        <image>$data/vehicles/agco/series8000/store_series8000.png</image>
        <brand>AGCO</brand>
        <category>tractorsM</category>
        <vertexBufferMemoryUsage>0</vertexBufferMemoryUsage>
        <indexBufferMemoryUsage>0</indexBufferMemoryUsage>
        <textureMemoryUsage>0</textureMemoryUsage>
        <audioMemoryUsage>0</audioMemoryUsage>
        <instanceVertexBufferMemoryUsage>0</instanceVertexBufferMemoryUsage>
        <instanceIndexBufferMemoryUsage>0</instanceIndexBufferMemoryUsage>
    </storeData>
</vehicle>