<?xml version="1.0" encoding="utf-8" standalone="no" ?>
<crawler xmlns:xsi="http://www.w3.org/2001/XMLSchema-instance" xsi:noNamespaceSchemaLocation="https://validation.gdn.giants-software.com/xml/fs25/crawler.xsd">
    <file name="crawlers/idealCrawler/idealCrawler.i3d" leftNode="0|1" rightNode="0|0"/>

    <scrollerNodes>
        <scrollerNode node="0" scrollSpeed="-0.13" scrollLength="1" shaderParameterName="scrollPos" shaderParameterComponent="1"/>
    </scrollerNodes>

    <rotatingParts>
        <rotatingPart node="1" radius="0.610" />
        <rotatingPart node="2" radius="0.477" />
        <rotatingPart node="3" radius="0.297" />
        <rotatingPart node="4" radius="0.297" />
        <rotatingPart node="5" radius="0.477" />
    </rotatingParts>
</crawler>
