<?xml version="1.0" encoding="utf-8" standalone="no"?>
<vehicle type="tractor" xmlns:xsi="http://www.w3.org/2001/XMLSchema-instance" xsi:noNamespaceSchemaLocation="../../../../shared/xml/schema/vehicle.xsd">
    <annotation>Copyright (C) GIANTS Software GmbH, All Rights Reserved.</annotation>

    <parentFile xmlFilename="series9R.xml">
        <attributes>
            <!-- Store data -->
            <set path="vehicle.storeData.name#params" value="9RX"/>
            <set path="vehicle.storeData.image" value="$data/vehicles/johnDeere/series9RX/store_series9RX.png"/>
            <set path="vehicle.storeData.price" value="545500"/>
            <set path="vehicle.storeData.shopTranslationOffset" value="0 -0.182 0"/>
            <set path="vehicle.storeData.shopRotationOffset" value="-1.7 0 0"/>

            <!-- Components -->
            <set path="vehicle.base.componentConfigurations.componentConfiguration(0)#isSelectable" value="false"/>
            <set path="vehicle.base.componentConfigurations.componentConfiguration(1)#isSelectable" value="true"/>

            <!-- Design -->
            <set path="vehicle.designConfigurations.designConfiguration(0)#isSelectable" value="false"/>
            <set path="vehicle.designConfigurations.designConfiguration(1)#isSelectable" value="true"/>

            <!-- Wheels -->
            <set path="vehicle.wheels.wheelConfigurations(0)#title" value="$l10n_configuration_trackSetup"/>
            <remove path="vehicle.wheels.wheelConfigurations.wheelConfiguration(7)"/>
            <remove path="vehicle.wheels.wheelConfigurations.wheelConfiguration(6)"/>
            <remove path="vehicle.wheels.wheelConfigurations.wheelConfiguration(5)"/>
            <remove path="vehicle.wheels.wheelConfigurations.wheelConfiguration(4)"/>
            <remove path="vehicle.wheels.wheelConfigurations.wheelConfiguration(3)"/>
            <remove path="vehicle.wheels.wheelConfigurations.wheelConfiguration(2)"/>
            <remove path="vehicle.wheels.wheelConfigurations.wheelConfiguration(1)"/>
            <remove path="vehicle.wheels.wheelConfigurations.wheelConfiguration(0)"/>
            <set path="vehicle.wheels.wheelConfigurations.wheelConfiguration(0)#isSelectable" value="true"/>
            <set path="vehicle.wheels.wheelConfigurations.wheelConfiguration(1)#isSelectable" value="true"/>
            <set path="vehicle.wheels.wheelConfigurations.wheelConfiguration(2)#isSelectable" value="true"/>
            <set path="vehicle.wheels.wheelConfigurations.wheelConfiguration(3)#isSelectable" value="true"/>

            <set path="vehicle.articulatedAxis#customWheelIndices1" value="1 2 3 4"/>
            <set path="vehicle.articulatedAxis#customWheelIndices2" value="5 6 7 8"/>

            <!-- Cylindered -->
            <set path="vehicle.cylinderedConfigurations.cylinderedConfiguration(0)#isSelectable" value="true"/>

            <!-- Attacherjoints -->
            <set path="vehicle.attacherJoints.attacherJointConfigurations.attacherJointConfiguration(0)#isSelectable" value="false"/>
            <set path="vehicle.attacherJoints.attacherJointConfigurations.attacherJointConfiguration(1)#isSelectable" value="false"/>
            <set path="vehicle.attacherJoints.attacherJointConfigurations.attacherJointConfiguration(2)#isSelectable" value="true"/>
            <set path="vehicle.attacherJoints.attacherJointConfigurations.attacherJointConfiguration(3)#isSelectable" value="true"/>
            <set path="vehicle.attacherJoints.attacherJointConfigurations.attacherJointConfiguration(0)#name" value="1"/>
            <set path="vehicle.attacherJoints.attacherJointConfigurations.attacherJointConfiguration(1)#name" value="2"/>
            <set path="vehicle.attacherJoints.attacherJointConfigurations.attacherJointConfiguration(2)#name" value="$l10n_configuration_inputAttacher3Point"/>
            <set path="vehicle.attacherJoints.attacherJointConfigurations.attacherJointConfiguration(3)#name" value="$l10n_configuration_additionalWeight"/>

            <!-- Motorized -->
            <set path="vehicle.motorized.motorConfigurations.motorConfiguration(0)#isSelectable" value="false"/>
            <set path="vehicle.motorized.motorConfigurations.motorConfiguration(1)#name" value="9RX 490"/>
            <set path="vehicle.motorized.motorConfigurations.motorConfiguration(1)#price" value="0"/>
            <set path="vehicle.motorized.motorConfigurations.motorConfiguration(2)#name" value="9RX 540"/>
            <set path="vehicle.motorized.motorConfigurations.motorConfiguration(2)#price" value="31500"/>
            <set path="vehicle.motorized.motorConfigurations.motorConfiguration(3)#name" value="9RX 590"/>
            <set path="vehicle.motorized.motorConfigurations.motorConfiguration(3)#price" value="60500"/>
            <set path="vehicle.motorized.motorConfigurations.motorConfiguration(4)#name" value="9RX 640"/>
            <set path="vehicle.motorized.motorConfigurations.motorConfiguration(4)#price" value="79500"/>
            <!-- ADDED -->
            <set path="vehicle.motorized.motorConfigurations.motorConfiguration(5)#name" value="9RX 780"/>
            <set path="vehicle.motorized.motorConfigurations.motorConfiguration(5)#price" value="0"/>
            <set path="vehicle.motorized.motorConfigurations.motorConfiguration(6)#name" value="9RX 880"/>
            <set path="vehicle.motorized.motorConfigurations.motorConfiguration(6)#price" value="0"/>
            <set path="vehicle.motorized.motorConfigurations.motorConfiguration(7)#name" value="9RX 990"/>
            <set path="vehicle.motorized.motorConfigurations.motorConfiguration(7)#price" value="0"/>
            <set path="vehicle.motorized.motorConfigurations.motorConfiguration(8)#name" value="9RX BEAST"/>
            <set path="vehicle.motorized.motorConfigurations.motorConfiguration(8)#price" value="-152500"/>
            <set path="vehicle.designColorConfigurations.material(0)#materialSlotName" value="series9RXCrawler_JOHNDEERE_GREEN1_mat"/>
            <set path="vehicle.designColor2Configurations.material(0)#materialSlotName" value="series9RXCrawler_JOHNDEERE_YELLOW1_mat1"/>
            <!-- ADDED -->

            <!-- fillUnit -->
            <set path="vehicle.fillUnit.fillUnitConfigurations.fillUnitConfiguration(0)#isSelectable" value="false"/>
            <set path="vehicle.fillUnit.fillUnitConfigurations.fillUnitConfiguration(1)#isSelectable" value="true"/>
         </attributes>
    </parentFile>

    <!-- ONLY FOR ICON GENERATION -->
    <storeData>
        <name>9RX Series</name>
        <image>$data/vehicles/johnDeere/series9RX/store_series9RX.png</image>
        <brand>JOHNDEERE</brand>
        <category>tractorsL</category>
        <vertexBufferMemoryUsage>0</vertexBufferMemoryUsage>
        <indexBufferMemoryUsage>0</indexBufferMemoryUsage>
        <textureMemoryUsage>0</textureMemoryUsage>
        <audioMemoryUsage>0</audioMemoryUsage>
        <instanceVertexBufferMemoryUsage>0</instanceVertexBufferMemoryUsage>
        <instanceIndexBufferMemoryUsage>0</instanceIndexBufferMemoryUsage>
    </storeData>
</vehicle>