﻿<?xml version="1.0" encoding="utf-8" standalone="no"?>
<modDesc descVersion="92" xmlns:xsi="http://www.w3.org/2001/XMLSchema-instance" xsi:noNamespaceSchemaLocation="https://validation.gdn.giants-software.com/xml/fs25/modDesc.xsd">
    <author>Giants, Jeffro Modding</author>
    <version>1.0.0.0</version>
    <title>
        <en>John Deer 3650 Series CUSTOM</en>
    </title>
    <description>
<en><![CDATA[
- Added multiple color options (internal/external)
- Added additional HP options
- Added tires options
]]></en>

    </description>
    <iconFilename>store_series3650.dds</iconFilename>
    <multiplayer supported="true"/>
    <storeItems>
        <storeItem xmlFilename="series3650.xml"/>
    </storeItems>
</modDesc>