﻿<?xml version="1.0" encoding="utf-8" standalone="no" ?>
<sounds xmlns:xsi="http://www.w3.org/2001/XMLSchema-instance" xsi:noNamespaceSchemaLocation="../../../../../shared/xml/schema/vehicle_sounds.xsd">

    <motorized>
        <sounds>
            <motorStart file="sounds/johnDeere110_112_start.ogg" linkNode="0>" innerRadius="40.0" outerRadius="80.0" >
                <volume indoor="3" outdoor="3" />
                <lowpassGain indoor="1.0" outdoor="1.0" />
            </motorStart>
            <motorStop file="sounds/aebi_cc66_stop.wav" linkNode="0>" innerRadius="40.0" outerRadius="80.0" />

            <motor file="sounds/johnDeere110_112_idle.ogg" linkNode="0>" innerRadius="40.0" outerRadius="80.0" >
                <volume indoor="3" outdoor="3" >
                    <modifier type="MOTOR_RPM" value="0.00" modifiedValue="1.00" />
                    <modifier type="MOTOR_RPM" value="1.00" modifiedValue="0.50" />
                </volume>
            </motor>

            <motor file="sounds/johnDeere110_112_run.ogg" linkNode="0>" innerRadius="40.0" outerRadius="80.0" pitchScale="1.2">
                <volume indoor="3" outdoor="3" >
                    <modifier type="MOTOR_RPM" value="0.00" modifiedValue="0.00" />
                    <modifier type="MOTOR_RPM" value="0.01" modifiedValue="0.30" />
                    <modifier type="MOTOR_RPM" value="0.10" modifiedValue="0.50" />
                    <modifier type="MOTOR_RPM" value="1.00" modifiedValue="1.00" />
                </volume>
            </motor>
        </sounds>
    </motorized>

    <lights>
        <sounds>
            <toggleLights template="switch01"  />
            <turnLight template="switchTurnlight"  />
        </sounds>
    </lights>

    <attacherJoints>
        <sounds>
            <attach template="attach01" />
            <hydraulic template="hydraulicOpen02" />
        </sounds>
    </attacherJoints>

    <drivable>
        <sounds>
            <waterSplash template="waterSplash01" />
        </sounds>
    </drivable>
</sounds>
