﻿<?xml version="1.0" encoding="utf-8" standalone="no" ?>
<vehicle type="tractor" xmlns:xsi="http://www.w3.org/2001/XMLSchema-instance" xsi:noNamespaceSchemaLocation="../../../../shared/xml/schema/vehicle.xsd">
    <annotation>Copyright (C) GIANTS Software GmbH, All Rights Reserved.</annotation>

    <storeData>
        <name>Round Fender Custom</name>
        <specs>
            <power>8</power>
            <maxSpeed>18</maxSpeed>
            <combination xmlFilename="johnDeere110_120_deck.xml" />	
        </specs>
        <functions>
            <function>$l10n_function_tractor</function>
            <function>$l10n_function_mower</function>
            <function>$l10n_function_mulcher</function>
        </functions>
        <storePacks>
            <storePack>STARTER_GRASS</storePack>
        </storePacks>
        <image>store_johnDeere110_120_roundFender.png</image>
        <price>1480</price>
        <lifetime>600</lifetime>
        <rotation>0</rotation>
        <brand>JOHNDEERE</brand>
        <category>tractorsS</category>
        <vertexBufferMemoryUsage>978432</vertexBufferMemoryUsage>
        <indexBufferMemoryUsage>375552</indexBufferMemoryUsage>
        <textureMemoryUsage>2818048</textureMemoryUsage>
        <audioMemoryUsage>0</audioMemoryUsage>
        <instanceVertexBufferMemoryUsage>0</instanceVertexBufferMemoryUsage>
        <instanceIndexBufferMemoryUsage>0</instanceIndexBufferMemoryUsage>
    </storeData>

    <base>
        <typeDesc>$l10n_typeDesc_mower</typeDesc>
        <filename>johnDeere110_120_roundFender.i3d</filename>
        <sounds filename="sounds/johnDeere110_112_sounds.xml" volumeFactor="0.8"/>
        <size width="1.2" length="2" height="2" lengthOffset="-0.02"/>
        <speedLimit value="15" />
        <components>
            <component centerOfMass="0 0.4 0" solverIterationCount="30" mass="240" />
            <component centerOfMass="0 0 0" solverIterationCount="10" mass="77" />
            <joint component1="1" component2="2" node="johnDeere110_120_axle_componentRef" rotLimit="0 0 10" transLimit="0 0 0" maxRotDriveForce="0 0 0" rotDriveRotation="0 0 0" rotDriveSpring="0 0 0" rotDriveDamping="0 0 0" breakable="false"/>
        </components>
        <schemaOverlay attacherJointPosition="0 0" name="VEHICLE" />
        <mapHotspot type="TRACTOR" />
    </base>

    <designConfigurations title="$l10n_configuration_pinHitchBack">
        <designConfiguration name="$l10n_configuration_valueDefault" price="0">
                <objectChange node="pinHitch01" visibilityActive="false" />
                <objectChange node="pinHitch02" visibilityActive="false" />
        </designConfiguration>
        <designConfiguration name="$l10n_configuration_pinRound" price="20">
                <objectChange node="pinHitch01" visibilityActive="true" />
        </designConfiguration>
        <designConfiguration name="$l10n_configuration_pinLong" price="20">
                <objectChange node="pinHitch02" visibilityActive="true" />
        </designConfiguration>
    </designConfigurations>

    <wheels>
        <wheelConfigurations>
            <wheelConfiguration name="$l10n_configuration_valueDefault" price="0" brand="LIZARD" saveId="LIZARD_DEFAULT">
                <wheels autoRotateBackSpeed="2.2">
                    <wheel filename="wheels/wheelsFront_01.xml" isLeft="true" hasTireTracks="true" hasParticles="true">
                        <physics rotSpeed="2" restLoad="2.1" repr="axisFrontLeft"  driveNode="wheelFrontLeft"  forcePointRatio="0.2" initialCompression="25" suspTravel="0.05" spring="114" damper="30" yOffset="0.014"/>
						<steering node="supportSterringBarRotRef" nodeMinTransX="0.03" nodeMaxTransX="-0.03"/>
                    </wheel>
                    <wheel filename="wheels/wheelsFront_01.xml" isLeft="false" hasTireTracks="true" hasParticles="true">
                        <physics rotSpeed="2" restLoad="2.1" repr="axisFrontRight" driveNode="wheelFrontRight" forcePointRatio="0.2" initialCompression="25" suspTravel="0.05" spring="114" damper="30" yOffset="0.014"/>
                    </wheel>
                    <wheel filename="wheels/wheelsBack_01.xml" isLeft="true" hasTireTracks="true" hasParticles="true" >
                        <physics rotSpeed="-1" repr="wheelBackLeft"  forcePointRatio="0.2" initialCompression="25" suspTravel="0.06" spring="68" damper="30" yOffset="0.0185"/>
                    </wheel>
                    <wheel filename="wheels/wheelsBack_01.xml" isLeft="false" hasTireTracks="true" hasParticles="true">
                        <physics rotSpeed="-1" repr="wheelBackRight" forcePointRatio="0.2" initialCompression="25" suspTravel="0.06" spring="68" damper="30" yOffset="0.0185"/>
                    </wheel>
                </wheels>
            </wheelConfiguration>
            <wheelConfiguration name="$l10n_configuration_mowerTire" price="250" brand="LIZARD" saveId="LIZARD_MODEL1">
                <wheels baseConfig="LIZARD_DEFAULT">
                    <wheel filename="wheels/wheelsFront_02.xml"/> 
                    <wheel filename="wheels/wheelsFront_02.xml"/> 
                    <wheel filename="wheels/wheelsBack_01.xml"/> 
                    <wheel filename="wheels/wheelsBack_01.xml"/> 
                </wheels>
            </wheelConfiguration>
            <wheelConfiguration name="$l10n_configuration_mowerTire" price="250" brand="LIZARD" saveId="LIZARD_MODEL2">
                <wheels baseConfig="LIZARD_DEFAULT">
                    <wheel filename="wheels/wheelsFront_03.xml"/> 
                    <wheel filename="wheels/wheelsFront_03.xml"/> 
                    <wheel filename="wheels/wheelsBack_01.xml"/> 
                    <wheel filename="wheels/wheelsBack_01.xml"/> 
                </wheels>
            </wheelConfiguration>
            <wheelConfiguration name="$l10n_configuration_mowerTire" price="250" brand="LIZARD" saveId="LIZARD_MODEL3">
                <wheels baseConfig="LIZARD_DEFAULT">
                    <wheel filename="wheels/wheelsFront_01.xml"/> 
                    <wheel filename="wheels/wheelsFront_01.xml"/> 
                    <wheel filename="wheels/wheelsBack_02.xml"/> 
                    <wheel filename="wheels/wheelsBack_02.xml"/> 
                </wheels>
            </wheelConfiguration>
            <wheelConfiguration name="$l10n_configuration_mowerTire" price="250" brand="LIZARD" saveId="LIZARD_MODEL4">
                <wheels baseConfig="LIZARD_DEFAULT">
                    <wheel filename="wheels/wheelsFront_02.xml"/> 
                    <wheel filename="wheels/wheelsFront_02.xml"/> 
                    <wheel filename="wheels/wheelsBack_02.xml"/> 
                    <wheel filename="wheels/wheelsBack_02.xml"/> 
                </wheels>
            </wheelConfiguration>
            <wheelConfiguration name="$l10n_configuration_mowerTire" price="250" brand="LIZARD" saveId="LIZARD_MODEL5">
                <wheels baseConfig="LIZARD_DEFAULT">
                    <wheel filename="wheels/wheelsFront_03.xml"/> 
                    <wheel filename="wheels/wheelsFront_03.xml"/> 
                    <wheel filename="wheels/wheelsBack_02.xml"/> 
                    <wheel filename="wheels/wheelsBack_02.xml"/> 
                </wheels>
            </wheelConfiguration>
            <wheelConfiguration name="$l10n_configuration_bigTiresGraden" price="650" brand="LIZARD" saveId="LIZARD_MODEL6">
                <wheels baseConfig="LIZARD_DEFAULT">
                    <wheel filename="wheels/wheelsFront_01.xml"/> 
                    <wheel filename="wheels/wheelsFront_01.xml"/> 
                    <wheel filename="wheels/wheelsBack_03.xml"/> 
                    <wheel filename="wheels/wheelsBack_03.xml"/> 
                </wheels>
            </wheelConfiguration>
            <wheelConfiguration name="$l10n_configuration_bigTiresGraden" price="650" brand="LIZARD" saveId="LIZARD_MODEL7">
                <wheels baseConfig="LIZARD_DEFAULT">
                    <wheel filename="wheels/wheelsFront_02.xml"/> 
                    <wheel filename="wheels/wheelsFront_02.xml"/> 
                    <wheel filename="wheels/wheelsBack_03.xml"/> 
                    <wheel filename="wheels/wheelsBack_03.xml"/> 
                </wheels>
            </wheelConfiguration>
            <wheelConfiguration name="$l10n_configuration_bigTiresGraden" price="650" brand="LIZARD" saveId="LIZARD_MODEL8">
                <wheels baseConfig="LIZARD_DEFAULT">
                    <wheel filename="wheels/wheelsFront_03.xml"/> 
                    <wheel filename="wheels/wheelsFront_03.xml"/> 
                    <wheel filename="wheels/wheelsBack_03.xml"/> 
                    <wheel filename="wheels/wheelsBack_03.xml"/> 
                </wheels>
            </wheelConfiguration>
        </wheelConfigurations>

        <ackermannSteeringConfigurations>
            <ackermannSteering rotSpeed="30" rotMax="32" rotCenterWheel1="3" rotCenterWheel2="4" />
        </ackermannSteeringConfigurations>
    </wheels>

    <attacherJoints>
        <attacherJointConfigurations>
            <attacherJointConfiguration name="$l10n_configuration_valueDefault" price="0" >
				<attacherJoint node="trailerAttacherJointBack" jointType="trailerLow" lowerRotLimit="10 50 50" upperRotRotationOffset="0" allowsJointLimitMovement="false" comboTime="1">
                    <schema position="1 0" rotation="0" invertX="false" />
                </attacherJoint>
				<attacherJoint node="trailerAttacherJointBack" jointType="trailer" lowerRotLimit="10 50 50" upperRotRotationOffset="0" allowsJointLimitMovement="false" comboTime="1">
                    <schema position="1 0" rotation="0" invertX="false" />
                </attacherJoint>

				<attacherJoint node="attacherJointDeck" jointType="DECK" lowerRotLimit="0 0 0" lowerTransLimit="0 0 0" allowsJointLimitMovement="false" comboTime="1">
                    <distanceToGround lower="0.16" upper="0.8" />
                    <schema position="0.4 -0.5" rotation="0" invertX="true" />
                    <objectChange node="leverUpDown" visibilityActive="false" visibilityInactive="true" />
                </attacherJoint>
                     <objectChange node="backHydraulic" visibilityActive="false" visibilityInactive="true" />
            </attacherJointConfiguration>

            <attacherJointConfiguration name="$l10n_configuration_inputAttacher3Point" price="870" >
				<attacherJoint node="trailerAttacherJointBack" jointType="trailerLow" lowerRotLimit="10 50 50" upperRotRotationOffset="0" allowsJointLimitMovement="false" comboTime="1">
                    <schema position="1 0" rotation="0" invertX="false" />
                </attacherJoint>
				<attacherJoint node="trailerAttacherJointBack" jointType="trailer" lowerRotLimit="10 50 50" upperRotRotationOffset="0" allowsJointLimitMovement="false" comboTime="1">
                    <schema position="1 0" rotation="0" invertX="false" />
                </attacherJoint>

				<attacherJoint node="attacherJointDeck" jointType="DECK" lowerRotLimit="0 0 0" lowerTransLimit="0 0 0" allowsJointLimitMovement="false" comboTime="1">
                    <distanceToGround lower="0.16" upper="0.8" />
                    <schema position="0.4 -0.5" rotation="0" invertX="true" />
                    <objectChange node="leverUpDown" visibilityActive="false" visibilityInactive="true" />
                </attacherJoint>

                <attacherJoint node="attacherJointBack" lowerRotationOffset="0.55" upperRotationOffset="2.55" moveTime="2.5" comboTime="1">
                    <distanceToGround lower="0.315" upper="0.64" />
                    <rotationNode node="attacherJointBackRot" lowerRotation="-3.5 0 0" upperRotation="21 0 0" />
                    <rotationNode2 node="attacherJointBackRot2" />
                    <bottomArm rotationNode="attacherJointBackArmBottom" referenceNode="referencePointBackBottom" zScale="-1" startRotation="17 0 0" categoryRange="2"/>
                    <topArm baseNode="attacherJointBackArmTop" filename="upperLink/johnDeereUpperlink.xml" zScale="-1" toggleVisibility="true"/>
                    <schema position="1 0" rotation="0" invertX="false" />
                </attacherJoint>
            </attacherJointConfiguration>
        </attacherJointConfigurations>
    </attacherJoints>

    <licensePlates defaultPlacement="BOTH">
        <licensePlate node="licensePlateFront" position="FRONT" preferedType="SQUARISH" placementArea="0.08 0.29 0.08 0.29"/>
    </licensePlates>

    <enterable isTabbable="true" >
        <enterReferenceNode node="johnDeere110_112_main_component" />
        <exitPoint node="exitPoint" />
        <cameras count="2">
            <camera node="outdoorCamera1" rotatable="true" rotateNode="outdoorCameraTarget" limit="true" useWorldXZRotation="true" rotMinX="-1.4" rotMaxX="1" transMin="2.6" transMax="15" translation="0 0 3.5" rotation="-24 180 0" >
                <raycastNode node="cameraRaycastNode1"/>
                <raycastNode node="cameraRaycastNode2"/>
            </camera>
            <camera node="indoorCamera1" rotatable="true" limit="true" rotMinX="-1.1" rotMaxX="0.4" transMin="0" transMax="0" useMirror="true" isInside="true" positionSmoothingParameter="0" useOutdoorSounds="true" shadowFocusBox="shadowFocusBox"/>
        </cameras>
        <characterNode node="player_skin" cameraMinDistance="1.5" spineRotation="-90 0 90">
            <target ikChain="rightFoot" targetNode="player_rightFoot" />
            <target ikChain="leftFoot" targetNode="player_leftFoot"/>
            <target ikChain="rightArm" targetNode="rightArm" poseId="narrowFingers"/>
            <target ikChain="leftArm" targetNode="leftArm" />
        </characterNode>

        <characterTargetNodeModifier node="player_leftFoot" transitionTime="0.1" >
            <state node="playerLeftFootTargetClucth" referenceNode="clucthPedal" />
        </characterTargetNodeModifier>
    </enterable>

    <motorized>
        <consumerConfigurations>
            <consumerConfiguration>
                <consumer fillUnitIndex="1" usage="1.6" fillType="diesel" />  <!-- usage is per hour at max load and max rpm -->
            </consumerConfiguration>
            <consumerConfiguration>
                <consumer fillUnitIndex="1" usage="3.6" fillType="diesel" />  <!-- usage is per hour at max load and max rpm -->
            </consumerConfiguration>
        </consumerConfigurations>

        <differentialConfigurations>
            <differentialConfiguration>
                <differentials>
                    <differential torqueRatio="0.5" maxSpeedRatio="1.4" wheelIndex1="3" wheelIndex2="4" /> <!-- back left-right -->
                </differentials>
            </differentialConfiguration>
        </differentialConfigurations>

        <motorConfigurations>
            <motorConfiguration name="110" hp="8" price="0">
                <motor torqueScale="0.0365" minRpm="850" maxRpm="2200" maxForwardSpeed="15" maxBackwardSpeed="6" brakeForce="1" lowBrakeForceScale="0.05" dampingRateScale="0.03">
                    <torque normRpm="0.45" torque="0.9"/>
                    <torque normRpm="0.5" torque="0.97"/>
                    <torque normRpm="0.59" torque="1"/>
                    <torque normRpm="0.72" torque="1"/>
                    <torque normRpm="0.86" torque="0.88"/>
                    <torque normRpm="1" torque="0.72"/>
                </motor>

                <objectChange node="110_decal" visibilityActive="true" visibilityInactive="false"/>

                <transmission autoGearChangeTime="1" gearChangeTime="0.2" name="$l10n_info_transmission_manual" axleRatio="1" startGearThreshold="0.5">
                    <directionChange useGear="true"/>
                    <forwardGear maxSpeed="5.5"  name="1"/>
                    <forwardGear maxSpeed="9.5" name="2"/>
                    <forwardGear maxSpeed="11.9" name="3"/>
                    <forwardGear maxSpeed="15.9" name="4"/>
					<backwardGear maxSpeed="10.0" name="R"/>
                </transmission>
            </motorConfiguration>
            <motorConfiguration name="112" hp="12" price="450" consumerConfigurationIndex="2">
                <motor torqueScale="0.0545" dampingRateScale="0.05"/>
                <objectChange node="112_decal" visibilityActive="true" visibilityInactive="false"/>
            </motorConfiguration>
            <!-- ========== ADDED OPTION ================= -->
            <motorConfiguration name="112 Xtreme" hp="40" price="0" consumerConfigurationIndex="2" >
                <motor torqueScale="2.00" minRpm="850" maxRpm="2500" maxForwardSpeed="91" maxBackwardSpeed="6" brakeForce="3" lowBrakeForceScale="0.05" dampingRateScale="0.03">
                    <torque normRpm="0.45" torque="0.9"/>
                    <torque normRpm="0.5" torque="1.5"/>
                    <torque normRpm="0.75" torque="2.0"/>
                    <torque normRpm="0.80" torque="2.0"/>
                    <torque normRpm="1.5" torque="1.5"/>
                    <torque normRpm="1" torque="0.72"/>
                </motor>
                <transmission autoGearChangeTime="1" gearChangeTime="0.2" name="$l10n_info_transmission_manual" axleRatio="1" startGearThreshold="0.5">
                    <directionChange useGear="true"/>
                    <forwardGear maxSpeed="5.5"  name="1"/>
                    <forwardGear maxSpeed="10.5" name="2"/>
                    <forwardGear maxSpeed="20" name="3"/>
                    <forwardGear maxSpeed="30" name="4"/>
                    <forwardGear maxSpeed="91" name="5"/>
					<backwardGear maxSpeed="10.0" name="R"/>
                </transmission>
                <objectChange node="112_decal" visibilityActive="true" visibilityInactive="false"/>
            </motorConfiguration>
            <!-- ========== ADDED OPTION ================= -->
        </motorConfigurations>

        <gearLevers>
            <gearLever node="leverGear" centerAxis="3" changeTime="0.2" handsOnDelay="0.2">
                <state gear="-1" xRot="-9" zRot="-15"/>
                <state gear="0" xRot="0" zRot="0"/>
                <state gear="1" xRot="-9" zRot="27"/>
                <state gear="2" xRot="-9" zRot="15"/>
                <state gear="3" xRot="9" zRot="10"/>
                <state gear="4" xRot="9" zRot="-10"/>
            </gearLever>
        </gearLevers>

        <exhaustEffects>
            <exhaustEffect node="exhaustParticle" filename="$data/effects/exhaust/exhaust.i3d" minRpmColor="0.01 0.01 0.01 5" maxRpmColor="0.05 0.05 0.05 0.1" minRpmScale="0.01" maxRpmScale="0.15"/>
        </exhaustEffects>

        <motorStartDuration>6100</motorStartDuration>

	    <animationNodes>	
			<animationNode node="pulley01" rotSpeed="1200" rotAxis="1" turnOnFadeTime="2" turnOffFadeTime="1"/>
			<animationNode node="pulley02" rotSpeed="1200" rotAxis="1" turnOnFadeTime="2" turnOffFadeTime="1"/>
			<animationNode node="pulley03" rotSpeed="1200" rotAxis="1" turnOnFadeTime="2" turnOffFadeTime="1"/>
			<animationNode node="pulley04" rotSpeed="1200" rotAxis="1" turnOnFadeTime="2" turnOffFadeTime="1"/>
			<animationNode node="pulley05" rotSpeed="1200" rotAxis="1" turnOnFadeTime="2" turnOffFadeTime="1"/>
			<animationNode node="pulley06" rotSpeed="1200" rotAxis="1" turnOnFadeTime="2" turnOffFadeTime="1"/>
            <animationNode node="belt_engine"      rotSpeed="-800" rotAxis="1" turnOnFadeTime="2" turnOffFadeTime="1" shaderComponentScale="0 1 0 0" shaderParameterName="offsetUV" />
            <animationNode node="belt_moving"      rotSpeed="-800" rotAxis="1" turnOnFadeTime="2" turnOffFadeTime="1" shaderComponentScale="0 1 0 0" shaderParameterName="offsetUV" />
        </animationNodes>

        <dashboards>
            <dashboard displayType="ANIMATION" valueType="rpm" animName="accelerator" minValueAnim="500" maxValueAnim="2300"  groups="MOTOR_ACTIVE"/>
            <dashboard displayType="ROT" valueType="clutchPedal" node="clucthPedal" minRot="0" maxRot="15" rotAxis="1" doInterpolation="true" groups="MOTOR_ACTIVE"/>
            <dashboard displayType="MULTI_STATE" valueType="ignitionState" node="key" doInterpolation="true" groups="MOTOR_ACTIVE">
                <state value="0" rotation="0 0 0"/>
                <state value="1" rotation="0 0 90"/>
                <state value="2" rotation="0 0 45"/>
            </dashboard>
        </dashboards>
    </motorized>

    <drivable>
        <steeringWheel node="steeringWheel" indoorRotation="540" outdoorRotation="30" />
    </drivable>

    <animations>
        <animation name="accelerator">
            <part node="gasHand" startTime="0" endTime="1" startRot="0 0 0" endRot="52 0 0" />
        </animation>
    </animations>

    <cylindered>
        <movingParts>
            <movingPart node="supportSterringBarRot" referencePoint="supportSterringBarRotRef" referenceFrame="supportSterringBarRotRef" isActiveDirty="true" scaleZ="false" maxUpdateDistance="-"/>
            <movingPart node="sterringBar_center" referencePoint="sterringBar_centerRef" referenceFrame="sterringBar_centerRef" isActiveDirty="true" scaleZ="true" maxUpdateDistance="-"/>
            <movingPart node="sterringBar_left" referencePoint="sterringBar_leftRef" referenceFrame="sterringBar_leftRef" isActiveDirty="true" scaleZ="true" maxUpdateDistance="-"/>
            <movingPart node="sterringBar_right" referencePoint="sterringBar_rightRef" referenceFrame="sterringBar_rightRef" isActiveDirty="true" scaleZ="true" maxUpdateDistance="-"/>

            <movingPart node="clucthPedal_support" referencePoint="clucthPedal_supportRef" referenceFrame="clucthPedal_supportRef" isActiveDirty="true" scaleZ="true" maxUpdateDistance="-"/>

            <movingPart node="mainArm" localReferencePoint="mainArmReferenceArm" referencePoint="mainArmReferenceArmRef" referenceFrame="mainArmRefFrame" isActiveDirty="true" maxUpdateDistance="150">
                <dependentPart node="mainArmReferenceArm" />
            </movingPart>
            <movingPart node="mainArmReferenceArm" referencePoint="mainArmReferenceArmRef" referenceFrame="mainArmReferenceArmRef" scaleZ="true"/>
        </movingParts>
    </cylindered>

    <fillUnit>
        <fillUnitConfigurations>
            <fillUnitConfiguration>
                <fillUnits>
                    <fillUnit unitTextOverride="$l10n_unit_literShort" showOnHud="false" showInShop="false" fillTypes="diesel" capacity="5">
                        <exactFillRootNode node="exactFillRootNodeFuel"/>
                    </fillUnit>
                </fillUnits>
            </fillUnitConfiguration>
        </fillUnitConfigurations>
    </fillUnit>

    <dashboard>
        <groups>
            <group name="MOTOR_STARTING" isMotorStarting="true"/>
            <group name="MOTOR_ACTIVE"   isMotorStarting="true" isMotorRunning="true"/>
        </groups>
    </dashboard>

    <suspensions>
        <suspension node="player_rot" weight="250" minRotation="-10 0 -5" maxRotation="10 0 10" suspensionParametersX="20 4" suspensionParametersY="5 1" suspensionParametersZ="20 4"/>
        <suspension useCharacterTorso="true" weight="60" minRotation="0 -5 -5" maxRotation="0 5 5" suspensionParametersY="7 1" suspensionParametersZ="7 1"/>
    </suspensions>

    <ai>
        <agent width="1.2" length="2" height="2" lengthOffset="0.5" frontOffset="-0.05" />
        <collisionTrigger node="aiCollisionNode" width="1.2" length="2.3" height="2.4" />
    </ai>

    <tensionBeltObject>
        <meshNodes>
            <meshNode node="tensionObject_01"/>
            <meshNode node="tensionObject_02"/>
            <meshNode node="tensionObject_03"/>
            <meshNode node="tensionObject_04"/>
        </meshNodes>
    </tensionBeltObject>

    <foliageBending>
        <bendingNode minX="-0.5" maxX="0.5" minZ="-0.9" maxZ="0.8" yOffset="0.05"/>
    </foliageBending>

    <wearable wearDuration="480" workMultiplier="5" fieldMultiplier="2"/>
    <washable dirtDuration="90" washDuration="1" workMultiplier="4" fieldMultiplier="2"/>

    <!-- ========== Added Options =========== -->
    <baseColorConfigurations title="Main Body Color" useDefaultColors="true" price="0">
        <baseColorConfiguration name="Red 2" materialTemplateName="SHARED_RED1"  />
		<baseColorConfiguration name="Matte Black" materialTemplateName="DEUTZ_BLACK2" />
		<baseColorConfiguration name="Matte Black 2" materialTemplateName="VALTRA_BLACK1" />
		<baseColorConfiguration name="Graphite Black" materialTemplateName="metalPaintedGraphiteBlack" />
		<baseColorConfiguration name="Matte Silver" materialTemplateName="VALTRA_GREY2" />
		<baseColorConfiguration name="Matte Green" materialTemplateName="DEUTZ_MATTGREEN" />
        <baseColorConfiguration materialTemplateName="JOHNDEERE_GREEN1" isDefault="true"/>
        <material materialSlotName="johnDeere_green_mainbody" />
        <material materialSlotName="johnDeere_green_mainbodyB" />
        <material materialSlotName="johnDeere_yellow_frontbumper" />
        <material materialSlotName="johnDeere_clutchpedal" />
        <material materialSlotName="johnDeere_leverUpDown" />
        <material materialSlotName="grid_front" />
        <material materialSlotName="rivets_mat" />
        <material materialSlotName="johnDeere_axisFrontLeft" />
        <material materialSlotName="johnDeere_axisFrontRight" />
        <material materialSlotName="johnDeere_wheelLeft" />
        <material materialSlotName="johnDeere_frontaxle" />
        <material materialSlotName="johnDeere_advanceLever" />
        <material materialSlotName="johnDeere_pulley04" />
        <material materialSlotName="johnDeere_sterringBar_right" />
        <material materialSlotName="johnDeere_sterringBar_left" />
        <material materialSlotName="johnDeere_mainArm" />
        <material materialSlotName="pinHitch_mat" />
    </baseColorConfigurations>

    <designColorConfigurations title="Seat" useDefaultColors="false" price="0" >
        <designColorConfiguration name="Brown Leather" materialTemplateName="leather1Brown"/>
		<designColorConfiguration name="Brown Leather 2" materialTemplateName="leather2Brown" />
		<designColorConfiguration name="Graphite Black" materialTemplateName="metalPaintedGraphiteBlack" />
		<designColorConfiguration materialTemplateName="JOHNDEERE_YELLOW1" isDefault="true" />
        <material materialSlotName="johnDeere_green_seat" />
    </designColorConfigurations>

    <designColor2Configurations title="Rim Color" useDefaultColors="true" price="0" >
		<designColor2Configuration materialTemplateName="MASSEYFERGUSON_DARK_GREY" />
		<designColor2Configuration name="Matte Black" materialTemplateName="DEUTZ_BLACK2" />
        <designColor2Configuration name="Matte Black 2" materialTemplateName="VALTRA_BLACK1" />
		<designColor2Configuration name="Matte Silver" materialTemplateName="VALTRA_GREY2" />
		<designColor2Configuration name="Graphite Black" materialTemplateName="metalPaintedGraphiteBlack" />
		<designColor2Configuration name="Chrome" materialTemplateName="RIM_CONFIGURATION_CHROME" />
		<designColor2Configuration materialTemplateName="JOHNDEERE_YELLOW1" isDefault="true" />
        <material materialSlotName="johnDeere_frontrim" />
        <material materialSlotName="johnDeere_backrim" />
        <material materialSlotName="johnDeere_innerrim" />
        <material materialSlotName="johnDeere_green_innerRimR" />
        <material materialSlotName="johnDeere_green_innerRimL" />
    </designColor2Configurations>
    <!-- ========== Added Options =========== -->

<i3dMappings>
  <i3dMapping id="johnDeere110_112_main_component" node="0>" />
  <i3dMapping id="johnDeere110_120_vis" node="0>0" />
  <i3dMapping id="wheels" node="0>0|0" />
  <i3dMapping id="johnDeere110_120_axle_componentRef" node="0>0|0|0" />
  <i3dMapping id="wheelBackLeft" node="0>0|0|1" />
  <i3dMapping id="wheelLeftRot" node="0>0|0|1|0" />
  <i3dMapping id="wheelBackRight" node="0>0|0|2" />
  <i3dMapping id="wheelRightRot" node="0>0|0|2|0" />
  <i3dMapping id="attacherJoints" node="0>0|1" />
  <i3dMapping id="trailerAttacherJointBack" node="0>0|1|0" />
  <i3dMapping id="backHydraulic" node="0>0|1|1" />
  <i3dMapping id="attacherJointBackRot" node="0>0|1|1|0" />
  <i3dMapping id="attacherJointBackRot2" node="0>0|1|1|0|0" />
  <i3dMapping id="attacherJointBack" node="0>0|1|1|0|0|0" />
  <i3dMapping id="attacherJointBackArmBottom" node="0>0|1|1|1" />
  <i3dMapping id="lowerLink" node="0>0|1|1|1|0" />
  <i3dMapping id="referencePointBackBottom" node="0>0|1|1|1|0|0" />
  <i3dMapping id="mainArmReferenceArmRef" node="0>0|1|1|1|0|1" />
  <i3dMapping id="mainArmRefFrame" node="0>0|1|1|2" />
  <i3dMapping id="mainArm" node="0>0|1|1|2|0" />
  <i3dMapping id="mainArmReferenceArm" node="0>0|1|1|2|0|0" />
  <i3dMapping id="attacherJointBackArmTop" node="0>0|1|1|2|0|0|0" />
  <i3dMapping id="attacherJointDeck" node="0>0|1|2" />
  <i3dMapping id="cameras" node="0>0|2" />
  <i3dMapping id="outdoorCameraTarget" node="0>0|2|0" />
  <i3dMapping id="outdoorCamera1" node="0>0|2|0|0" />
  <i3dMapping id="indoorCamera1" node="0>0|2|1" />
  <i3dMapping id="cameraRaycastNode1" node="0>0|2|2" />
  <i3dMapping id="cameraRaycastNode2" node="0>0|2|3" />
  <i3dMapping id="cameraRaycastNode3" node="0>0|2|4" />
  <i3dMapping id="shadowFocusBox" node="0>0|2|5" />
  <i3dMapping id="cabin" node="0>0|3" />
  <i3dMapping id="dashBoard_indoor" node="0>0|3|0" />
  <i3dMapping id="leversDashBoard" node="0>0|3|0|0" />
  <i3dMapping id="gasHand" node="0>0|3|0|0|0" />
  <i3dMapping id="choke" node="0>0|3|0|0|1" />
  <i3dMapping id="keyRot" node="0>0|3|0|1" />
  <i3dMapping id="key" node="0>0|3|0|1|0" />
  <i3dMapping id="leverGearRot" node="0>0|3|0|2" />
  <i3dMapping id="leverGear" node="0>0|3|0|2|0" />
  <i3dMapping id="rightArm_gearLever" node="0>0|3|0|2|0|0" />
  <i3dMapping id="advanceLever" node="0>0|3|0|3" />
  <i3dMapping id="pedals" node="0>0|3|1" />
  <i3dMapping id="clucthPedalRot" node="0>0|3|1|0" />
  <i3dMapping id="clucthPedal" node="0>0|3|1|0|0" />
  <i3dMapping id="playerLeftFootTargetClucth" node="0>0|3|1|0|0|0" />
  <i3dMapping id="clucthPedal_support" node="0>0|3|1|0|0|1" />
  <i3dMapping id="steeringWheelRot" node="0>0|3|2" />
  <i3dMapping id="steeringWheel" node="0>0|3|2|0" />
  <i3dMapping id="leftArm" node="0>0|3|2|0|0" />
  <i3dMapping id="rightArm" node="0>0|3|2|0|1" />
  <i3dMapping id="decal_steeringWheel" node="0>0|3|2|0|2" />
  <i3dMapping id="sterringBar_center" node="0>0|3|2|0|3" />
  <i3dMapping id="exitPoint" node="0>0|4" />
  <i3dMapping id="exhaustParticle" node="0>0|5" />
  <i3dMapping id="playerRoot" node="0>0|6" />
  <i3dMapping id="player_rot" node="0>0|6|0" />
  <i3dMapping id="player_skin" node="0>0|6|0|0" />
  <i3dMapping id="player_rightFoot" node="0>0|6|1" />
  <i3dMapping id="player_leftFoot" node="0>0|6|2" />
  <i3dMapping id="movingParts" node="0>0|7" />
  <i3dMapping id="pulleys" node="0>0|7|0" />
  <i3dMapping id="pulley01" node="0>0|7|0|0" />
  <i3dMapping id="pulley02" node="0>0|7|0|1" />
  <i3dMapping id="pulley03" node="0>0|7|0|2" />
  <i3dMapping id="pulley04" node="0>0|7|0|3" />
  <i3dMapping id="pulley05" node="0>0|7|0|4" />
  <i3dMapping id="grid_pulley" node="0>0|7|0|4|0" />
  <i3dMapping id="pulley06" node="0>0|7|0|5" />
  <i3dMapping id="belts" node="0>0|7|1" />
  <i3dMapping id="belt_engine" node="0>0|7|1|0" />
  <i3dMapping id="belt_moving" node="0>0|7|1|1" />
  <i3dMapping id="supportSterringBarTrans" node="0>0|7|2" />
  <i3dMapping id="supportSterringBarRotRef" node="0>0|7|2|0" />
  <i3dMapping id="supportSterringBarRot" node="0>0|7|3" />
  <i3dMapping id="sterringBar_centerRef" node="0>0|7|3|0" />
  <i3dMapping id="sterringBar_leftRef" node="0>0|7|3|1" />
  <i3dMapping id="sterringBar_rightRef" node="0>0|7|3|2" />
  <i3dMapping id="clucthPedal_supportRef" node="0>0|7|4" />
  <i3dMapping id="configurations" node="0>0|8" />
  <i3dMapping id="engineDecals" node="0>0|8|0" />
  <i3dMapping id="110_decal" node="0>0|8|0|0" />
  <i3dMapping id="112_decal" node="0>0|8|0|1" />
  <i3dMapping id="pinHitchConfigurations" node="0>0|8|1" />
  <i3dMapping id="pinHitch01" node="0>0|8|1|0" />
  <i3dMapping id="pinHitch02" node="0>0|8|1|1" />
  <i3dMapping id="visuals" node="0>0|9" />
  <i3dMapping id="hoseFuel_vis" node="0>0|9|0" />
  <i3dMapping id="johnDeere110_112_decals" node="0>0|9|1" />
  <i3dMapping id="front_decal" node="0>0|9|2" />
  <i3dMapping id="window_fuel_vis" node="0>0|9|3" />
  <i3dMapping id="rivets_vis" node="0>0|9|4" />
  <i3dMapping id="deckSupportFront" node="0>0|9|5" />
  <i3dMapping id="leverUpDown" node="0>0|9|6" />
  <i3dMapping id="grid_front" node="0>0|9|7" />
  <i3dMapping id="parts_vis" node="0>0|9|8" />
  <i3dMapping id="aiCollisionNode" node="0>0|10" />
  <i3dMapping id="tensionObject" node="0>0|11" />
  <i3dMapping id="tensionObject_01" node="0>0|11|0" />
  <i3dMapping id="tensionObject_02" node="0>0|11|1" />
  <i3dMapping id="tensionObject_03" node="0>0|11|2" />
  <i3dMapping id="tensionObject_04" node="0>0|11|3" />
  <i3dMapping id="exactFillRootNodeFuel" node="0>0|12" />
  <i3dMapping id="licensePlateFront" node="0>0|13" />
  <i3dMapping id="johnDeere110_112_axle_component" node="1>" />
  <i3dMapping id="johnDeere110_120_axis_vis" node="1>0" />
  <i3dMapping id="wheels_axis" node="1>0|0" />
  <i3dMapping id="axisFrontLeftRef" node="1>0|0|0" />
  <i3dMapping id="axisFrontLeft" node="1>0|0|0|0" />
  <i3dMapping id="wheelFrontLeftRef" node="1>0|0|0|0|0" />
  <i3dMapping id="wheelFrontLeft" node="1>0|0|0|0|0|0" />
  <i3dMapping id="sterringBar_left" node="1>0|0|0|0|1" />
  <i3dMapping id="axisFrontRightRef" node="1>0|0|1" />
  <i3dMapping id="axisFrontRight" node="1>0|0|1|0" />
  <i3dMapping id="wheelFrontRightRef" node="1>0|0|1|0|0" />
  <i3dMapping id="wheelFrontRight" node="1>0|0|1|0|0|0" />
  <i3dMapping id="sterringBar_right" node="1>0|0|1|0|1" />
</i3dMappings>

</vehicle>
