﻿<?xml version="1.0" encoding="utf-8" standalone="no" ?>
<modDesc descVersion="93">
    <author>SleutjesModding, Jeffro Mods Edit</author>
    <version>1.0.0.0</version>

    <title>
        <en>John Deere 110/112 Round Fender - Custom </en>
    </title>

    <description>
        <en>
            <![CDATA[The “10” in the John Deere 110 model name did not refer to the tractor's horsepower, but was in line with the New Generation tractor models. The first garden tractor produced by John Deere was the John Deere 110 "lawn/garden" tractor.

Settings:
- Wheels
- Third point hitch
- Variation of 110 engine with 8hp and 112 engine with 12hp

Price: 1480 $

It also has a cutting deck.

Price: 590 $

Have a good game]]>
        </en>
        <de>
            <![CDATA[Die "10" in der Modellbezeichnung John Deere 110 bezog sich nicht auf die Leistung des Traktors, sondern entsprach den Traktormodellen der neuen Generation. Der erste von John Deere hergestellte Gartentraktor war der John Deere 110 "Rasen-/Gartentraktor".

Einstellungen:
- Räder
- Dritte Punktanhängung
- Variation des 110er-Motors mit 8 PS und des 112er-Motors mit 12 PS

Preis: 1480 €

Es verfügt auch über ein Mähdeck.

Preis: 590 €

Sich amüsieren]]>
        </de>
        <fr>
            <![CDATA[Le « 10 » dans le nom du modèle John Deere 110 ne faisait pas référence à la puissance du tracteur, mais correspondait aux modèles de tracteurs de nouvelle génération. Le premier tracteur de jardin produit par John Deere était le tracteur « pelouse/jardin » John Deere 110.

Paramètres:
- Roues
- Attelage troisième point
- Variation du moteur 110 de 8 ch et du moteur 112 de 12 ch

Prix ​​: 1480 €

Il dispose également d'un plateau de coupe.

Prix ​​: 590 €

Amusez-vous bien]]>
        </fr>
        <br>
            <![CDATA[O “10” no nome do modelo John Deere 110 não se referia à potência do trator, mas estava alinhado com os modelos de tratores da Nova Geração. O primeiro trator de jardim produzido pela John Deere foi o trator John Deere 110 para "gramado/jardim".

Configurações:
- Rodas
- Engate terceiro ponto
- Variação de motor 110 com 8hp e motor 112 com 12hp

Preço: 1480 $

Conta também com o deck de corte.

Preço: 590 $

Divirta-se]]>
        </br>
    </description>

	<vehicleTypes>
		<type name="deckJD" parent="mower" className="Vehicle" filename="$dataS/scripts/vehicles/Vehicle.lua">
			<specialization name="mulcher" />
		</type>
	</vehicleTypes>
	
	<jointTypes>
		<jointType name="DECK"/>
    </jointTypes>

    <iconFilename>icon_johnDeere110_120_roundFender.png</iconFilename>
    <multiplayer supported="true" />

    <storeItems>
        <storeItem xmlFilename="johnDeere110_120_roundFender.xml"/>
        <storeItem xmlFilename="johnDeere110_120_deck.xml"/>
    </storeItems>
	
	<l10n>
		<text name="configuration_mowerTire"><br>Pneus para jardim</br><en>Garden tires</en><de>Gartenreifen</de><fr>Pneus de jardin</fr></text>
		<text name="configuration_bigTiresGraden"><br>Pneus largos</br><en>Wide tires</en><de>Breite Reifen</de><fr>Pneus larges</fr></text>
		<text name="configuration_pinHitchBack"><br>Pinos no engate traseiro</br><en>Pins on rear hitch</en><de>Stifte an der hinteren Anhängerkupplung</de><fr>Goupilles sur l'attelage arrière</fr></text>
		<text name="configuration_pinRound"><br>Pino redondo</br><en>Round pin</en><de>Runder Stift</de><fr>Épingle ronde</fr></text>
		<text name="configuration_pinLong"><br>Pino comprido</br><en>Long pin</en><de>Langer Stift</de><fr>Longue épingle</fr></text>

		<text name="action_workMode_mowit"><br>Cortar a grama</br><en>Cut the grass</en><de>Gras mähen</de><fr>Couper l'herbe</fr></text>
		<text name="action_workMode_bagit"><br>Recolher a grama</br><en>Collect the grass</en><de>Sammle das Gras</de><fr>Ramassez l'herbe</fr></text>
		<text name="action_workMode_mulchit"><br>Picar a grama</br><en>Chop the grass</en><de>Hacken Sie das Gras</de><fr>Couper l'herbe</fr></text>
	</l10n>	
</modDesc>
