﻿<?xml version="1.0" encoding="utf-8" standalone="no" ?>
<vehicle type="cutter" xmlns:xsi="http://www.w3.org/2001/XMLSchema-instance" xsi:noNamespaceSchemaLocation="https://validation.gdn.giants-software.com/xml/fs25/vehicle.xsd">
    <annotation>Copyright (C) GIANTS Software GmbH, All Rights Reserved.</annotation>

    <parentFile xmlFilename="vehicles/fendt/powerFlow30FT/powerFlow30FT.xml">
        <attributes>
            <set path="vehicle.storeData.brand" value="MASSEYFERGUSON"/>
            <set path="vehicle.storeData.name" value="PowerFlow 30FT"/>
            <set path="vehicle.storeData.image" value="vehicles/masseyFerguson/powerFlow30FT/store_powerFlow30FT.png"/>

            <set path="vehicle.storeData.specs.combination(0)#xmlFilename" value="vehicles/masseyFerguson/ideal/ideal.xml"/>

            <set path="vehicle.designConfigurations.designConfiguration(0)#isSelectable" value="false"/>
            <set path="vehicle.designConfigurations.designConfiguration(1)#isSelectable" value="true"/>
         </attributes>
    </parentFile>

    <!-- ONLY FOR ICON GENERATION -->
    <storeData>
        <name>PowerFlow 30FT</name>
        <image>vehicles/masseyFerguson/powerFlow30FT/store_powerFlow30FT.png</image>
        <brand>MASSEYFERGUSON</brand>
        <category>cutters</category>
        <vertexBufferMemoryUsage>0</vertexBufferMemoryUsage>
        <indexBufferMemoryUsage>0</indexBufferMemoryUsage>
        <textureMemoryUsage>0</textureMemoryUsage>
        <audioMemoryUsage>0</audioMemoryUsage>
        <instanceVertexBufferMemoryUsage>0</instanceVertexBufferMemoryUsage>
        <instanceIndexBufferMemoryUsage>0</instanceIndexBufferMemoryUsage>
    </storeData>
</vehicle>
