﻿<?xml version="1.0" encoding="utf-8" standalone="no" ?>
<vehicle type="combineDrivable" xmlns:xsi="http://www.w3.org/2001/XMLSchema-instance" xsi:noNamespaceSchemaLocation="https://validation.gdn.giants-software.com/xml/fs25/vehicle.xsd">
    <annotation>Copyright (C) GIANTS Software GmbH, All Rights Reserved.</annotation>

    <parentFile xmlFilename="vehicles/fendt/ideal/ideal.xml">
        <attributes>
            <set path="vehicle.storeData.brand" value="MASSEYFERGUSON"/>
            <set path="vehicle.storeData.name" value="IDEAL"/>
            <set path="vehicle.storeData.image" value="vehicles/masseyFerguson/ideal/store_ideal.png"/>

            <set path="vehicle.storeData.specs.combination(0)#xmlFilename" value="vehicles/masseyFerguson/powerFlow30FT/powerFlow30FT.xml"/>
            <set path="vehicle.storeData.specs.combination(1)#xmlFilename" value="vehicles/masseyFerguson/powerFlow/powerFlow.xml"/>
            <set path="vehicle.storeData.specs.combination(2)#xmlFilename" value="vehicles/masseyFerguson/dynaFlex9255/dynaFlex9255.xml"/>

            <set path="vehicle.designConfigurations.designConfiguration(0)#isSelectable" value="false"/>
            <set path="vehicle.designConfigurations.designConfiguration(1)#isSelectable" value="true"/>

            <set path="vehicle.configurationSets.configurationSet(0)#name" value="MF IDEAL 7T"/>
            <set path="vehicle.configurationSets.configurationSet(1)#name" value="MF IDEAL 8T"/>
            <set path="vehicle.configurationSets.configurationSet(2)#name" value="MF IDEAL 9T"/>
            <set path="vehicle.configurationSets.configurationSet(2)#name" value="MF IDEAL 10T"/>

            <set path="vehicle.design2Configurations.design2Configuration(1)#isSelectable" value="false"/>

            <set path="vehicle.motorized.motorConfigurations.motorConfiguration(3)#hp" value="647"/>

            <remove path="vehicle.configurationSets.configurationSet(3)" />
         </attributes>
    </parentFile>

    <!-- ONLY FOR ICON GENERATION -->
    <storeData>
        <name>IDEAL</name>
        <image>vehicles/masseyFerguson/ideal/store_ideal.png</image>
        <brand>MASSEYFERGUSON</brand>
        <category>harvesters</category>
        <vertexBufferMemoryUsage>0</vertexBufferMemoryUsage>
        <indexBufferMemoryUsage>0</indexBufferMemoryUsage>
        <textureMemoryUsage>0</textureMemoryUsage>
        <audioMemoryUsage>0</audioMemoryUsage>
        <instanceVertexBufferMemoryUsage>0</instanceVertexBufferMemoryUsage>
        <instanceIndexBufferMemoryUsage>0</instanceIndexBufferMemoryUsage>
    </storeData>
</vehicle>
