<?xml version="1.0" encoding="utf-8" standalone="no" ?>
<crawler xmlns:xsi="http://www.w3.org/2001/XMLSchema-instance" xsi:noNamespaceSchemaLocation="../../../../../shared/xml/schema/crawler.xsd">
    <file name="$data/shared/crawlers/claas/xerion12Crawler/xerion12Crawler.i3d" leftNode="0|0" rightNode="0|1"/>

    <scrollerNodes>
        <scrollerNode node="0" scrollSpeed="-0.15698" scrollLength="1" shaderParameterName="scrollPos" shaderParameterComponent="1"/>
    </scrollerNodes>

    <rotatingParts>
        <rotatingPart node="1" radius="0.535" />
        <rotatingPart node="2" radius="0.35" />
        <rotatingPart node="3" radius="0.35" />
        <rotatingPart node="4" radius="0.179" />
        <rotatingPart node="5" radius="0.179" />
    </rotatingParts>
</crawler>
