﻿<?xml version="1.0" encoding="utf-8" standalone="no"?>
<modDesc descVersion="92" xmlns:xsi="http://www.w3.org/2001/XMLSchema-instance" xsi:noNamespaceSchemaLocation="https://validation.gdn.giants-software.com/xml/fs25/modDesc.xsd">
    <author>Giants, Jeffro Mods</author>
    <version>1.0.0.0</version>
    <title>
        <en>Case FD250 Custom</en>
    </title>
    <description>
<en><![CDATA[
- Added several color configurations
- If choose Case IH (default), $15k is taken off.
- Speed increase to 18mph
]]></en>

    </description>
    <iconFilename>store_fd250.dds</iconFilename>
    <multiplayer supported="true"/>
    <storeItems>
        <storeItem xmlFilename="fd250.xml"/>
    </storeItems>
</modDesc>