﻿<?xml version="1.0" encoding="utf-8" standalone="no"?>
<modDesc descVersion="92" xmlns:xsi="http://www.w3.org/2001/XMLSchema-instance" xsi:noNamespaceSchemaLocation="https://validation.gdn.giants-software.com/xml/fs25/modDesc.xsd">
    <author>Giants, Jeffro Mods</author>
    <version>1.0.0.0</version>
    <title>
        <en>Wireless Washer</en>
    </title>
    <description>
<en><![CDATA[
Wireless presser washer. 
It is used like other handtools (chainsaw, flashlight). Press 1,2 to use. 
Price: $1
]]></en>

    </description>
    <iconFilename>store_wirelesswasher.dds</iconFilename>
    <multiplayer supported="true"/>
    <storeItems>
        <storeItem xmlFilename="wirelesswasher.xml"/>
    </storeItems>
    <l10n>
        <text name="wirelesswasher_title">
            <en>Wireless High Pressure Washer</en>
        </text>
		<text name="function_wirelesswasher_lance">
            <en>Hoseless/wireless pressure washer. Have fun playing FS25! -JM</en>
        </text>
	</l10n>
</modDesc>